free_pattern_chain, basic@00102630, basic@00102636
free_pattern_chain, basic@0010265e, basic@00102636
free_pattern_chain, basic@00102636, basic@0010266b
free_pattern_chain, basic@00102636, basic@0010263b
free_pattern_chain, basic@0010263b, basic@00102647
free_pattern_chain, basic@0010263b, basic@0010264c
free_pattern_chain, basic@00102647, basic@0010264c
free_pattern_chain, basic@0010264c, basic@00102655
free_pattern_chain, basic@0010264c, basic@0010265e
free_pattern_chain, basic@00102655, basic@0010265e
compile_pattern, basic@0010266f, basic@001026a7
compile_pattern, basic@001026a7, basic@001026a7
compile_pattern, basic@001026a7, basic@001026a7
compile_pattern, basic@001026a7, basic@001026a9
compile_pattern, basic@001026a7, basic@001026a9
compile_pattern, basic@001026a9, basic@001026c0
compile_pattern, basic@001026c0, basic@001026d0
compile_pattern, basic@001026d0, basic@001026f5
compile_pattern, basic@001026f5, basic@00102716
compile_pattern, basic@001026c0, basic@00102723
compile_pattern, basic@001026d0, basic@00102723
compile_pattern, basic@00102716, basic@00102723
compile_pattern, basic@00102723, basic@00102798
compile_pattern, basic@00102798, basic@001027a1
compile_pattern, basic@001027a1, basic@001027a1
compile_pattern, basic@001027a1, basic@001027a1
compile_pattern, basic@001027a1, basic@001027a3
compile_pattern, basic@001027a1, basic@001027a3
compile_pattern, basic@001027a3, basic@001027b0
compile_pattern, basic@001027a3, basic@001027b5
compile_pattern, basic@001027b0, basic@001027b5
compile_pattern, basic@001027b5, basic@001027f7
compile_pattern, basic@001027f7, basic@0010282b
compile_pattern, basic@0010282b, basic@00102854
compile_pattern, basic@00102859, basic@00102854
compile_pattern, basic@00102854, basic@0010285e
compile_pattern, basic@0010285e, basic@00102882
compile_pattern, basic@0010285e, basic@0010286e
compile_pattern, basic@0010286e, basic@0010288d
compile_pattern, basic@0010286e, basic@00102873
compile_pattern, basic@00102873, basic@00102898
compile_pattern, basic@00102873, basic@00102877
compile_pattern, basic@00102877, basic@001028a1
compile_pattern, basic@00102898, basic@001028a1
compile_pattern, basic@0010288d, basic@001028a1
compile_pattern, basic@00102882, basic@001028a1
compile_pattern, basic@00102854, basic@00102859
compile_pattern, basic@001027f7, basic@00102801
compile_pattern, basic@001027b5, basic@001027c2
compile_pattern, basic@001026a9, basic@001026b6
compile_pattern, basic@00102723, basic@001026b6
compile_pattern, basic@001026b6, basic@001028d1
compile_pattern, basic@001026f5, basic@001028d1
compile_pattern, basic@001027c2, basic@001028d1
compile_pattern, basic@00102801, basic@001028d1
compile_pattern, basic@001028a1, basic@001028d1
compile_pattern, basic@001028d1, basic@001028e9
compile_pattern, basic@001028d1, basic@001028e4
read_pattern_file, basic@001028fb, basic@00102932
read_pattern_file, basic@001028fb, basic@00102957
read_pattern_file, basic@00102932, basic@00102957
read_pattern_file, basic@00102957, basic@0010296f
read_pattern_file, basic@00102932, basic@00102938
read_pattern_file, basic@00102938, basic@0010294d
read_pattern_file, basic@00102957, basic@0010294d
read_pattern_file, basic@0010294d, basic@001029cf
read_pattern_file, basic@001029c1, basic@001029cf
read_pattern_file, basic@00102a4c, basic@001029cf
read_pattern_file, basic@001029cf, basic@00102a6e
read_pattern_file, basic@00102a6e, basic@00102a80
read_pattern_file, basic@001029cf, basic@001029e9
read_pattern_file, basic@001029e9, basic@001029f2
read_pattern_file, basic@001029f2, basic@001029f2
read_pattern_file, basic@001029f2, basic@001029f2
read_pattern_file, basic@001029f2, basic@001029f4
read_pattern_file, basic@001029f2, basic@001029f4
read_pattern_file, basic@001029f4, basic@001029bc
read_pattern_file, basic@001029b9, basic@001029bc
read_pattern_file, basic@001029bc, basic@001029a5
read_pattern_file, basic@001029a5, basic@001029b9
read_pattern_file, basic@001029bc, basic@001029c1
read_pattern_file, basic@001029a5, basic@001029c1
read_pattern_file, basic@001029c1, basic@00102a04
read_pattern_file, basic@00102a04, basic@00102a1d
read_pattern_file, basic@00102a1d, basic@00102a28
read_pattern_file, basic@00102a1d, basic@00102a2b
read_pattern_file, basic@00102a28, basic@00102a2b
read_pattern_file, basic@00102a68, basic@00102a2b
read_pattern_file, basic@00102a2b, basic@00102a4c
read_pattern_file, basic@00102a4c, basic@00102a68
read_pattern_file, basic@00102a04, basic@00102a19
read_pattern_file, basic@00102a2b, basic@00102a19
read_pattern_file, basic@00102a19, basic@00102a8d
read_pattern_file, basic@00102a6e, basic@00102a8d
read_pattern_file, basic@00102a80, basic@00102a8d
read_pattern_file, basic@0010296f, basic@00102a8d
read_pattern_file, basic@00102a8d, basic@00102aa5
read_pattern_file, basic@00102a8d, basic@00102aa0
main, basic@00102ac0, basic@0010348d
main, basic@00102ac0, basic@00102b09
main, basic@00102b09, basic@00102b2f
main, basic@00102b2f, basic@00102b38
main, basic@00102b09, basic@00102b0b
main, basic@00102b0b, basic@0010347a
main, basic@00102b0b, basic@00102b14
main, basic@00102b14, basic@00102e38
main, basic@00102b2f, basic@00102e38
main, basic@00102b14, basic@00102b1f
main, basic@00102b1f, basic@00102b46
main, basic@00102e38, basic@00102b46
main, basic@0010347a, basic@00102b46
main, basic@00102b38, basic@00102b46
main, basic@0010348d, basic@00102b46
main, basic@00102b46, basic@00102b59
main, basic@00102b59, basic@00102b6c
main, basic@00102b6c, basic@00102b78
main, basic@00102b78, basic@00102b9c
main, basic@00102cc1, basic@00102b9c
main, basic@00102b9c, basic@00102ba4
main, basic@00102f0f, basic@00102f0f
main, basic@00102ba4, basic@00102f0f
main, basic@00102ba4, basic@00102bb8
main, basic@00102c0a, basic@00102bb8
main, basic@00102bb8, basic@00102bc6
main, basic@00102bc6, basic@00102bdf
main, basic@00102bd0, basic@00102bdf
main, basic@00102bdf, basic@00102bd0
main, basic@00102bb8, basic@00102e50
main, basic@00102bd0, basic@00102e50
main, basic@00102bdf, basic@00102be3
main, basic@00102be3, basic@001031c8
main, basic@00102be3, basic@00102bf6
main, basic@00102bf6, basic@00102e90
main, basic@00102e90, basic@00102eaa
main, basic@00102bf6, basic@00102c02
main, basic@00102c02, basic@00102c0a
main, basic@00102e90, basic@00102c0a
main, basic@00102c0a, basic@00102c24
main, basic@00102b9c, basic@00102f11
main, basic@00102f11, basic@00102f33
main, basic@00102f33, basic@00102f43
main, basic@00102f43, basic@00103016
main, basic@00103005, basic@00103016
main, basic@00103016, basic@00103073
main, basic@00103073, basic@001031d1
main, basic@001031d1, basic@001031e5
main, basic@00103073, basic@0010307c
main, basic@0010307c, basic@00103200
main, basic@0010307c, basic@0010308f
main, basic@00103200, basic@0010308f
main, basic@0010308f, basic@00103098
main, basic@00103098, basic@001030b2
main, basic@001030b2, basic@00103c20
main, basic@001030b2, basic@001030c3
main, basic@00103016, basic@0010303f
main, basic@0010303f, basic@00102f60
main, basic@0010303f, basic@00103061
main, basic@00102f60, basic@00103061
main, basic@00103061, basic@00102f74
main, basic@00102f60, basic@00102f74
main, basic@00102f74, basic@00102fec
main, basic@00102f74, basic@001030d0
main, basic@00102fec, basic@001030d0
main, basic@001030d0, basic@001030e3
main, basic@001030d0, basic@00103234
main, basic@001030e3, basic@00103234
main, basic@001030e3, basic@001030ec
main, basic@001030ec, basic@001030f2
main, basic@001030c3, basic@001030fb
main, basic@00103c20, basic@001030fb
main, basic@001031e5, basic@001030fb
main, basic@001030ec, basic@001030fb
main, basic@001030f2, basic@001030fb
main, basic@00103234, basic@001030fb
main, basic@001030fb, basic@00103107
main, basic@001031c8, basic@0010310f
main, basic@00103107, basic@0010310f
main, basic@00102eaa, basic@00102eae
main, basic@0010310f, basic@00102eae
main, basic@00102c24, basic@00102c32
main, basic@00102eae, basic@00102c32
main, basic@00102c32, basic@00102c3e
main, basic@00102c32, basic@00103132
main, basic@00102c3e, basic@00103132
main, basic@00103132, basic@00103240
main, basic@00103132, basic@0010313e
main, basic@0010313e, basic@00103147
main, basic@00103147, basic@0010316a
main, basic@00102c3e, basic@00102c47
main, basic@00102c47, basic@00102c54
main, basic@00102c47, basic@00103560
main, basic@00102c54, basic@00103560
main, basic@00102c54, basic@00102c5e
main, basic@00102eae, basic@00102eb8
main, basic@00102eb8, basic@00102ec1
main, basic@00102ec1, basic@00102ef5
main, basic@00102c02, basic@00103185
main, basic@00102c5e, basic@00103185
main, basic@00102eb8, basic@00103185
main, basic@00103185, basic@0010318b
main, basic@0010318b, basic@001031b3
main, basic@001031b3, basic@001031c0
main, basic@00103185, basic@00102c79
main, basic@00102c79, basic@00103273
main, basic@00103273, basic@0010328a
main, basic@0010328a, basic@00103535
main, basic@0010328a, basic@001032a2
main, basic@00102c79, basic@00102c82
main, basic@00102c82, basic@0010320e
main, basic@0010320e, basic@0010321d
main, basic@0010321d, basic@0010321d
main, basic@0010321d, basic@0010321d
main, basic@0010321d, basic@0010321f
main, basic@0010321d, basic@0010321f
main, basic@0010321f, basic@001032b4
main, basic@001032b4, basic@001032c3
main, basic@001032c3, basic@001032c3
main, basic@001032c3, basic@001032c3
main, basic@001032c3, basic@001032c5
main, basic@001032c3, basic@001032c5
main, basic@001032c5, basic@001033e5
main, basic@001033e5, basic@00103600
main, basic@001033e5, basic@001033fc
main, basic@001032c5, basic@001032cb
main, basic@0010321f, basic@00103225
main, basic@00102c82, basic@00102c8b
main, basic@00102c8b, basic@00102c97
main, basic@00102c8b, basic@00103253
main, basic@00103253, basic@0010326c
main, basic@00103253, basic@001032ac
main, basic@001032a2, basic@001032ac
main, basic@00103535, basic@001032ac
main, basic@00102c24, basic@0010311d
main, basic@0010310f, basic@0010311d
main, basic@00102c97, basic@00102c9e
main, basic@0010326c, basic@00102c9e
main, basic@001032ac, basic@00102c9e
main, basic@00103225, basic@00102c9e
main, basic@001032cb, basic@00102c9e
main, basic@001033fc, basic@00102c9e
main, basic@001031b3, basic@00102c9e
main, basic@001031c0, basic@00102c9e
main, basic@0010313e, basic@00102c9e
main, basic@00103147, basic@00102c9e
main, basic@0010316a, basic@00102c9e
main, basic@00103240, basic@00102c9e
main, basic@0010311d, basic@00102c9e
main, basic@00102ec1, basic@00102c9e
main, basic@00102ef5, basic@00102c9e
main, basic@00102c9e, basic@00102caf
main, basic@00102caf, basic@00102cc1
main, basic@00102fec, basic@00103005
main, basic@0010308f, basic@00103005
main, basic@00103098, basic@00103005
main, basic@001031d1, basic@00103005
main, basic@00102f33, basic@00103c06
main, basic@00103005, basic@00103c06
main, basic@001030fb, basic@00103c06
main, basic@00103600, basic@00103570
main, basic@00103560, basic@00103570
main, basic@00103c06, basic@00103570
main, basic@00102f11, basic@00103c71
main, basic@00102b6c, basic@00102ccd
main, basic@00102cc1, basic@00102ccd
main, basic@00102ccd, basic@00103cb5
main, basic@00103570, basic@00103586
main, basic@00103cb5, basic@00103586
main, basic@00102b46, basic@00102cdb
main, basic@00102b59, basic@00102cdb
main, basic@00102c9e, basic@00102cdb
main, basic@00102caf, basic@00102cdb
main, basic@00102ccd, basic@00102cdb
main, basic@00103cb5, basic@00102cdb
main, basic@00103c71, basic@00102cdb
main, basic@00102cdb, basic@00102ce5
main, basic@00102ce5, basic@00102cef
main, basic@00102ce5, basic@00102cf5
main, basic@00102cef, basic@00102cf5
main, basic@00102cf5, basic@00102cff
main, basic@00102cdb, basic@00102d05
main, basic@00102cf5, basic@00102d05
main, basic@00102cff, basic@00102d05
main, basic@00102d05, basic@00103541
main, basic@00103541, basic@0010354e
main, basic@00102d05, basic@00102d13
main, basic@00102d13, basic@00102d21
main, basic@00103541, basic@00102d21
main, basic@00102d13, basic@00103c89
main, basic@00102d21, basic@00103c89
main, basic@00102d21, basic@00102d2f
main, basic@0010354e, basic@00102d2f
main, basic@00102d2f, basic@00102d39
main, basic@0010354e, basic@00102d39
main, basic@00102d39, basic@00103c31
main, basic@00103c31, basic@00103c7d
main, basic@00103c31, basic@00103c49
main, basic@00102d39, basic@00102d50
main, basic@00103c7d, basic@00102d50
main, basic@00103c49, basic@00102d50
main, basic@00102d50, basic@00103449
main, basic@00102d50, basic@00102d63
main, basic@00102d63, basic@00102d6f
main, basic@00103c49, basic@00102d6f
main, basic@00102d6f, basic@00102d7b
main, basic@00102d7b, basic@00102d8a
main, basic@00102d8a, basic@00102d8a
main, basic@00102d8a, basic@00102d8a
main, basic@00102d8a, basic@00102d8c
main, basic@00102d8a, basic@00102d8c
main, basic@00102d8c, basic@00102d8e
main, basic@00102d8e, basic@00102da5
main, basic@00102d8e, basic@00103512
main, basic@00103512, basic@001035c8
main, basic@00102da5, basic@00102daf
main, basic@001035c8, basic@00102daf
main, basic@00102daf, basic@00102dc0
main, basic@00102daf, basic@00102dd1
main, basic@00102dc0, basic@00102dd1
main, basic@00103512, basic@00103529
main, basic@00102d6f, basic@00102dd8
main, basic@00102d8c, basic@00102dd8
main, basic@00102dc0, basic@00102dd8
main, basic@00102dd1, basic@00102dd8
main, basic@001035c8, basic@00102dd8
main, basic@00102dd8, basic@001032da
main, basic@001032da, basic@00103431
main, basic@00103431, basic@00103592
main, basic@00103592, basic@0010359b
main, basic@00103431, basic@0010343a
main, basic@0010359b, basic@001035a5
main, basic@0010343a, basic@001035a5
main, basic@001035a5, basic@001035af
main, basic@001032da, basic@001032e3
main, basic@00102dd8, basic@00102deb
main, basic@00102deb, basic@001032ed
main, basic@001032e3, basic@001032ed
main, basic@00102deb, basic@00102df5
main, basic@001032ed, basic@00102df5
main, basic@001032e3, basic@00102df5
main, basic@0010343a, basic@00102df5
main, basic@001035a5, basic@00102df5
main, basic@00103592, basic@00102df5
main, basic@0010359b, basic@00102df5
main, basic@00102df5, basic@00102e08
main, basic@00102df5, basic@00102e1f
main, basic@00102e08, basic@00102e1f
main, basic@00102e08, basic@00103bc6
main, basic@00103bc6, basic@00103cc8
main, basic@00103cc8, basic@00103ccd
main, basic@00103ccd, basic@00103cd3
main, basic@00103bc6, basic@00103bcf
main, basic@00103bcf, basic@00103bd9
main, basic@00103bd9, basic@00103be3
main, basic@00103cd3, basic@00103be3
main, basic@00103be3, basic@00103bed
main, basic@00103bcf, basic@00103cdd
main, basic@00103bd9, basic@00103cdd
main, basic@00103be3, basic@00103cdd
main, basic@00103cc8, basic@00103cdd
main, basic@00103ccd, basic@00103cdd
main, basic@00103cd3, basic@00103cdd
main, basic@00103cdd, basic@00103cf0
main, basic@00103cf0, basic@00103d1c
main, basic@00103cdd, basic@00103d03
main, basic@00103cf0, basic@00103d03
main, basic@001032ed, basic@001032f7
main, basic@00102e1f, basic@0010330b
main, basic@00103bed, basic@0010330b
main, basic@00103d03, basic@0010330b
main, basic@001032f7, basic@0010330b
main, basic@001035af, basic@0010330b
main, basic@0010330b, basic@00103317
main, basic@00103317, basic@00103326
main, basic@00103326, basic@00103326
main, basic@00103326, basic@00103326
main, basic@00103326, basic@00103328
main, basic@00103326, basic@00103328
main, basic@00103328, basic@001034a0
main, basic@001034a0, basic@001034ec
main, basic@001034ec, basic@001035f1
main, basic@001034ec, basic@00103503
main, basic@001034a0, basic@001034b3
main, basic@00103328, basic@0010332e
main, basic@0010330b, basic@00103338
main, basic@0010332e, basic@00103338
main, basic@001034b3, basic@00103338
main, basic@00103503, basic@00103338
main, basic@00103338, basic@00103344
main, basic@00103344, basic@00103353
main, basic@00103353, basic@00103353
main, basic@00103353, basic@00103353
main, basic@00103353, basic@00103355
main, basic@00103353, basic@00103355
main, basic@00103355, basic@0010340b
main, basic@0010340b, basic@001034c2
main, basic@001034c2, basic@001034cc
main, basic@001035f1, basic@001034cc
main, basic@00103d1c, basic@001034cc
main, basic@00103529, basic@001034cc
main, basic@0010340b, basic@00103422
main, basic@00103355, basic@0010335b
main, basic@00103338, basic@00103365
main, basic@0010335b, basic@00103365
main, basic@00103422, basic@00103365
main, basic@00103365, basic@00103b9c
main, basic@00103273, basic@00103b9c
main, basic@00103365, basic@0010338c
main, basic@0010338c, basic@0010339a
main, basic@0010339a, basic@001033a8
main, basic@001033a8, basic@001033b7
main, basic@001033b7, basic@001033bc
main, basic@001034cc, basic@001033bc
main, basic@00103449, basic@001033bc
main, basic@001033bc, basic@0010360f
main, basic@001033bc, basic@001033d3
main, basic@001033a8, basic@00103614
main, basic@0010338c, basic@00103642
main, basic@0010339a, basic@00103642
main, basic@00103614, basic@00103642
main, basic@00103642, basic@0010364e
main, basic@00103692, basic@0010364e
main, basic@0010364e, basic@00103653
main, basic@00103653, basic@0010365b
main, basic@00103653, basic@0010366d
main, basic@0010365b, basic@0010366d
main, basic@0010366d, basic@00103692
main, basic@001036cc, basic@001036a2
main, basic@0010364e, basic@001036a2
main, basic@001036a2, basic@001036a7
main, basic@00103614, basic@00103bbc
main, basic@0010366d, basic@00103bbc
main, basic@001036a7, basic@00103bbc
main, basic@00103b9c, basic@00103bbc
main, basic@0010318b, basic@00103bbc
main, basic@001036a7, basic@001036cc
main, basic@001036a2, basic@001036d1
main, basic@001036d1, basic@001036db
main, basic@001036d1, basic@001036e5
main, basic@001036db, basic@001036e5
main, basic@001036db, basic@001036ec
main, basic@001036e5, basic@001036ec
main, basic@001036ec, basic@001036f8
main, basic@001036ec, basic@0010370a
main, basic@001036f8, basic@0010370a
main, basic@0010370a, basic@0010371b
main, basic@00103759, basic@0010371b
main, basic@0010371b, basic@00103724
main, basic@00103724, basic@00103761
main, basic@00103761, basic@00103836
main, basic@00103761, basic@00103772
main, basic@00103772, basic@00103795
main, basic@00103836, basic@00103795
main, basic@00103724, basic@00103745
main, basic@00103745, basic@0010374a
main, basic@0010374a, basic@0010374f
main, basic@00103745, basic@00103759
main, basic@0010374a, basic@00103759
main, basic@0010374f, basic@00103759
main, basic@00103881, basic@0010385a
main, basic@0010371b, basic@0010385a
main, basic@0010385a, basic@0010385f
main, basic@0010385f, basic@00103864
main, basic@0010385f, basic@00103870
main, basic@00103864, basic@00103870
main, basic@00103870, basic@00103875
main, basic@00103870, basic@00103881
main, basic@00103875, basic@00103881
main, basic@0010385a, basic@00103886
main, basic@00103886, basic@0010388f
main, basic@001038e5, basic@0010388f
main, basic@0010388f, basic@0010389c
main, basic@001038db, basic@0010389c
main, basic@0010389c, basic@001038a1
main, basic@001038a1, basic@001038aa
main, basic@001038a1, basic@001038b6
main, basic@001038aa, basic@001038b6
main, basic@001038b6, basic@001038db
main, basic@0010389c, basic@001038e5
main, basic@0010391c, basic@001038f6
main, basic@001038e5, basic@001038f6
main, basic@001038f6, basic@001038fb
main, basic@001038fb, basic@0010391c
main, basic@00103967, basic@00103941
main, basic@001038f6, basic@00103941
main, basic@00103941, basic@00103946
main, basic@00103946, basic@00103967
main, basic@00103941, basic@00103989
main, basic@00103989, basic@00103b2e
main, basic@00103989, basic@00103999
main, basic@00103b2e, basic@00103999
main, basic@00103999, basic@001039a3
main, basic@00103aac, basic@001039a3
main, basic@001039a3, basic@001039ac
main, basic@001039ac, basic@001039b9
main, basic@001039ac, basic@00103ab5
main, basic@001039b9, basic@00103ab5
main, basic@00103ab5, basic@00103b65
main, basic@00103795, basic@001037a4
main, basic@00103b65, basic@001037a4
main, basic@001037a4, basic@001037ba
main, basic@001038b6, basic@001037ba
main, basic@001038fb, basic@001037ba
main, basic@00103946, basic@001037ba
main, basic@00103a41, basic@001039cd
main, basic@00103ab5, basic@001039cd
main, basic@001039b9, basic@001039cd
main, basic@00103a4b, basic@001039cd
main, basic@00103a96, basic@001039cd
main, basic@00103a9b, basic@001039cd
main, basic@001039cd, basic@001039e6
main, basic@001039e6, basic@001039ef
main, basic@001039ef, basic@001039ef
main, basic@001039ef, basic@001039ef
main, basic@001039ef, basic@001039f1
main, basic@001039ef, basic@001039f1
main, basic@001039f1, basic@00103a01
main, basic@00103a22, basic@00103a01
main, basic@00103a01, basic@00103a06
main, basic@00103a06, basic@00103a22
main, basic@00103a01, basic@00103a41
main, basic@00103a06, basic@00103a41
main, basic@00103a41, basic@00103a4b
main, basic@00103a4b, basic@00103a92
main, basic@00103a92, basic@00103a96
main, basic@00103a92, basic@00103a9b
main, basic@00103a96, basic@00103a9b
main, basic@001039cd, basic@00103a9f
main, basic@00103a9f, basic@00103aa4
main, basic@00103a9f, basic@00103aac
main, basic@00103aa4, basic@00103aac
main, basic@001039a3, basic@00103ad9
main, basic@00103ad9, basic@00103ae6
main, basic@00103ad9, basic@00103af4
main, basic@00103ae6, basic@00103af4
main, basic@00103b25, basic@00103af4
main, basic@00103af4, basic@00103b03
main, basic@00103b03, basic@00103b84
main, basic@00103b84, basic@00103b88
main, basic@00103b84, basic@00103b8d
main, basic@00103b88, basic@00103b8d
main, basic@00103b03, basic@00103b25
main, basic@00103b88, basic@00103b25
main, basic@00103b8d, basic@00103b25
main, basic@00103b2e, basic@00103b3c
main, basic@00103b3c, basic@00103b91
main, basic@00103b91, basic@00103b4f
main, basic@00103b3c, basic@00103b4f
main, basic@001037ba, basic@001037bf
main, basic@00103af4, basic@001037bf
main, basic@00103b4f, basic@001037bf
main, basic@001037bf, basic@001037c4
main, basic@00103bbc, basic@001037cc
main, basic@001037bf, basic@001037cc
main, basic@001037c4, basic@001037cc
main, basic@001037cc, basic@001037d8
main, basic@001037cc, basic@001037dd
main, basic@001037d8, basic@001037dd
main, basic@001037dd, basic@00103820
main, basic@00103829, basic@00103820
main, basic@00103820, basic@00103829
main, basic@0010392d, basic@00103928
main, basic@00103820, basic@00103928
main, basic@00103928, basic@0010392d
main, basic@0010397c, basic@00103973
main, basic@00103928, basic@00103973
main, basic@00103973, basic@0010397c
main, basic@00103a34, basic@00103a2f
main, basic@00103973, basic@00103a2f
main, basic@00103a2f, basic@00103a34
main, basic@00103a2f, basic@00103a6e
main, basic@00103a7a, basic@00103a6e
main, basic@00103a6e, basic@00103a7a
main, basic@00103a6e, basic@00103a8b
_start, basic@00103d2b, basic@00103d54
_start, basic@00103d54, basic@00103d54
__do_global_dtors_aux, basic@00103df0, basic@00103df9
__do_global_dtors_aux, basic@00103df0, basic@00103e20
__do_global_dtors_aux, basic@00103df9, basic@00103e20
frame_dummy, basic@00103e30, basic@00103e48
frame_dummy, basic@00103e30, basic@00103e3d
end_of_line, basic@00103e60, basic@00104068
end_of_line, basic@00104068, basic@00104078
end_of_line, basic@00104070, basic@00104078
end_of_line, basic@00104078, basic@0010407d
end_of_line, basic@00104078, basic@00104082
end_of_line, basic@0010407d, basic@00104082
end_of_line, basic@00104082, basic@0010408b
end_of_line, basic@0010408b, basic@00104090
end_of_line, basic@0010407d, basic@00104070
end_of_line, basic@0010408b, basic@00104070
end_of_line, basic@00103e60, basic@00103e6f
end_of_line, basic@00103e6f, basic@00104000
end_of_line, basic@00104000, basic@00104005
end_of_line, basic@00104005, basic@0010400e
end_of_line, basic@0010400e, basic@00104011
end_of_line, basic@00104025, basic@00104011
end_of_line, basic@00104011, basic@00104018
end_of_line, basic@00104018, basic@00104025
end_of_line, basic@00103e6f, basic@00103e75
end_of_line, basic@00103e75, basic@00103f40
end_of_line, basic@00103f40, basic@00103f45
end_of_line, basic@00103f45, basic@00103f51
end_of_line, basic@001040e0, basic@00103f51
end_of_line, basic@00103f51, basic@00103f65
end_of_line, basic@00103f51, basic@001040d0
end_of_line, basic@00103f65, basic@001040d0
end_of_line, basic@00103f65, basic@00103f6e
end_of_line, basic@00103f6e, basic@00103fa0
end_of_line, basic@00103fa0, basic@00103fa0
end_of_line, basic@00103f6e, basic@00103fb7
end_of_line, basic@00103fa0, basic@00103fb7
end_of_line, basic@00103fb7, basic@00103fbd
end_of_line, basic@001040d0, basic@00103fbd
end_of_line, basic@00103fbd, basic@00103fca
end_of_line, basic@00103fca, basic@001040da
end_of_line, basic@00103fca, basic@00103fd0
end_of_line, basic@00103fd0, basic@001040fb
end_of_line, basic@00103fd0, basic@00103fdd
end_of_line, basic@00103fdd, basic@00103fe3
end_of_line, basic@00103fe3, basic@00103ff4
end_of_line, basic@00103fdd, basic@001040e0
end_of_line, basic@00103fe3, basic@001040e0
end_of_line, basic@001040da, basic@001040e0
end_of_line, basic@00103e75, basic@00103e7e
end_of_line, basic@00103e7e, basic@00103e87
end_of_line, basic@00103e87, basic@00103e90
end_of_line, basic@00103e90, basic@00103e9c
end_of_line, basic@00103f24, basic@00103e9c
end_of_line, basic@00103e9c, basic@00103eb0
end_of_line, basic@00103e9c, basic@001040c0
end_of_line, basic@00103eb0, basic@001040c0
end_of_line, basic@00103eb0, basic@00103eb9
end_of_line, basic@00103ef0, basic@00103ef0
end_of_line, basic@00103eb9, basic@00103ef0
end_of_line, basic@00103eb9, basic@00103f07
end_of_line, basic@00103ef0, basic@00103f07
end_of_line, basic@00103f07, basic@00103f0d
end_of_line, basic@001040c0, basic@00103f0d
end_of_line, basic@00103f0d, basic@00103f1a
end_of_line, basic@00103f1a, basic@001040a0
end_of_line, basic@00103fbd, basic@001040a0
end_of_line, basic@001040a0, basic@001040a5
end_of_line, basic@001040a5, basic@001040f0
end_of_line, basic@00103f0d, basic@001040b0
end_of_line, basic@001040a0, basic@001040b0
end_of_line, basic@001040da, basic@001040b0
end_of_line, basic@001040a5, basic@001040b0
end_of_line, basic@00103f1a, basic@00103f24
end_of_line, basic@00103e7e, basic@00104038
end_of_line, basic@00104000, basic@00104038
end_of_line, basic@00104038, basic@00104041
end_of_line, basic@00104041, basic@00104044
end_of_line, basic@0010405d, basic@00104044
end_of_line, basic@00104044, basic@00104050
end_of_line, basic@00104050, basic@0010405d
end_of_line, basic@00104044, basic@0010402a
end_of_line, basic@00104011, basic@0010402a
end_of_line, basic@00103e87, basic@00103f30
end_of_line, basic@00103f24, basic@00103f30
end_of_line, basic@00104038, basic@00103f30
end_of_line, basic@00104050, basic@00103f30
end_of_line, basic@00103f40, basic@00103f30
end_of_line, basic@00104005, basic@00103f30
end_of_line, basic@00104018, basic@00103f30
end_of_line, basic@00104082, basic@00103f30
end_of_line, basic@001040e0, basic@00103f30
test_incexc, basic@00104110, basic@00104140
test_incexc, basic@00104138, basic@00104140
test_incexc, basic@00104140, basic@00104161
test_incexc, basic@00104140, basic@00104138
test_incexc, basic@00104138, basic@00104170
test_incexc, basic@00104110, basic@00104170
test_incexc, basic@00104170, basic@00104178
test_incexc, basic@00104199, basic@00104178
test_incexc, basic@00104178, basic@00104199
test_incexc, basic@00104199, basic@00104161
test_incexc, basic@00104170, basic@001041a8
test_incexc, basic@00104178, basic@001041a8
read_one_line, basic@001041c0, basic@001041f3
read_one_line, basic@001041ee, basic@001041f3
read_one_line, basic@001041f3, basic@00104200
read_one_line, basic@001041f3, basic@001041e0
read_one_line, basic@001041e0, basic@00104200
read_one_line, basic@001041e0, basic@001041ee
read_one_line, basic@001041ee, basic@00104200
pcregrep_exit, basic@00104210, basic@00104229
pcregrep_exit, basic@00104210, basic@00104222
pcregrep_exit, basic@00104229, basic@00104222
match_patterns, basic@00104280, basic@001042b6
match_patterns, basic@00104280, basic@001042ba
match_patterns, basic@001042b6, basic@001042ba
match_patterns, basic@001042ba, basic@001042d2
match_patterns, basic@001042ba, basic@001042d6
match_patterns, basic@001042d2, basic@001042d6
match_patterns, basic@001042d6, basic@001042e0
match_patterns, basic@00104311, basic@001042e0
match_patterns, basic@001042e0, basic@001043de
match_patterns, basic@001042e0, basic@0010430c
match_patterns, basic@0010430c, basic@00104328
match_patterns, basic@00104328, basic@00104355
match_patterns, basic@00104328, basic@0010436f
match_patterns, basic@00104355, basic@0010436f
match_patterns, basic@0010436f, basic@001043bf
match_patterns, basic@0010436f, basic@001043f0
match_patterns, basic@001043bf, basic@001043f0
match_patterns, basic@001043bf, basic@001043c4
match_patterns, basic@001043f0, basic@001043c4
match_patterns, basic@001043c4, basic@00104407
match_patterns, basic@001043c4, basic@001043de
match_patterns, basic@0010430c, basic@00104311
match_patterns, basic@001042d6, basic@0010431d
match_patterns, basic@00104311, basic@0010431d
do_after_lines, basic@00104430, basic@00104461
do_after_lines, basic@00104461, basic@0010446f
do_after_lines, basic@0010446f, basic@001044ce
do_after_lines, basic@001044be, basic@001044ce
do_after_lines, basic@001044ce, basic@001044d3
do_after_lines, basic@001044ce, basic@001044ed
do_after_lines, basic@001044d3, basic@001044ed
do_after_lines, basic@001044ed, basic@001044f7
do_after_lines, basic@001044ed, basic@00104490
do_after_lines, basic@001044f7, basic@00104490
do_after_lines, basic@00104490, basic@001044be
do_after_lines, basic@00104430, basic@00104528
do_after_lines, basic@00104461, basic@00104528
do_after_lines, basic@00104490, basic@00104528
do_after_lines, basic@001044be, basic@00104528
do_after_lines, basic@00104528, basic@00104542
do_after_lines, basic@00104528, basic@00104551
add_number, basic@00104560, basic@00104599
add_number, basic@00104560, basic@0010457a
add_number, basic@0010457a, basic@00104589
add_number, basic@0010457a, basic@00104592
add_number, basic@00104589, basic@00104592
add_pattern, basic@001045d0, basic@00104666
add_pattern, basic@001045d0, basic@001045ec
add_pattern, basic@001045ec, basic@00104640
add_pattern, basic@001045ec, basic@001045fc
add_pattern, basic@001045fc, basic@00104630
add_pattern, basic@001045fc, basic@0010461c
add_pattern, basic@0010461c, basic@0010462a
add_pattern, basic@00104640, basic@0010462a
pcregrep, basic@00104690, basic@00104b27
pcregrep, basic@00104690, basic@001046e9
pcregrep, basic@001046e9, basic@00104b2f
pcregrep, basic@00104b27, basic@00104b2f
pcregrep, basic@001046e9, basic@001046f7
pcregrep, basic@001046f7, basic@00104715
pcregrep, basic@00104b2f, basic@00104715
pcregrep, basic@00104715, basic@00104735
pcregrep, basic@00104735, basic@00104740
pcregrep, basic@00104735, basic@00104744
pcregrep, basic@00104740, basic@00104744
pcregrep, basic@00104715, basic@00104754
pcregrep, basic@00104744, basic@00104754
pcregrep, basic@00104744, basic@00104b4e
pcregrep, basic@00104b4e, basic@00104b57
pcregrep, basic@00104754, basic@0010475c
pcregrep, basic@00104b57, basic@0010475c
pcregrep, basic@0010475c, basic@00104785
pcregrep, basic@00104785, basic@001047d1
pcregrep, basic@00104e22, basic@001047d1
pcregrep, basic@00104e6f, basic@001047d1
pcregrep, basic@001047d1, basic@0010480f
pcregrep, basic@001047d1, basic@00104813
pcregrep, basic@0010480f, basic@00104813
pcregrep, basic@00104813, basic@00104820
pcregrep, basic@00104813, basic@00104837
pcregrep, basic@00104820, basic@00104837
pcregrep, basic@00104837, basic@00104848
pcregrep, basic@00104a6d, basic@00104848
pcregrep, basic@00104848, basic@0010486c
pcregrep, basic@0010486c, basic@00104eb5
pcregrep, basic@0010486c, basic@0010487b
pcregrep, basic@0010487b, basic@0010488b
pcregrep, basic@0010488b, basic@00104ebf
pcregrep, basic@0010488b, basic@00104899
pcregrep, basic@00104899, basic@00104f02
pcregrep, basic@00104899, basic@001048a5
pcregrep, basic@001048a5, basic@00104f36
pcregrep, basic@00104f36, basic@00104f11
pcregrep, basic@00104f02, basic@00104f11
pcregrep, basic@001048a5, basic@001048ae
pcregrep, basic@001048ae, basic@00104f42
pcregrep, basic@00104f42, basic@00104f53
pcregrep, basic@00104f53, basic@00104f61
pcregrep, basic@00104f61, basic@00104f6f
pcregrep, basic@00104f6f, basic@00104f89
pcregrep, basic@00104f80, basic@00104f89
pcregrep, basic@00104f89, basic@00104f80
pcregrep, basic@00104f89, basic@00104fa0
pcregrep, basic@00104f80, basic@00104fa0
pcregrep, basic@00104fa0, basic@00105015
pcregrep, basic@00104fe0, basic@00105015
pcregrep, basic@00105015, basic@0010501a
pcregrep, basic@00105015, basic@00105033
pcregrep, basic@0010501a, basic@00105033
pcregrep, basic@00105033, basic@0010503f
pcregrep, basic@00105033, basic@00104fe0
pcregrep, basic@0010503f, basic@00104fe0
pcregrep, basic@00104f61, basic@00105361
pcregrep, basic@00104fe0, basic@00105361
pcregrep, basic@00105361, basic@0010536a
pcregrep, basic@00104fa0, basic@0010536a
pcregrep, basic@00104f42, basic@001050b9
pcregrep, basic@00104f53, basic@001050b9
pcregrep, basic@00105361, basic@001050b9
pcregrep, basic@0010536a, basic@00105374
pcregrep, basic@001050b9, basic@00105374
pcregrep, basic@00105374, basic@001050c9
pcregrep, basic@001050b9, basic@001050c9
pcregrep, basic@001050c9, basic@001050db
pcregrep, basic@001050db, basic@00105100
pcregrep, basic@0010529c, basic@00105100
pcregrep, basic@001052aa, basic@00105100
pcregrep, basic@001052da, basic@00105100
pcregrep, basic@00105183, basic@00105100
pcregrep, basic@0010518c, basic@00105100
pcregrep, basic@00105310, basic@00105100
pcregrep, basic@001052e3, basic@00105100
pcregrep, basic@00105346, basic@00105100
pcregrep, basic@00105172, basic@00105100
pcregrep, basic@00105200, basic@00105100
pcregrep, basic@001052b6, basic@00105100
pcregrep, basic@00105149, basic@00105100
pcregrep, basic@0010515b, basic@00105100
pcregrep, basic@00105328, basic@00105100
pcregrep, basic@00105336, basic@00105100
pcregrep, basic@00105100, basic@0010510f
pcregrep, basic@0010510f, basic@00105120
pcregrep, basic@00105100, basic@001053ac
pcregrep, basic@0010510f, basic@001053ac
pcregrep, basic@00105120, basic@001053ac
pcregrep, basic@001053ac, basic@001053c5
pcregrep, basic@001053c5, basic@001057b0
pcregrep, basic@001053f0, basic@001053d0
pcregrep, basic@001053ac, basic@001053d0
pcregrep, basic@001053c5, basic@001053d0
pcregrep, basic@001057b0, basic@001053d0
pcregrep, basic@001053d0, basic@00105424
pcregrep, basic@00105424, basic@00105429
pcregrep, basic@00105424, basic@00105443
pcregrep, basic@00105429, basic@00105443
pcregrep, basic@00105443, basic@0010544d
pcregrep, basic@00105443, basic@001053f0
pcregrep, basic@0010544d, basic@001053f0
pcregrep, basic@001053d0, basic@0010547c
pcregrep, basic@00105120, basic@0010512e
pcregrep, basic@0010512e, basic@00105139
pcregrep, basic@00105139, basic@001051d0
pcregrep, basic@001051d0, basic@001051da
pcregrep, basic@001051da, basic@001051e5
pcregrep, basic@001051e5, basic@001051ea
pcregrep, basic@001051ea, basic@001051f3
pcregrep, basic@001051da, basic@001051f7
pcregrep, basic@001051e5, basic@001051f7
pcregrep, basic@001051ea, basic@001051f7
pcregrep, basic@001051f3, basic@001051f7
pcregrep, basic@001051f7, basic@001052f4
pcregrep, basic@001052f0, basic@001052f4
pcregrep, basic@001052f4, basic@001052f0
pcregrep, basic@001051f7, basic@00105200
pcregrep, basic@001052f4, basic@00105200
pcregrep, basic@00105200, basic@0010520c
pcregrep, basic@0010520c, basic@00105220
pcregrep, basic@001052bf, basic@00105220
pcregrep, basic@00105220, basic@00105230
pcregrep, basic@00105238, basic@00105230
pcregrep, basic@00105230, basic@00105238
pcregrep, basic@00105230, basic@0010524c
pcregrep, basic@0010524c, basic@00105254
pcregrep, basic@00105280, basic@00105280
pcregrep, basic@00105254, basic@00105280
pcregrep, basic@0010524c, basic@00105296
pcregrep, basic@00105254, basic@00105296
pcregrep, basic@00105280, basic@00105296
pcregrep, basic@00105296, basic@0010529c
pcregrep, basic@001052cf, basic@0010529c
pcregrep, basic@0010529c, basic@001052a8
pcregrep, basic@001052a8, basic@00105310
pcregrep, basic@001052a8, basic@001052aa
pcregrep, basic@001052aa, basic@001052b6
pcregrep, basic@001052e3, basic@001052b6
pcregrep, basic@00105310, basic@001052b6
pcregrep, basic@001052b6, basic@001052bf
pcregrep, basic@0010520c, basic@001052cf
pcregrep, basic@001052bf, basic@001052cf
pcregrep, basic@00105296, basic@001052da
pcregrep, basic@001052cf, basic@001052da
pcregrep, basic@001052da, basic@001052e3
pcregrep, basic@00105139, basic@0010513f
pcregrep, basic@0010513f, basic@00105328
pcregrep, basic@001051d0, basic@00105328
pcregrep, basic@00105328, basic@00105331
pcregrep, basic@00105331, basic@00105336
pcregrep, basic@00105340, basic@00105336
pcregrep, basic@00105336, basic@00105346
pcregrep, basic@00105346, basic@00105340
pcregrep, basic@0010513f, basic@00105149
pcregrep, basic@00105149, basic@00105156
pcregrep, basic@00105156, basic@0010515b
pcregrep, basic@00105168, basic@0010515b
pcregrep, basic@0010515b, basic@00105172
pcregrep, basic@00105172, basic@00105168
pcregrep, basic@0010512e, basic@00105197
pcregrep, basic@0010518c, basic@00105197
pcregrep, basic@00105197, basic@001051a0
pcregrep, basic@001051a0, basic@001051a5
pcregrep, basic@001051b0, basic@001051a5
pcregrep, basic@001051a5, basic@001051b6
pcregrep, basic@001051b6, basic@001051b0
pcregrep, basic@001051b6, basic@00105183
pcregrep, basic@00105197, basic@00105183
pcregrep, basic@001051a5, basic@00105183
pcregrep, basic@00105183, basic@0010518c
pcregrep, basic@0010547c, basic@001055b6
pcregrep, basic@001050c9, basic@001055b6
pcregrep, basic@0010547c, basic@0010548c
pcregrep, basic@001055b6, basic@0010548c
pcregrep, basic@0010548c, basic@00105494
pcregrep, basic@001055b6, basic@00105494
pcregrep, basic@00105494, basic@00105499
pcregrep, basic@00105494, basic@001054ba
pcregrep, basic@00105499, basic@001054ba
pcregrep, basic@001054ba, basic@00105587
pcregrep, basic@001054ba, basic@001054c8
pcregrep, basic@00105587, basic@001054c8
pcregrep, basic@001054c8, basic@001054e0
pcregrep, basic@001054e0, basic@00105826
pcregrep, basic@00105510, basic@00105514
pcregrep, basic@001054e0, basic@00105514
pcregrep, basic@00105514, basic@00105510
pcregrep, basic@00105514, basic@00105527
pcregrep, basic@00105527, basic@0010553a
pcregrep, basic@00105826, basic@0010553a
pcregrep, basic@001054c8, basic@0010554a
pcregrep, basic@0010553a, basic@0010554a
pcregrep, basic@0010554a, basic@00105554
pcregrep, basic@0010554a, basic@0010555d
pcregrep, basic@00105554, basic@0010555d
pcregrep, basic@00105554, basic@001055e0
pcregrep, basic@0010569c, basic@00105739
pcregrep, basic@001055e0, basic@00105739
pcregrep, basic@00105739, basic@0010575c
pcregrep, basic@00105739, basic@0010569c
pcregrep, basic@0010569c, basic@0010579e
pcregrep, basic@001055e0, basic@00105770
pcregrep, basic@0010575c, basic@00105770
pcregrep, basic@0010579e, basic@00105770
pcregrep, basic@00105770, basic@0010577b
pcregrep, basic@001048ae, basic@001048bc
pcregrep, basic@0010555d, basic@00104ecf
pcregrep, basic@00105770, basic@00104ecf
pcregrep, basic@0010577b, basic@00104ecf
pcregrep, basic@00104ebf, basic@00104ecf
pcregrep, basic@001048bc, basic@00104ecf
pcregrep, basic@00104ecf, basic@0010507a
pcregrep, basic@00104ecf, basic@00104ed5
pcregrep, basic@0010507a, basic@00104ed5
pcregrep, basic@001048bc, basic@001048c4
pcregrep, basic@001048c4, basic@001048c9
pcregrep, basic@001048c4, basic@001048e9
pcregrep, basic@001048c9, basic@001048e9
pcregrep, basic@001048e9, basic@00104ad0
pcregrep, basic@001048e9, basic@001048f7
pcregrep, basic@00104ad0, basic@001048f7
pcregrep, basic@001048f7, basic@00104a80
pcregrep, basic@001048f7, basic@00104905
pcregrep, basic@00104905, basic@00104b00
pcregrep, basic@00104b00, basic@00104a99
pcregrep, basic@00104a80, basic@00104a99
pcregrep, basic@00104905, basic@00104913
pcregrep, basic@00104913, basic@00104c4b
pcregrep, basic@00104913, basic@00104923
pcregrep, basic@00104923, basic@00104979
pcregrep, basic@0010496c, basic@00104979
pcregrep, basic@00104a00, basic@00104979
pcregrep, basic@00104979, basic@00104986
pcregrep, basic@00104986, basic@001049a6
pcregrep, basic@001049a6, basic@001049b5
pcregrep, basic@001049b5, basic@00104938
pcregrep, basic@001049a6, basic@00104938
pcregrep, basic@00104938, basic@001049d2
pcregrep, basic@00104938, basic@0010493e
pcregrep, basic@001049d2, basic@0010493e
pcregrep, basic@00104979, basic@0010496c
pcregrep, basic@00104986, basic@0010496c
pcregrep, basic@0010493e, basic@0010496c
pcregrep, basic@0010493e, basic@00104a00
pcregrep, basic@00104c4b, basic@00104a3b
pcregrep, basic@0010496c, basic@00104a3b
pcregrep, basic@00104a00, basic@00104a3b
pcregrep, basic@00104a3b, basic@00104a40
pcregrep, basic@00104a40, basic@00104a45
pcregrep, basic@00104a3b, basic@00104a4f
pcregrep, basic@00104a40, basic@00104a4f
pcregrep, basic@00104a45, basic@00104a4f
pcregrep, basic@00104a99, basic@00104ab7
pcregrep, basic@00104a45, basic@00104ab7
pcregrep, basic@00104a4f, basic@00104ab7
pcregrep, basic@00104ab7, basic@00104ab9
pcregrep, basic@00104ab7, basic@00104a6d
pcregrep, basic@00104ab9, basic@00104a6d
pcregrep, basic@00104848, basic@00104c53
pcregrep, basic@00104ed5, basic@00104c62
pcregrep, basic@00104c53, basic@00104c62
pcregrep, basic@00104c62, basic@00104c75
pcregrep, basic@00104c75, basic@00104c7e
pcregrep, basic@00104c7e, basic@00104c8c
pcregrep, basic@00104cb6, basic@00104cba
pcregrep, basic@00104c8c, basic@00104cba
pcregrep, basic@00104cba, basic@00104cb0
pcregrep, basic@00104cb0, basic@001055d4
pcregrep, basic@00104cb0, basic@00104cb6
pcregrep, basic@00104c8c, basic@00104cd3
pcregrep, basic@001055d4, basic@00104cd3
pcregrep, basic@00104cba, basic@00104cd3
pcregrep, basic@00104c62, basic@00104d08
pcregrep, basic@00104cd3, basic@00104d08
pcregrep, basic@00104c75, basic@00104d08
pcregrep, basic@00104c7e, basic@00104d08
pcregrep, basic@00104d08, basic@00104d30
pcregrep, basic@00104d30, basic@00104e38
pcregrep, basic@00104d08, basic@00104e5d
pcregrep, basic@00104e38, basic@00104e5d
pcregrep, basic@00104e5d, basic@00104e6f
pcregrep, basic@00104d30, basic@00104d45
pcregrep, basic@00104e5d, basic@00104d45
pcregrep, basic@00104d45, basic@00104d66
pcregrep, basic@00104d66, basic@00104d74
pcregrep, basic@00104d74, basic@00104d7e
pcregrep, basic@00104d7e, basic@00104d85
pcregrep, basic@00104d66, basic@00104dbb
pcregrep, basic@00104d74, basic@00104dbb
pcregrep, basic@00104d7e, basic@00104dbb
pcregrep, basic@00104d85, basic@00104dbb
pcregrep, basic@00104dbb, basic@0010508e
pcregrep, basic@00104dbb, basic@00104de9
pcregrep, basic@00104de9, basic@00104df8
pcregrep, basic@0010508e, basic@00104df8
pcregrep, basic@00104df8, basic@00104e16
pcregrep, basic@00104d45, basic@00104e22
pcregrep, basic@00104df8, basic@00104e22
pcregrep, basic@00104e16, basic@00104e22
pcregrep, basic@00104820, basic@001057e4
pcregrep, basic@001057e4, basic@0010584b
pcregrep, basic@001057e4, basic@001057f1
pcregrep, basic@001057f1, basic@001057fb
pcregrep, basic@0010584b, basic@001057fb
pcregrep, basic@0010475c, basic@00104b64
pcregrep, basic@00104b64, basic@00104b6c
pcregrep, basic@00104e6f, basic@00104b6c
pcregrep, basic@00104e22, basic@00104b6c
pcregrep, basic@00104b6c, basic@00104b78
pcregrep, basic@00104b78, basic@00104b88
pcregrep, basic@00104b88, basic@00104b90
pcregrep, basic@00104b90, basic@00104b9c
pcregrep, basic@00104b88, basic@00104bb0
pcregrep, basic@00104b90, basic@00104bb0
pcregrep, basic@00104b9c, basic@00104bb0
pcregrep, basic@00104b6c, basic@00104bba
pcregrep, basic@00104bb0, basic@00104bba
pcregrep, basic@00104bba, basic@00104bc9
pcregrep, basic@00104b78, basic@00104e7f
pcregrep, basic@00104bba, basic@00104e8e
pcregrep, basic@00104e7f, basic@00104e8e
pcregrep, basic@0010487b, basic@00104eae
pcregrep, basic@00104e8e, basic@00104eae
pcregrep, basic@00104bc9, basic@00104bd3
pcregrep, basic@00104e7f, basic@00104bd3
pcregrep, basic@00104bd3, basic@00104bdd
pcregrep, basic@00104bdd, basic@0010588f
pcregrep, basic@00104bdd, basic@00104be9
pcregrep, basic@0010588f, basic@00104be9
pcregrep, basic@00104be9, basic@00104bf4
pcregrep, basic@00104bf4, basic@00105870
pcregrep, basic@00104be9, basic@00104bfd
pcregrep, basic@00104bf4, basic@00104bfd
pcregrep, basic@00105870, basic@00104bfd
pcregrep, basic@00104bc9, basic@00104c20
pcregrep, basic@00104bd3, basic@00104c20
pcregrep, basic@00104bfd, basic@00104c20
pcregrep, basic@0010588f, basic@00104c20
pcregrep, basic@00104eae, basic@00104c20
pcregrep, basic@00104f11, basic@00104c20
pcregrep, basic@00104eb5, basic@00104c20
pcregrep, basic@001057fb, basic@00104c20
pcregrep, basic@00104b4e, basic@00104c20
pcregrep, basic@00104c20, basic@00104c39
pcregrep, basic@00104c20, basic@00105846
grep_or_recurse, basic@001058b0, basic@001058fc
grep_or_recurse, basic@001058b0, basic@00105900
grep_or_recurse, basic@001058fc, basic@00105900
grep_or_recurse, basic@00105900, basic@0010590d
grep_or_recurse, basic@00105900, basic@001059d0
grep_or_recurse, basic@0010590d, basic@001059d0
grep_or_recurse, basic@001059d0, basic@001059e4
grep_or_recurse, basic@001059e4, basic@001059f4
grep_or_recurse, basic@001059d0, basic@001059fd
grep_or_recurse, basic@001059e4, basic@001059fd
grep_or_recurse, basic@001059f4, basic@001059fd
grep_or_recurse, basic@0010590d, basic@00105921
grep_or_recurse, basic@00105921, basic@0010592e
grep_or_recurse, basic@0010592e, basic@0010594c
grep_or_recurse, basic@0010594c, basic@0010595d
grep_or_recurse, basic@001059fd, basic@0010595d
grep_or_recurse, basic@0010595d, basic@00105978
grep_or_recurse, basic@00105978, basic@00105b50
grep_or_recurse, basic@00105b50, basic@00105b55
grep_or_recurse, basic@00105b50, basic@00105b5e
grep_or_recurse, basic@00105b55, basic@00105b5e
grep_or_recurse, basic@00105978, basic@0010598a
grep_or_recurse, basic@00105b55, basic@0010598a
grep_or_recurse, basic@00105b5e, basic@0010598a
grep_or_recurse, basic@0010595d, basic@00105a30
grep_or_recurse, basic@00105a30, basic@00105a44
grep_or_recurse, basic@0010594c, basic@00105a78
grep_or_recurse, basic@00105b20, basic@00105aa0
grep_or_recurse, basic@00105b31, basic@00105aa0
grep_or_recurse, basic@00105a78, basic@00105aa0
grep_or_recurse, basic@00105aa0, basic@00105aab
grep_or_recurse, basic@00105af4, basic@00105aab
grep_or_recurse, basic@00105aab, basic@00105b08
grep_or_recurse, basic@00105aab, basic@00105aad
grep_or_recurse, basic@00105aad, basic@00105b20
grep_or_recurse, basic@00105b20, basic@00105b2c
grep_or_recurse, basic@00105b2c, basic@00105b31
grep_or_recurse, basic@00105aad, basic@00105ab3
grep_or_recurse, basic@00105b2c, basic@00105ab3
grep_or_recurse, basic@00105b31, basic@00105ab3
grep_or_recurse, basic@00105ab3, basic@00105b40
grep_or_recurse, basic@00105b40, basic@00105b44
grep_or_recurse, basic@00105b40, basic@00105b4a
grep_or_recurse, basic@00105b44, basic@00105b4a
grep_or_recurse, basic@00105ab3, basic@00105af4
grep_or_recurse, basic@00105b44, basic@00105af4
grep_or_recurse, basic@00105b4a, basic@00105af4
grep_or_recurse, basic@00105a78, basic@00105b65
grep_or_recurse, basic@00105b65, basic@00105b73
grep_or_recurse, basic@00105a44, basic@00105a5d
grep_or_recurse, basic@00105b73, basic@00105a5d
grep_or_recurse, basic@00105921, basic@00105a1b
grep_or_recurse, basic@0010592e, basic@00105a1b
grep_or_recurse, basic@001059f4, basic@00105a1b
grep_or_recurse, basic@001059fd, basic@00105a1b
grep_or_recurse, basic@0010598a, basic@001059a0
grep_or_recurse, basic@00105a30, basic@001059a0
grep_or_recurse, basic@00105a5d, basic@001059a0
grep_or_recurse, basic@00105b08, basic@001059a0
grep_or_recurse, basic@00105b65, basic@001059a0
grep_or_recurse, basic@00105a1b, basic@001059a0
grep_or_recurse, basic@001059a0, basic@00105b91
grep_or_recurse, basic@001059a0, basic@001059ba
grep_or_recurse, basic@00105ba0, basic@00105ba5
grep_or_recurse, basic@00105ba5, basic@00105bab
grep_or_recurse, basic@00105bab, basic@00105bd8
grep_or_recurse, basic@00105bd8, basic@00105bdc
grep_or_recurse, basic@00105bd8, basic@00105be1
grep_or_recurse, basic@00105bdc, basic@00105be1
grep_or_recurse, basic@00105be1, basic@00105bc0
grep_or_recurse, basic@00105bab, basic@00105bc0
grep_or_recurse, basic@00105bdc, basic@00105bc0
grep_or_recurse, basic@00105ba0, basic@00105bd0
grep_or_recurse, basic@00105ba5, basic@00105bd0
usage, basic@00105bf0, basic@00105c26
usage, basic@00105c3d, basic@00105c26
usage, basic@00105c26, basic@00105c30
usage, basic@00105c30, basic@00105c34
usage, basic@00105c30, basic@00105c3d
usage, basic@00105c34, basic@00105c3d
usage, basic@00105c26, basic@00105c48
decode_number, basic@00105c90, basic@00105d5b
decode_number, basic@00105c90, basic@00105cb7
decode_number, basic@00105cb7, basic@00105cd4
decode_number, basic@00105cc8, basic@00105cd4
decode_number, basic@00105cd4, basic@00105cc8
decode_number, basic@00105cd4, basic@00105cdb
decode_number, basic@00105cdb, basic@00105cdf
decode_number, basic@00105cc8, basic@00105cdf
decode_number, basic@00105d5b, basic@00105cdf
decode_number, basic@00105cdf, basic@00105d01
decode_number, basic@00105ce8, basic@00105d01
decode_number, basic@00105d01, basic@00105ce8
decode_number, basic@00105d01, basic@00105d0b
decode_number, basic@00105d0b, basic@00105d40
decode_number, basic@00105d0b, basic@00105d22
decode_number, basic@00105d22, basic@00105d50
decode_number, basic@00105d22, basic@00105d27
decode_number, basic@00105d50, basic@00105d27
decode_number, basic@00105d40, basic@00105d27
decode_number, basic@00105d27, basic@00105d6b
decode_number, basic@00105d6b, basic@00105dc6
decode_number, basic@00105d6b, basic@00105d70
decode_number, basic@00105d70, basic@00105d8c
decode_number, basic@00105d70, basic@00105d97
decode_number, basic@00105d8c, basic@00105d97
decode_number, basic@00105d97, basic@00105dba
decode_number, basic@00105dc6, basic@00105dba
decode_number, basic@00105d27, basic@00105d2b
handle_option, basic@00105df0, basic@00105e30
handle_option, basic@00105df0, basic@00105e68
handle_option, basic@00105df0, basic@00105f00
handle_option, basic@00105df0, basic@00105ed0
handle_option, basic@00105df0, basic@00105ee8
handle_option, basic@00105df0, basic@00105e78
handle_option, basic@00105df0, basic@00105e88
handle_option, basic@00105df0, basic@00105e98
handle_option, basic@00105e98, basic@00105eb7
handle_option, basic@00105df0, basic@00105ec0
handle_option, basic@00105df0, basic@00105f10
handle_option, basic@00105df0, basic@00105f30
handle_option, basic@00105df0, basic@00105f40
handle_option, basic@00105df0, basic@00105f50
handle_option, basic@00105df0, basic@00105f60
handle_option, basic@00105df0, basic@00105f70
handle_option, basic@00105df0, basic@00105fa0
handle_option, basic@00105df0, basic@00105fb8
handle_option, basic@00105df0, basic@00105fd0
handle_option, basic@00105df0, basic@00105fe0
handle_option, basic@00105df0, basic@00105ff0
handle_option, basic@00105df0, basic@00106000
handle_option, basic@00106000, basic@00106069
handle_option, basic@00106070, basic@00106069
handle_option, basic@00106069, basic@0010607f
handle_option, basic@0010607f, basic@00106095
handle_option, basic@00106095, basic@00106218
handle_option, basic@00106095, basic@0010609d
handle_option, basic@0010609d, basic@001060a8
handle_option, basic@001060a8, basic@001060cd
handle_option, basic@00106218, basic@001060cd
handle_option, basic@0010609d, basic@00106230
handle_option, basic@001060cd, basic@001060ed
handle_option, basic@00106230, basic@001060ed
handle_option, basic@001060ed, basic@00106101
handle_option, basic@001060ed, basic@00106105
handle_option, basic@00106101, basic@00106105
handle_option, basic@0010607f, basic@00106070
handle_option, basic@00106105, basic@00106070
handle_option, basic@00106069, basic@001061a0
handle_option, basic@00105df0, basic@00106120
handle_option, basic@00105df0, basic@00106140
handle_option, basic@00105df0, basic@00106150
handle_option, basic@00105df0, basic@00106170
handle_option, basic@00105df0, basic@00106160
handle_option, basic@00105e30, basic@00105e40
handle_option, basic@00105e68, basic@00105e40
handle_option, basic@00105f00, basic@00105e40
handle_option, basic@00105ed0, basic@00105e40
handle_option, basic@00105ee8, basic@00105e40
handle_option, basic@00105e78, basic@00105e40
handle_option, basic@00105e88, basic@00105e40
handle_option, basic@00105e98, basic@00105e40
handle_option, basic@00105eb7, basic@00105e40
handle_option, basic@00105ec0, basic@00105e40
handle_option, basic@00105f10, basic@00105e40
handle_option, basic@00105f30, basic@00105e40
handle_option, basic@00105f40, basic@00105e40
handle_option, basic@00105f50, basic@00105e40
handle_option, basic@00105f60, basic@00105e40
handle_option, basic@00105fa0, basic@00105e40
handle_option, basic@00105fb8, basic@00105e40
handle_option, basic@00105fd0, basic@00105e40
handle_option, basic@00105fe0, basic@00105e40
handle_option, basic@00105ff0, basic@00105e40
handle_option, basic@00106120, basic@00105e40
handle_option, basic@00106140, basic@00105e40
handle_option, basic@00106150, basic@00105e40
handle_option, basic@00106160, basic@00105e40
handle_option, basic@00105e40, basic@0010624f
handle_option, basic@00105e40, basic@00105e56
__libc_csu_init, basic@00106260, basic@001062a0
__libc_csu_init, basic@001062a0, basic@001062a0
__libc_csu_init, basic@001062a0, basic@001062b6
