main, basic@08048af0, basic@08048b30
main, basic@08048c95, basic@08048b30
main, basic@08048bf3, basic@08048b30
main, basic@08048c1f, basic@08048b30
main, basic@08048c02, basic@08048b30
main, basic@08048c2e, basic@08048b30
main, basic@08048be4, basic@08048b30
main, basic@08048bbe, basic@08048b30
main, basic@08048bcf, basic@08048b30
main, basic@08048b7c, basic@08048b30
main, basic@08048c60, basic@08048b30
main, basic@08048c80, basic@08048b30
main, basic@08048b92, basic@08048b30
main, basic@08048ca4, basic@08048b30
main, basic@08048cb3, basic@08048b30
main, basic@08048b30, basic@08048cd1
main, basic@08048cd1, basic@08048da0
main, basic@08048da0, basic@08048dd1
main, basic@08048db4, basic@08048dd1
main, basic@08048dd1, basic@08048db4
main, basic@08048dd1, basic@08048dda
main, basic@08048dda, basic@08048de7
main, basic@08048cd1, basic@08048cdd
main, basic@08048dda, basic@08048cdd
main, basic@08048de7, basic@08048cdd
main, basic@08048cdd, basic@08048d8b
main, basic@08048cdd, basic@08048ce7
main, basic@08048d8b, basic@08048ce7
main, basic@08048ce7, basic@08048d27
main, basic@08048ce7, basic@08048d29
main, basic@08048d27, basic@08048d29
main, basic@08048d29, basic@08048d63
main, basic@08048d63, basic@08048d71
main, basic@08048d29, basic@08048d76
main, basic@08048d63, basic@08048d76
main, basic@08048d71, basic@08048d76
main, basic@08048b30, basic@08048b9e
main, basic@08048b9e, basic@08048e02
main, basic@08048b9e, basic@08048bbe
main, basic@08048e02, basic@08048bbe
main, basic@08048bbe, basic@08048bcf
main, basic@08048b30, basic@08048be4
main, basic@08048b30, basic@08048bf3
main, basic@08048b30, basic@08048b68
main, basic@08048b30, basic@08048c02
main, basic@08048b30, basic@08048c1f
main, basic@08048b30, basic@08048c2e
main, basic@08048b30, basic@08048c3d
main, basic@08048b30, basic@08048c60
main, basic@08048c60, basic@08048c80
main, basic@08048b30, basic@08048b88
main, basic@08048b30, basic@08048c95
main, basic@08048b30, basic@08048ca4
main, basic@08048b30, basic@08048cb3
main, basic@08048b30, basic@08048b7c
main, basic@08048b68, basic@08048b7c
main, basic@08048b30, basic@08048b92
main, basic@08048b88, basic@08048b92
main, basic@08048b30, basic@08048cc2
_start, basic@08048e17, basic@08048e38
_start, basic@08048e38, basic@08048e38
__do_global_dtors_aux, basic@08048ec0, basic@08048ec9
__do_global_dtors_aux, basic@08048ec0, basic@08048edc
__do_global_dtors_aux, basic@08048ec9, basic@08048edc
update_system_time, basic@08048f30, basic@08048f5a
update_system_time, basic@08048f60, basic@08048f5a
update_system_time, basic@08048f5a, basic@08048f60
update_system_time, basic@08048f5a, basic@08048f7b
update_system_time, basic@08048f7b, basic@08048f8e
update_system_time, basic@08048f7b, basic@08048f88
do_statistics, basic@08048fa0, basic@080490ed
do_statistics, basic@08048fa0, basic@08048fd8
do_statistics, basic@08048fd8, basic@08048fe0
do_statistics, basic@08049079, basic@08048fe0
do_statistics, basic@08048fe0, basic@08048ff7
do_statistics, basic@08048fe0, basic@0804900a
do_statistics, basic@08048ff7, basic@0804900a
do_statistics, basic@0804900a, basic@08049024
do_statistics, basic@08049024, basic@08049028
do_statistics, basic@08049024, basic@08049032
do_statistics, basic@08049028, basic@08049032
do_statistics, basic@08049032, basic@08049057
do_statistics, basic@08049032, basic@0804905c
do_statistics, basic@08049057, basic@0804905c
do_statistics, basic@08048ff7, basic@08049079
do_statistics, basic@0804900a, basic@08049079
do_statistics, basic@08049028, basic@08049079
do_statistics, basic@0804905c, basic@08049079
do_statistics, basic@08049079, basic@08049097
do_statistics, basic@08049097, basic@08049100
do_statistics, basic@080490ed, basic@08049100
do_statistics, basic@08049100, basic@08049150
do_statistics, basic@08049100, basic@0804910f
do_statistics, basic@08049150, basic@0804910f
do_statistics, basic@08049097, basic@080490b7
do_statistics, basic@080490b7, basic@080490c6
do_statistics, basic@080490ed, basic@080490c6
do_statistics, basic@080490b7, basic@080490d0
do_statistics, basic@080490c6, basic@080490d0
do_statistics, basic@080490d0, basic@08049138
do_statistics, basic@0804910f, basic@08049138
do_statistics, basic@080490c6, basic@08049138
do_statistics, basic@08049138, basic@08049157
do_statistics, basic@08049138, basic@08049145
update_user_time, basic@08049160, basic@08049220
update_user_time, basic@08049160, basic@08049186
update_user_time, basic@08049220, basic@08049186
update_user_time, basic@08049186, basic@0804918f
update_user_time, basic@0804918f, basic@08049198
update_user_time, basic@0804918f, basic@080491ab
update_user_time, basic@08049198, basic@080491ab
update_user_time, basic@08049186, basic@080491df
update_user_time, basic@08049198, basic@080491df
update_user_time, basic@080491ab, basic@080491df
update_user_time, basic@080491df, basic@08049260
update_user_time, basic@080491df, basic@080491f7
update_user_time, basic@08049260, basic@080491f7
update_user_time, basic@080491f7, basic@08049299
update_user_time, basic@080491f7, basic@08049216
log_everyone_out, basic@080492a0, basic@080492da
log_everyone_out, basic@080492eb, basic@080492da
log_everyone_out, basic@080492da, basic@080492fd
log_everyone_out, basic@080492fd, basic@080492e0
log_everyone_out, basic@080492fd, basic@0804930d
log_everyone_out, basic@0804930d, basic@080492e4
log_everyone_out, basic@080492e0, basic@080492e4
log_everyone_out, basic@0804930d, basic@08049331
log_everyone_out, basic@080492e0, basic@08049331
log_everyone_out, basic@08049331, basic@080492eb
log_everyone_out, basic@080492e4, basic@080492eb
log_everyone_out, basic@080492da, basic@08049340
log_everyone_out, basic@08049340, basic@08049355
log_everyone_out, basic@08049340, basic@0804934d
log_in, basic@08049360, basic@080493a0
log_in, basic@080493a0, basic@08049490
log_in, basic@080493a0, basic@080493c1
log_in, basic@080493c1, basic@08049450
log_in, basic@080493c1, basic@080493d9
log_in, basic@08049450, basic@080493d9
log_in, basic@080493d9, basic@08049430
log_in, basic@080493d9, basic@080493e2
log_in, basic@08049430, basic@080493e2
log_in, basic@08049360, basic@0804937c
log_in, basic@0804937c, basic@08049400
log_in, basic@0804937c, basic@08049386
log_in, basic@08049400, basic@08049386
log_in, basic@080493e2, basic@08049386
log_in, basic@08049490, basic@08049386
log_in, basic@08049386, basic@080494d2
log_in, basic@08049386, basic@08049397
log_out, basic@080494e0, basic@08049500
log_out, basic@08049500, basic@08049580
log_out, basic@08049580, basic@0804958d
log_out, basic@08049500, basic@0804951d
log_out, basic@080494e0, basic@080494ed
log_out, basic@080494ed, basic@08049550
log_out, basic@080494ed, basic@080494f7
log_out, basic@08049580, basic@080494f7
log_out, basic@0804958d, basic@080494f7
midnight_after_me, basic@080495c0, basic@0804966a
midnight_after_me, basic@080495c0, basic@08049666
do_totals, basic@08049670, basic@080496a9
do_totals, basic@080496cd, basic@080496a9
do_totals, basic@080496a9, basic@080496b0
do_totals, basic@080496b0, basic@08049700
do_totals, basic@08049700, basic@08049790
do_totals, basic@08049700, basic@08049723
do_totals, basic@08049723, basic@0804973f
do_totals, basic@08049790, basic@0804973f
do_totals, basic@0804973f, basic@08049776
do_totals, basic@08049776, basic@08049783
do_totals, basic@08049783, basic@080496cd
do_totals, basic@080496b0, basic@080496cd
do_totals, basic@0804973f, basic@080496cd
do_totals, basic@08049776, basic@080496cd
do_totals, basic@080496a9, basic@080496df
do_totals, basic@080496df, basic@080497a7
do_totals, basic@080496df, basic@080496f3
parse_entries, basic@080497b0, basic@080497e0
parse_entries, basic@08049826, basic@080497e0
parse_entries, basic@08049abc, basic@080497e0
parse_entries, basic@080499c1, basic@080497e0
parse_entries, basic@080497e0, basic@080497e9
parse_entries, basic@0804982f, basic@080497e9
parse_entries, basic@080497e9, basic@08049860
parse_entries, basic@08049860, basic@08049871
parse_entries, basic@08049860, basic@08049cf8
parse_entries, basic@080497e9, basic@080497eb
parse_entries, basic@080497eb, basic@08049b00
parse_entries, basic@080497eb, basic@080497f8
parse_entries, basic@08049b00, basic@080497f8
parse_entries, basic@080497f8, basic@08049808
parse_entries, basic@08049808, basic@08049bc0
parse_entries, basic@080497f8, basic@08049816
parse_entries, basic@08049808, basic@08049816
parse_entries, basic@08049bc0, basic@08049816
parse_entries, basic@08049816, basic@08049880
parse_entries, basic@08049880, basic@08049ba0
parse_entries, basic@08049880, basic@08049889
parse_entries, basic@08049ba0, basic@08049889
parse_entries, basic@08049889, basic@08049895
parse_entries, basic@08049895, basic@080498ab
parse_entries, basic@08049895, basic@08049b30
parse_entries, basic@080498ab, basic@08049b30
parse_entries, basic@08049b30, basic@08049bf0
parse_entries, basic@08049b30, basic@08049b3d
parse_entries, basic@08049bf0, basic@08049b3d
parse_entries, basic@08049b3d, basic@080498be
parse_entries, basic@080498ab, basic@080498be
parse_entries, basic@080498be, basic@080499d0
parse_entries, basic@080499d0, basic@08049cc0
parse_entries, basic@08049cc0, basic@08049cce
parse_entries, basic@080498be, basic@080498e2
parse_entries, basic@080498e2, basic@08049aa8
parse_entries, basic@080498e2, basic@080499da
parse_entries, basic@080499d0, basic@080499da
parse_entries, basic@080499da, basic@080499e4
parse_entries, basic@08049aa8, basic@080499e4
parse_entries, basic@080499da, basic@08049c50
parse_entries, basic@080498e2, basic@08049ad0
parse_entries, basic@08049b3d, basic@08049b94
parse_entries, basic@080498e2, basic@08049b94
parse_entries, basic@08049889, basic@08049b94
parse_entries, basic@08049b94, basic@08049908
parse_entries, basic@08049b94, basic@08049c78
parse_entries, basic@08049c78, basic@08049c86
parse_entries, basic@080498e2, basic@08049a60
parse_entries, basic@08049a60, basic@08049a6d
parse_entries, basic@08049a6d, basic@08049a6d
parse_entries, basic@08049a6d, basic@08049a6d
parse_entries, basic@08049a6d, basic@08049a6f
parse_entries, basic@08049a6d, basic@08049a6f
parse_entries, basic@08049a6f, basic@08049a71
parse_entries, basic@080498e2, basic@08049a08
parse_entries, basic@08049a08, basic@08049a15
parse_entries, basic@08049a15, basic@08049a15
parse_entries, basic@08049a15, basic@08049a15
parse_entries, basic@08049a15, basic@08049a17
parse_entries, basic@08049a15, basic@08049a17
parse_entries, basic@08049a17, basic@08049a19
parse_entries, basic@08049a19, basic@08049a20
parse_entries, basic@08049a6f, basic@08049a30
parse_entries, basic@08049a17, basic@08049a30
parse_entries, basic@08049a19, basic@08049a30
parse_entries, basic@08049a20, basic@08049a30
parse_entries, basic@08049c86, basic@08049abc
parse_entries, basic@08049c50, basic@08049abc
parse_entries, basic@08049aa8, basic@08049abc
parse_entries, basic@080499e4, basic@08049abc
parse_entries, basic@08049ad0, basic@08049abc
parse_entries, basic@08049a30, basic@08049abc
parse_entries, basic@08049a71, basic@08049abc
parse_entries, basic@080498e2, basic@08049abc
parse_entries, basic@08049cc0, basic@08049abc
parse_entries, basic@08049cce, basic@08049abc
parse_entries, basic@08049908, basic@08049abc
parse_entries, basic@08049c78, basic@08049abc
parse_entries, basic@08049a20, basic@08049abc
parse_entries, basic@08049abc, basic@08049950
parse_entries, basic@08049950, basic@08049966
parse_entries, basic@08049970, basic@08049966
parse_entries, basic@08049966, basic@08049970
parse_entries, basic@08049966, basic@080499c1
parse_entries, basic@08049816, basic@08049826
parse_entries, basic@08049826, basic@0804982f
file_open, basic@08049d30, basic@08049df1
file_open, basic@08049d30, basic@08049d4f
file_open, basic@08049d4f, basic@08049d90
file_open, basic@08049d90, basic@08049d96
file_open, basic@08049d96, basic@08049da3
file_open, basic@08049d4f, basic@08049d54
file_open, basic@08049d90, basic@08049d54
file_open, basic@08049d54, basic@08049d60
file_open, basic@08049d54, basic@08049d65
file_open, basic@08049d60, basic@08049d65
file_open, basic@08049d65, basic@08049db0
file_open, basic@08049d65, basic@08049d78
file_open, basic@08049db0, basic@08049d78
file_open, basic@08049d96, basic@08049d78
file_open, basic@08049da3, basic@08049d78
file_open, basic@08049d78, basic@08049dec
file_open, basic@08049d78, basic@08049d86
file_reader_init, basic@08049e90, basic@08049ec7
file_reader_init, basic@08049ec7, basic@08049ec7
file_reader_init, basic@08049ec7, basic@08049ec9
file_reader_init, basic@08049ec7, basic@08049ec7
file_reader_add_file, basic@08049ef0, basic@08049f31
file_reader_add_file, basic@08049ef0, basic@08049f15
file_reader_add_file, basic@08049f15, basic@08049f1a
file_reader_add_file, basic@08049f22, basic@08049f1a
file_reader_add_file, basic@08049f1a, basic@08049f22
file_reader_add_file, basic@08049f1a, basic@08049f29
file_reader_get_entry, basic@08049f40, basic@08049f5b
file_reader_get_entry, basic@08049f5b, basic@08049f62
file_reader_get_entry, basic@08049f62, basic@08049f69
file_reader_get_entry, basic@08049fd3, basic@08049f69
file_reader_get_entry, basic@08049f69, basic@0804a0e8
file_reader_get_entry, basic@08049f69, basic@08049f84
file_reader_get_entry, basic@08049f84, basic@0804a148
file_reader_get_entry, basic@08049f84, basic@08049f8c
file_reader_get_entry, basic@08049fe8, basic@08049f8c
file_reader_get_entry, basic@0804a0e8, basic@08049f8c
file_reader_get_entry, basic@08049f8c, basic@08049f9a
file_reader_get_entry, basic@08049fb2, basic@08049f9a
file_reader_get_entry, basic@08049f5b, basic@08049fa8
file_reader_get_entry, basic@08049f9a, basic@08049fa8
file_reader_get_entry, basic@08049fa8, basic@0804a0dd
file_reader_get_entry, basic@08049fa8, basic@08049fb2
file_reader_get_entry, basic@08049fb2, basic@08049fc8
file_reader_get_entry, basic@08049fc8, basic@0804a110
file_reader_get_entry, basic@08049fc8, basic@08049fd3
file_reader_get_entry, basic@0804a110, basic@08049fd3
file_reader_get_entry, basic@08049f62, basic@08049fe8
file_reader_get_entry, basic@08049fd3, basic@08049fe8
file_reader_get_entry, basic@08049fe8, basic@0804a001
file_reader_get_entry, basic@0804a001, basic@0804a162
file_reader_get_entry, basic@0804a001, basic@0804a03d
file_reader_get_entry, basic@0804a162, basic@0804a03d
file_reader_get_entry, basic@0804a03d, basic@0804a19b
file_reader_get_entry, basic@0804a03d, basic@0804a062
file_reader_get_entry, basic@0804a19b, basic@0804a062
file_reader_get_entry, basic@0804a062, basic@0804a1c7
file_reader_get_entry, basic@0804a062, basic@0804a07d
file_reader_get_entry, basic@0804a1c7, basic@0804a07d
file_reader_get_entry, basic@0804a07d, basic@0804a180
file_reader_get_entry, basic@0804a07d, basic@0804a08b
file_reader_get_entry, basic@0804a180, basic@0804a08b
file_reader_get_entry, basic@08049f40, basic@0804a0b4
file_reader_get_entry, basic@0804a08b, basic@0804a0b4
file_reader_get_entry, basic@0804a148, basic@0804a15a
file_reader_get_entry, basic@0804a0b4, basic@0804a15a
file_reader_get_entry, basic@0804a15a, basic@0804a130
file_reader_get_entry, basic@0804a15a, basic@0804a0bb
file_reader_get_entry, basic@0804a0bb, basic@0804a0d9
file_reader_get_entry, basic@0804a130, basic@0804a0d9
file_reader_print_file_and_line, basic@0804a1e0, basic@0804a210
file_reader_print_file_and_line, basic@0804a1e0, basic@0804a1f1
file_reader_print_file_and_line, basic@0804a210, basic@0804a1f1
get_key_len, basic@0804a220, basic@0804a22a
get_key_len, basic@0804a22a, basic@0804a270
get_key_len, basic@0804a22a, basic@0804a22e
get_key_len, basic@0804a22e, basic@0804a234
get_key_len, basic@0804a22e, basic@0804a280
get_key_len, basic@0804a270, basic@0804a280
get_key_len, basic@0804a220, basic@0804a240
get_key_len, basic@0804a240, basic@0804a2a0
get_key_len, basic@0804a255, basic@0804a250
get_key_len, basic@0804a240, basic@0804a250
get_key_len, basic@0804a250, basic@0804a255
get_key_len, basic@0804a250, basic@0804a25d
get_key_len, basic@0804a255, basic@0804a25d
hashtab_next, basic@0804a2c0, basic@0804a2cd
hashtab_next, basic@0804a2cd, basic@0804a2d5
hashtab_next, basic@0804a2e0, basic@0804a2d5
hashtab_next, basic@0804a2d5, basic@0804a2e7
hashtab_next, basic@0804a2c0, basic@0804a2ee
hashtab_next, basic@0804a2e7, basic@0804a2ee
hashtab_next, basic@0804a2e7, basic@0804a2e0
hashtab_next, basic@0804a2d5, basic@0804a2f8
hashtab_create, basic@0804a340, basic@0804a5a3
hashtab_create, basic@0804a340, basic@0804a356
hashtab_create, basic@0804a5a3, basic@0804a356
hashtab_create, basic@0804a356, basic@0804a595
hashtab_create, basic@0804a356, basic@0804a372
hashtab_create, basic@0804a372, basic@0804a380
hashtab_create, basic@0804a380, basic@0804a380
hashtab_create, basic@0804a380, basic@0804a396
hashtab_create, basic@0804a396, basic@0804a3a4
hashtab_create, basic@0804a595, basic@0804a3a4
hashtab_create, basic@0804a3a4, basic@0804a3ac
hashtab_create, basic@0804a3c0, basic@0804a3ac
hashtab_create, basic@0804a3ac, basic@0804a3c7
hashtab_create, basic@0804a3c7, basic@0804a3cc
hashtab_create, basic@0804a3cc, basic@0804a3e0
hashtab_create, basic@0804a3c7, basic@0804a3c0
hashtab_create, basic@0804a3cc, basic@0804a3c0
hashtab_create, basic@0804a3ac, basic@0804a3f5
hashtab_create, basic@0804a3f5, basic@0804a457
hashtab_create, basic@0804a3f5, basic@0804a45a
hashtab_create, basic@0804a457, basic@0804a45a
hashtab_create, basic@0804a45a, basic@0804a476
hashtab_create, basic@0804a476, basic@0804a4fc
hashtab_create, basic@0804a565, basic@0804a4fc
hashtab_create, basic@0804a4fc, basic@0804a504
hashtab_create, basic@0804a55d, basic@0804a504
hashtab_create, basic@0804a504, basic@0804a510
hashtab_create, basic@0804a510, basic@0804a58f
hashtab_create, basic@0804a510, basic@0804a51c
hashtab_create, basic@0804a51c, basic@0804a520
hashtab_create, basic@0804a520, basic@0804a520
hashtab_create, basic@0804a520, basic@0804a536
hashtab_create, basic@0804a536, basic@0804a542
hashtab_create, basic@0804a58f, basic@0804a542
hashtab_create, basic@0804a542, basic@0804a55a
hashtab_create, basic@0804a542, basic@0804a55d
hashtab_create, basic@0804a55a, basic@0804a55d
hashtab_create, basic@0804a504, basic@0804a565
hashtab_create, basic@0804a476, basic@0804a574
hashtab_create, basic@0804a565, basic@0804a574
hashtab_create, basic@0804a45a, basic@0804a46e
hashtab_find, basic@0804a5e0, basic@0804a5fa
hashtab_find, basic@0804a5fa, basic@0804a68a
hashtab_find, basic@0804a5fa, basic@0804a614
hashtab_find, basic@0804a614, basic@0804a620
hashtab_find, basic@0804a620, basic@0804a620
hashtab_find, basic@0804a620, basic@0804a636
hashtab_find, basic@0804a636, basic@0804a641
hashtab_find, basic@0804a68a, basic@0804a641
hashtab_find, basic@0804a641, basic@0804a649
hashtab_find, basic@0804a650, basic@0804a649
hashtab_find, basic@0804a649, basic@0804a657
hashtab_find, basic@0804a657, basic@0804a65c
hashtab_find, basic@0804a65c, basic@0804a66f
hashtab_find, basic@0804a657, basic@0804a650
hashtab_find, basic@0804a65c, basic@0804a650
hashtab_find, basic@0804a5e0, basic@0804a680
hashtab_find, basic@0804a649, basic@0804a680
hashtab_next, basic@0804a710, basic@0804a738
hashtab_next, basic@0804a710, basic@0804a71b
hashtab_next, basic@0804a71b, basic@0804a730
hashtab_next, basic@0804a71b, basic@0804a725
hashtab_dump_keys, basic@0804a740, basic@0804a772
hashtab_dump_keys, basic@0804a778, basic@0804a772
hashtab_dump_keys, basic@0804a772, basic@0804a778
hashtab_dump_keys, basic@0804a772, basic@0804a7a2
hashtab_dump_keys, basic@0804a7a2, basic@0804a7b4
hashtab_dump_keys, basic@0804a7a2, basic@0804a7af
hashtab_delete, basic@0804a7c0, basic@0804a818
hashtab_delete, basic@0804a7c0, basic@0804a7d6
hashtab_delete, basic@0804a7d6, basic@0804a7dc
hashtab_delete, basic@0804a818, basic@0804a7dc
hashtab_delete, basic@0804a7dc, basic@0804a7e3
hashtab_delete, basic@0804a7dc, basic@0804a7e9
hashtab_delete, basic@0804a7e3, basic@0804a7e9
hashtab_delete, basic@0804a7e9, basic@0804a7f0
hashtab_delete, basic@0804a7e9, basic@0804a7fc
hashtab_delete, basic@0804a7f0, basic@0804a7fc
print_utmp_record, basic@0804a890, basic@0804a8b3
print_utmp_record, basic@0804a8b3, basic@0804a8ec
print_utmp_record, basic@0804a919, basic@0804a8ec
print_utmp_record, basic@0804a8ec, basic@0804a9b0
print_utmp_record, basic@0804a8ec, basic@0804a8f9
print_utmp_record, basic@0804a8f9, basic@0804a998
print_utmp_record, basic@0804a8f9, basic@0804a90b
print_utmp_record, basic@0804a90b, basic@0804a919
print_utmp_record, basic@0804a998, basic@0804a919
print_utmp_record, basic@0804a919, basic@0804a921
print_utmp_record, basic@0804a9b0, basic@0804a921
print_utmp_record, basic@0804a890, basic@0804a97d
print_utmp_record, basic@0804a921, basic@0804a97d
print_utmp_record, basic@0804a97d, basic@0804a9d6
print_utmp_record, basic@0804a97d, basic@0804a98a
fix_ut_type_field, basic@0804aa00, basic@0804aab8
fix_ut_type_field, basic@0804aa00, basic@0804aa18
fix_ut_type_field, basic@0804aa18, basic@0804ab38
fix_ut_type_field, basic@0804aa18, basic@0804aa21
fix_ut_type_field, basic@0804aa21, basic@0804ab50
fix_ut_type_field, basic@0804ab50, basic@0804ab65
fix_ut_type_field, basic@0804ab65, basic@0804ab65
fix_ut_type_field, basic@0804ab65, basic@0804ab65
fix_ut_type_field, basic@0804ab65, basic@0804ab67
fix_ut_type_field, basic@0804ab65, basic@0804ab67
fix_ut_type_field, basic@0804ab67, basic@0804ac20
fix_ut_type_field, basic@0804ac20, basic@0804ac2e
fix_ut_type_field, basic@0804ac2e, basic@0804ac2e
fix_ut_type_field, basic@0804ac2e, basic@0804ac2e
fix_ut_type_field, basic@0804ac2e, basic@0804ac30
fix_ut_type_field, basic@0804ac2e, basic@0804ac30
fix_ut_type_field, basic@0804ac30, basic@0804ac36
fix_ut_type_field, basic@0804ab67, basic@0804ab7a
fix_ut_type_field, basic@0804ab7a, basic@0804ab84
fix_ut_type_field, basic@0804ab84, basic@0804aac5
fix_ut_type_field, basic@0804ab38, basic@0804aac5
fix_ut_type_field, basic@0804aab8, basic@0804aac5
fix_ut_type_field, basic@0804ab7a, basic@0804ac80
fix_ut_type_field, basic@0804ac80, basic@0804ac90
fix_ut_type_field, basic@0804ac90, basic@0804ac90
fix_ut_type_field, basic@0804ac90, basic@0804ac90
fix_ut_type_field, basic@0804ac90, basic@0804ac92
fix_ut_type_field, basic@0804ac90, basic@0804ac92
fix_ut_type_field, basic@0804ac92, basic@0804ac47
fix_ut_type_field, basic@0804ac36, basic@0804ac47
fix_ut_type_field, basic@0804ac47, basic@0804ac64
fix_ut_type_field, basic@0804ac64, basic@0804ac64
fix_ut_type_field, basic@0804ac64, basic@0804ac64
fix_ut_type_field, basic@0804ac64, basic@0804ac66
fix_ut_type_field, basic@0804ac64, basic@0804ac66
fix_ut_type_field, basic@0804ac92, basic@0804ac94
fix_ut_type_field, basic@0804aa21, basic@0804aa2a
fix_ut_type_field, basic@0804ac30, basic@0804aa2a
fix_ut_type_field, basic@0804aa2a, basic@0804abb0
fix_ut_type_field, basic@0804abb0, basic@0804abc1
fix_ut_type_field, basic@0804aac5, basic@0804abc1
fix_ut_type_field, basic@0804abc1, basic@0804abcd
fix_ut_type_field, basic@0804ac94, basic@0804abcd
fix_ut_type_field, basic@0804aa2a, basic@0804aa37
fix_ut_type_field, basic@0804aa37, basic@0804aa4f
fix_ut_type_field, basic@0804aa4f, basic@0804aa4f
fix_ut_type_field, basic@0804aa4f, basic@0804aa4f
fix_ut_type_field, basic@0804aa4f, basic@0804aa51
fix_ut_type_field, basic@0804aa4f, basic@0804aa51
fix_ut_type_field, basic@0804aa51, basic@0804aa5c
fix_ut_type_field, basic@0804ac66, basic@0804aa5c
fix_ut_type_field, basic@0804ac36, basic@0804aa5c
fix_ut_type_field, basic@0804aa5c, basic@0804aba0
fix_ut_type_field, basic@0804aba0, basic@0804aad6
fix_ut_type_field, basic@0804abb0, basic@0804aad6
fix_ut_type_field, basic@0804aac5, basic@0804aad6
fix_ut_type_field, basic@0804aad6, basic@0804aadc
fix_ut_type_field, basic@0804aad6, basic@0804ab20
fix_ut_type_field, basic@0804ab20, basic@0804ab26
fix_ut_type_field, basic@0804aa5c, basic@0804aa64
fix_ut_type_field, basic@0804aa64, basic@0804aa78
fix_ut_type_field, basic@0804abcd, basic@0804aa78
fix_ut_type_field, basic@0804aa78, basic@0804aa83
fix_ut_type_field, basic@0804aa83, basic@0804aa83
fix_ut_type_field, basic@0804aa83, basic@0804aa83
fix_ut_type_field, basic@0804aa83, basic@0804aa85
fix_ut_type_field, basic@0804aa83, basic@0804aa85
fix_ut_type_field, basic@0804aa85, basic@0804aa97
fix_ut_type_field, basic@0804aa85, basic@0804ac00
fix_ut_type_field, basic@0804ac00, basic@0804aaef
fix_ut_type_field, basic@0804aadc, basic@0804aaef
fix_ut_type_field, basic@0804aaef, basic@0804ab0c
fix_ut_type_field, basic@0804aaef, basic@0804aaf3
fix_ut_type_field, basic@0804aaf3, basic@0804abe0
fix_ut_type_field, basic@0804aaf3, basic@0804aafd
fix_ut_type_field, basic@0804ab20, basic@0804aafd
exchange, basic@0804acb0, basic@0804acde
exchange, basic@0804ad8d, basic@0804acde
exchange, basic@0804ad85, basic@0804acde
exchange, basic@0804ad10, basic@0804acde
exchange, basic@0804acde, basic@0804ace0
exchange, basic@0804acde, basic@0804ad29
exchange, basic@0804ace0, basic@0804ad29
exchange, basic@0804ace0, basic@0804ace5
exchange, basic@0804ace5, basic@0804ad50
exchange, basic@0804ad50, basic@0804ad54
exchange, basic@0804ad54, basic@0804ad70
exchange, basic@0804ad70, basic@0804ad70
exchange, basic@0804ad50, basic@0804ad85
exchange, basic@0804ad70, basic@0804ad85
exchange, basic@0804ace5, basic@0804acf6
exchange, basic@0804acf6, basic@0804ad8d
exchange, basic@0804acf6, basic@0804acfe
exchange, basic@0804acfe, basic@0804ad10
exchange, basic@0804ad10, basic@0804ad10
_getopt_internal_r, basic@0804ada0, basic@0804b03e
_getopt_internal_r, basic@0804ada0, basic@0804adc9
_getopt_internal_r, basic@0804adc9, basic@0804af60
_getopt_internal_r, basic@0804af60, basic@0804af6b
_getopt_internal_r, basic@0804af6b, basic@0804af81
_getopt_internal_r, basic@0804adc9, basic@0804addb
_getopt_internal_r, basic@0804addb, basic@0804ade7
_getopt_internal_r, basic@0804af60, basic@0804ade7
_getopt_internal_r, basic@0804ade7, basic@0804b070
_getopt_internal_r, basic@0804ade7, basic@0804ae05
_getopt_internal_r, basic@0804ae05, basic@0804b09d
_getopt_internal_r, basic@0804b070, basic@0804b09d
_getopt_internal_r, basic@0804ae05, basic@0804ae18
_getopt_internal_r, basic@0804b070, basic@0804ae18
_getopt_internal_r, basic@0804ae18, basic@0804b320
_getopt_internal_r, basic@0804ae18, basic@0804ae21
_getopt_internal_r, basic@0804ae21, basic@0804ae27
_getopt_internal_r, basic@0804b320, basic@0804ae27
_getopt_internal_r, basic@0804b09d, basic@0804ae27
_getopt_internal_r, basic@0804ae27, basic@0804ae35
_getopt_internal_r, basic@0804af6b, basic@0804ae35
_getopt_internal_r, basic@0804af81, basic@0804ae35
_getopt_internal_r, basic@0804ae35, basic@0804ae4f
_getopt_internal_r, basic@0804ae35, basic@0804afc0
_getopt_internal_r, basic@0804ae4f, basic@0804afc0
_getopt_internal_r, basic@0804afc0, basic@0804afc8
_getopt_internal_r, basic@0804afc0, basic@0804afcb
_getopt_internal_r, basic@0804afc8, basic@0804afcb
_getopt_internal_r, basic@0804afcb, basic@0804afd0
_getopt_internal_r, basic@0804afcb, basic@0804afd3
_getopt_internal_r, basic@0804afd0, basic@0804afd3
_getopt_internal_r, basic@0804afd3, basic@0804b2b0
_getopt_internal_r, basic@0804b2b0, basic@0804b538
_getopt_internal_r, basic@0804b538, basic@0804b540
_getopt_internal_r, basic@0804b2b0, basic@0804b2bc
_getopt_internal_r, basic@0804b2bc, basic@0804b2c0
_getopt_internal_r, basic@0804b2bc, basic@0804b2ce
_getopt_internal_r, basic@0804b2c0, basic@0804b2ce
_getopt_internal_r, basic@0804b538, basic@0804b2ce
_getopt_internal_r, basic@0804b540, basic@0804b2ce
_getopt_internal_r, basic@0804b2e0, basic@0804b2ea
_getopt_internal_r, basic@0804b2ce, basic@0804b2ea
_getopt_internal_r, basic@0804b2ea, basic@0804b2f2
_getopt_internal_r, basic@0804b2f2, basic@0804b2f8
_getopt_internal_r, basic@0804b2ea, basic@0804b2e0
_getopt_internal_r, basic@0804b2f2, basic@0804b2e0
_getopt_internal_r, basic@0804b2f8, basic@0804b312
_getopt_internal_r, basic@0804b2ce, basic@0804b312
_getopt_internal_r, basic@0804b2e0, basic@0804b312
_getopt_internal_r, basic@0804afd3, basic@0804afdd
_getopt_internal_r, basic@0804b312, basic@0804afdd
_getopt_internal_r, basic@0804afdd, basic@0804b300
_getopt_internal_r, basic@0804afdd, basic@0804afe7
_getopt_internal_r, basic@0804afe7, basic@0804aff3
_getopt_internal_r, basic@0804aff3, basic@0804affd
_getopt_internal_r, basic@0804affd, basic@0804b007
_getopt_internal_r, basic@0804b007, basic@0804b550
_getopt_internal_r, basic@0804b007, basic@0804b01b
_getopt_internal_r, basic@0804b01b, basic@0804b01f
_getopt_internal_r, basic@0804b01b, basic@0804b02d
_getopt_internal_r, basic@0804b01f, basic@0804b02d
_getopt_internal_r, basic@0804b550, basic@0804b02d
_getopt_internal_r, basic@0804b02d, basic@0804b037
_getopt_internal_r, basic@0804b300, basic@0804b037
_getopt_internal_r, basic@0804b037, basic@0804b03b
_getopt_internal_r, basic@0804aff3, basic@0804b0c0
_getopt_internal_r, basic@0804affd, basic@0804b0c0
_getopt_internal_r, basic@0804b0c0, basic@0804b0c8
_getopt_internal_r, basic@0804afe7, basic@0804b050
_getopt_internal_r, basic@0804b0c0, basic@0804b050
_getopt_internal_r, basic@0804b050, basic@0804b057
_getopt_internal_r, basic@0804b037, basic@0804b03e
_getopt_internal_r, basic@0804b03b, basic@0804b03e
_getopt_internal_r, basic@0804b050, basic@0804b03e
_getopt_internal_r, basic@0804b0c8, basic@0804ae5c
_getopt_internal_r, basic@0804ae4f, basic@0804ae5c
_getopt_internal_r, basic@0804ae5c, basic@0804ae64
_getopt_internal_r, basic@0804ae64, basic@0804ae91
_getopt_internal_r, basic@0804ae91, basic@0804ae99
_getopt_internal_r, basic@0804ae99, basic@0804aea7
_getopt_internal_r, basic@0804ae64, basic@0804b120
_getopt_internal_r, basic@0804ae99, basic@0804b120
_getopt_internal_r, basic@0804aea7, basic@0804b120
_getopt_internal_r, basic@0804b120, basic@0804b133
_getopt_internal_r, basic@0804b120, basic@0804b55a
_getopt_internal_r, basic@0804b133, basic@0804b55a
_getopt_internal_r, basic@0804b140, basic@0804b144
_getopt_internal_r, basic@0804b133, basic@0804b144
_getopt_internal_r, basic@0804b144, basic@0804b140
_getopt_internal_r, basic@0804b55a, basic@0804b153
_getopt_internal_r, basic@0804b144, basic@0804b153
_getopt_internal_r, basic@0804b140, basic@0804b153
_getopt_internal_r, basic@0804b153, basic@0804b161
_getopt_internal_r, basic@0804b161, basic@0804b1c4
_getopt_internal_r, basic@0804b1f9, basic@0804b1c4
_getopt_internal_r, basic@0804b1b8, basic@0804b1c4
_getopt_internal_r, basic@0804b1c4, basic@0804b1dc
_getopt_internal_r, basic@0804b1dc, basic@0804b1f1
_getopt_internal_r, basic@0804b1f1, basic@0804b198
_getopt_internal_r, basic@0804b198, basic@0804b1a0
_getopt_internal_r, basic@0804b1a0, basic@0804b290
_getopt_internal_r, basic@0804b290, basic@0804b29c
_getopt_internal_r, basic@0804b198, basic@0804b1b0
_getopt_internal_r, basic@0804b1a0, basic@0804b1b0
_getopt_internal_r, basic@0804b290, basic@0804b1b0
_getopt_internal_r, basic@0804b29c, basic@0804b1b0
_getopt_internal_r, basic@0804b1c4, basic@0804b1b8
_getopt_internal_r, basic@0804b1b0, basic@0804b1b8
_getopt_internal_r, basic@0804b29c, basic@0804b1b8
_getopt_internal_r, basic@0804b1f1, basic@0804b1f9
_getopt_internal_r, basic@0804b1b8, basic@0804b210
_getopt_internal_r, basic@0804b1f9, basic@0804b210
_getopt_internal_r, basic@0804b210, basic@0804b220
_getopt_internal_r, basic@0804b220, basic@0804b22c
_getopt_internal_r, basic@0804b220, basic@0804b25c
_getopt_internal_r, basic@0804b22c, basic@0804b25c
_getopt_internal_r, basic@0804b210, basic@0804b338
_getopt_internal_r, basic@0804b153, basic@0804b567
_getopt_internal_r, basic@0804b338, basic@0804b567
_getopt_internal_r, basic@0804b567, basic@0804b670
_getopt_internal_r, basic@0804b670, basic@0804b75b
_getopt_internal_r, basic@0804b670, basic@0804b67b
_getopt_internal_r, basic@0804b67b, basic@0804b698
_getopt_internal_r, basic@0804b567, basic@0804b573
_getopt_internal_r, basic@0804b573, basic@0804b57b
_getopt_internal_r, basic@0804b57b, basic@0804b767
_getopt_internal_r, basic@0804b75b, basic@0804b767
_getopt_internal_r, basic@0804b57b, basic@0804b586
_getopt_internal_r, basic@0804b698, basic@0804b586
_getopt_internal_r, basic@0804b586, basic@0804b5a1
_getopt_internal_r, basic@0804b767, basic@0804b5a1
_getopt_internal_r, basic@0804b573, basic@0804b5bb
_getopt_internal_r, basic@0804b5a1, basic@0804b5bb
_getopt_internal_r, basic@0804b75b, basic@0804b5bb
_getopt_internal_r, basic@0804b698, basic@0804b5bb
_getopt_internal_r, basic@0804b25c, basic@0804b26a
_getopt_internal_r, basic@0804b5bb, basic@0804b26a
_getopt_internal_r, basic@0804b338, basic@0804b344
_getopt_internal_r, basic@0804b344, basic@0804b34d
_getopt_internal_r, basic@0804b1dc, basic@0804b34d
_getopt_internal_r, basic@0804b34d, basic@0804b3ec
_getopt_internal_r, basic@0804b3ec, basic@0804b5d3
_getopt_internal_r, basic@0804b5d3, basic@0804b5d9
_getopt_internal_r, basic@0804b5d3, basic@0804b61c
_getopt_internal_r, basic@0804b61c, basic@0804b7f8
_getopt_internal_r, basic@0804b61c, basic@0804b62c
_getopt_internal_r, basic@0804b7f8, basic@0804b62c
_getopt_internal_r, basic@0804b34d, basic@0804b364
_getopt_internal_r, basic@0804b364, basic@0804b36f
_getopt_internal_r, basic@0804b36f, basic@0804b37b
_getopt_internal_r, basic@0804b37b, basic@0804b65a
_getopt_internal_r, basic@0804b37b, basic@0804b390
_getopt_internal_r, basic@0804b390, basic@0804b3a5
_getopt_internal_r, basic@0804b65a, basic@0804b3a5
_getopt_internal_r, basic@0804b36f, basic@0804afb4
_getopt_internal_r, basic@0804b3a5, basic@0804afb4
_getopt_internal_r, basic@0804b364, basic@0804b5c6
_getopt_internal_r, basic@0804b5c6, basic@0804b3f6
_getopt_internal_r, basic@0804b3ec, basic@0804b3f6
_getopt_internal_r, basic@0804b5d9, basic@0804b3f6
_getopt_internal_r, basic@0804b3f6, basic@0804b413
_getopt_internal_r, basic@0804b3f6, basic@0804b41c
_getopt_internal_r, basic@0804b413, basic@0804b41c
_getopt_internal_r, basic@0804b41c, basic@0804afb4
_getopt_internal_r, basic@0804ae5c, basic@0804aec4
_getopt_internal_r, basic@0804ae91, basic@0804aec4
_getopt_internal_r, basic@0804aea7, basic@0804aec4
_getopt_internal_r, basic@0804b67b, basic@0804aec4
_getopt_internal_r, basic@0804aec4, basic@0804b0b0
_getopt_internal_r, basic@0804aec4, basic@0804aef4
_getopt_internal_r, basic@0804b0b0, basic@0804aef4
_getopt_internal_r, basic@0804aef4, basic@0804af00
_getopt_internal_r, basic@0804aef4, basic@0804afa0
_getopt_internal_r, basic@0804af00, basic@0804afa0
_getopt_internal_r, basic@0804afa0, basic@0804b0f0
_getopt_internal_r, basic@0804afa0, basic@0804afac
_getopt_internal_r, basic@0804b0f0, basic@0804afac
_getopt_internal_r, basic@0804af00, basic@0804af08
_getopt_internal_r, basic@0804af08, basic@0804b433
_getopt_internal_r, basic@0804b433, basic@0804b43c
_getopt_internal_r, basic@0804b43c, basic@0804b735
_getopt_internal_r, basic@0804b735, basic@0804b83c
_getopt_internal_r, basic@0804b83c, basic@0804b843
_getopt_internal_r, basic@0804b83c, basic@0804afb4
_getopt_internal_r, basic@0804b843, basic@0804afb4
_getopt_internal_r, basic@0804b735, basic@0804b742
_getopt_internal_r, basic@0804b43c, basic@0804b445
_getopt_internal_r, basic@0804b445, basic@0804b450
_getopt_internal_r, basic@0804b742, basic@0804b450
_getopt_internal_r, basic@0804b450, basic@0804b460
_getopt_internal_r, basic@0804b474, basic@0804b460
_getopt_internal_r, basic@0804b460, basic@0804b468
_getopt_internal_r, basic@0804b468, basic@0804b474
_getopt_internal_r, basic@0804b460, basic@0804b482
_getopt_internal_r, basic@0804b468, basic@0804b482
_getopt_internal_r, basic@0804b482, basic@0804b490
_getopt_internal_r, basic@0804b490, basic@0804b4f3
_getopt_internal_r, basic@0804b4e3, basic@0804b4f3
_getopt_internal_r, basic@0804b4f3, basic@0804b50b
_getopt_internal_r, basic@0804b50b, basic@0804b520
_getopt_internal_r, basic@0804b520, basic@0804b4c3
_getopt_internal_r, basic@0804b4c3, basic@0804b4cb
_getopt_internal_r, basic@0804b4cb, basic@0804b6b0
_getopt_internal_r, basic@0804b6b0, basic@0804b6bc
_getopt_internal_r, basic@0804b4c3, basic@0804b4db
_getopt_internal_r, basic@0804b4cb, basic@0804b4db
_getopt_internal_r, basic@0804b6b0, basic@0804b4db
_getopt_internal_r, basic@0804b6bc, basic@0804b4db
_getopt_internal_r, basic@0804b4f3, basic@0804b4e3
_getopt_internal_r, basic@0804b4db, basic@0804b4e3
_getopt_internal_r, basic@0804b6bc, basic@0804b4e3
_getopt_internal_r, basic@0804b520, basic@0804b4e3
_getopt_internal_r, basic@0804b4e3, basic@0804b6d0
_getopt_internal_r, basic@0804b6d0, basic@0804b6e4
_getopt_internal_r, basic@0804b6e4, basic@0804b6f0
_getopt_internal_r, basic@0804b6e4, basic@0804afb4
_getopt_internal_r, basic@0804b6f0, basic@0804afb4
_getopt_internal_r, basic@0804b6d0, basic@0804b824
_getopt_internal_r, basic@0804b824, basic@0804b82c
_getopt_internal_r, basic@0804b82c, basic@0804b7b3
_getopt_internal_r, basic@0804b50b, basic@0804b7b3
_getopt_internal_r, basic@0804b7b3, basic@0804b8c1
_getopt_internal_r, basic@0804b8c1, basic@0804b90c
_getopt_internal_r, basic@0804b90c, basic@0804b933
_getopt_internal_r, basic@0804b933, basic@0804b93a
_getopt_internal_r, basic@0804b933, basic@0804b962
_getopt_internal_r, basic@0804b93a, basic@0804b962
_getopt_internal_r, basic@0804b962, basic@0804b96c
_getopt_internal_r, basic@0804b96c, basic@0804b96c
_getopt_internal_r, basic@0804b96c, basic@0804b96c
_getopt_internal_r, basic@0804b96c, basic@0804b96e
_getopt_internal_r, basic@0804b96c, basic@0804b96e
_getopt_internal_r, basic@0804b62c, basic@0804b64a
_getopt_internal_r, basic@0804b96e, basic@0804b64a
_getopt_internal_r, basic@0804b64a, basic@0804b27e
_getopt_internal_r, basic@0804b64a, basic@0804afb4
_getopt_internal_r, basic@0804b90c, basic@0804b915
_getopt_internal_r, basic@0804b8c1, basic@0804b8c7
_getopt_internal_r, basic@0804b7b3, basic@0804b7c2
_getopt_internal_r, basic@0804b7c2, basic@0804b7cc
_getopt_internal_r, basic@0804b7cc, basic@0804b98b
_getopt_internal_r, basic@0804b7cc, basic@0804b7d7
_getopt_internal_r, basic@0804b98b, basic@0804b7d7
_getopt_internal_r, basic@0804b7d7, basic@0804b7e6
_getopt_internal_r, basic@0804b7e6, basic@0804b7e6
_getopt_internal_r, basic@0804b7e6, basic@0804b7e6
_getopt_internal_r, basic@0804b7e6, basic@0804afb4
_getopt_internal_r, basic@0804b7e6, basic@0804afb4
_getopt_internal_r, basic@0804b7c2, basic@0804b9b8
_getopt_internal_r, basic@0804b9b8, basic@0804b8ce
_getopt_internal_r, basic@0804b8c7, basic@0804b8ce
_getopt_internal_r, basic@0804b915, basic@0804b8ce
_getopt_internal_r, basic@0804b8ce, basic@0804b8d7
_getopt_internal_r, basic@0804b8d7, basic@0804b8d7
_getopt_internal_r, basic@0804b8d7, basic@0804b8d7
_getopt_internal_r, basic@0804b8d7, basic@0804b8d9
_getopt_internal_r, basic@0804b8d7, basic@0804b8d9
_getopt_internal_r, basic@0804b8d9, basic@0804b8ef
_getopt_internal_r, basic@0804b8d9, basic@0804b8f8
_getopt_internal_r, basic@0804b8ef, basic@0804b8f8
_getopt_internal_r, basic@0804b8f8, basic@0804afb4
_getopt_internal_r, basic@0804b41c, basic@0804afb4
_getopt_internal_r, basic@0804b8f8, basic@0804afb4
_getopt_internal_r, basic@0804b482, basic@0804afb4
_getopt_internal_r, basic@0804b824, basic@0804afb4
_getopt_internal_r, basic@0804af08, basic@0804af15
_getopt_internal_r, basic@0804b433, basic@0804af15
_getopt_internal_r, basic@0804af15, basic@0804afb4
_getopt_internal_r, basic@0804af15, basic@0804af1e
_getopt_internal_r, basic@0804af1e, basic@0804b60b
_getopt_internal_r, basic@0804b60b, basic@0804b610
_getopt_internal_r, basic@0804af1e, basic@0804af28
_getopt_internal_r, basic@0804af28, basic@0804b5f7
_getopt_internal_r, basic@0804b60b, basic@0804b5f7
_getopt_internal_r, basic@0804af28, basic@0804af31
_getopt_internal_r, basic@0804af31, basic@0804b77f
_getopt_internal_r, basic@0804b77f, basic@0804b890
_getopt_internal_r, basic@0804b77f, basic@0804b78b
_getopt_internal_r, basic@0804b890, basic@0804b78b
_getopt_internal_r, basic@0804af31, basic@0804af3e
_getopt_internal_r, basic@0804af3e, basic@0804af4e
_getopt_internal_r, basic@0804b78b, basic@0804af4e
_getopt_internal_r, basic@0804b5f7, basic@0804af4e
_getopt_internal_r, basic@0804b610, basic@0804af4e
ranged_convert, basic@0804bb80, basic@0804bba8
ranged_convert, basic@0804bba8, basic@0804bbaf
ranged_convert, basic@0804bbf0, basic@0804bbc0
ranged_convert, basic@0804bbaf, basic@0804bbc0
ranged_convert, basic@0804bbc0, basic@0804bbc7
ranged_convert, basic@0804bbc7, basic@0804bbcf
ranged_convert, basic@0804bbfb, basic@0804bbcf
ranged_convert, basic@0804bbcf, basic@0804bbee
ranged_convert, basic@0804bbee, basic@0804bbf0
ranged_convert, basic@0804bbcf, basic@0804bbf0
ranged_convert, basic@0804bbaf, basic@0804bbf4
ranged_convert, basic@0804bbf0, basic@0804bbf4
ranged_convert, basic@0804bbf4, basic@0804bbfb
ranged_convert, basic@0804bbc0, basic@0804bc10
ranged_convert, basic@0804bbf4, basic@0804bc10
ranged_convert, basic@0804bc10, basic@0804bc18
ranged_convert, basic@0804bc18, basic@0804bc1c
ranged_convert, basic@0804bb80, basic@0804bb9c
ranged_convert, basic@0804bba8, basic@0804bb9c
ranged_convert, basic@0804bc10, basic@0804bb9c
ranged_convert, basic@0804bc18, basic@0804bb9c
ranged_convert, basic@0804bc1c, basic@0804bb9c
guess_time_tm, basic@0804bc40, basic@0804bc55
guess_time_tm, basic@0804bc55, basic@0804bd38
guess_time_tm, basic@0804bc40, basic@0804bd40
guess_time_tm, basic@0804bc55, basic@0804bd40
guess_time_tm, basic@0804bd40, basic@0804bd68
guess_time_tm, basic@0804bd68, basic@0804bd77
guess_time_tm, basic@0804bd40, basic@0804bd48
guess_time_tm, basic@0804bd48, basic@0804bd57
guess_time_tm, basic@0804bd48, basic@0804bd38
guess_time_tm, basic@0804bd68, basic@0804bd38
guess_time_tm, basic@0804bd77, basic@0804bd38
mktime_internal, basic@0804bd80, basic@0804be38
mktime_internal, basic@0804be38, basic@0804c090
mktime_internal, basic@0804bd80, basic@0804be66
mktime_internal, basic@0804be38, basic@0804be66
mktime_internal, basic@0804c090, basic@0804be66
mktime_internal, basic@0804be66, basic@0804bea5
mktime_internal, basic@0804bea5, basic@0804c0c0
mktime_internal, basic@0804be66, basic@0804beb5
mktime_internal, basic@0804bea5, basic@0804beb5
mktime_internal, basic@0804c0c0, basic@0804beb5
mktime_internal, basic@0804beb5, basic@0804bf69
mktime_internal, basic@0804beb5, basic@0804bf92
mktime_internal, basic@0804bf69, basic@0804bf92
mktime_internal, basic@0804bf92, basic@0804bfec
mktime_internal, basic@0804bfd1, basic@0804bfec
mktime_internal, basic@0804bfec, basic@0804c0d0
mktime_internal, basic@0804c0d0, basic@0804c0f4
mktime_internal, basic@0804c14f, basic@0804c161
mktime_internal, basic@0804c0f4, basic@0804c161
mktime_internal, basic@0804c161, basic@0804c16d
mktime_internal, basic@0804c161, basic@0804c11c
mktime_internal, basic@0804c16d, basic@0804c11c
mktime_internal, basic@0804c11c, basic@0804c127
mktime_internal, basic@0804c16d, basic@0804c191
mktime_internal, basic@0804c127, basic@0804c191
mktime_internal, basic@0804c11c, basic@0804c14f
mktime_internal, basic@0804c127, basic@0804c14f
mktime_internal, basic@0804bfec, basic@0804c02c
mktime_internal, basic@0804c02c, basic@0804c030
mktime_internal, basic@0804c030, basic@0804c036
mktime_internal, basic@0804c036, basic@0804c03e
mktime_internal, basic@0804c03e, basic@0804c0a8
mktime_internal, basic@0804c03e, basic@0804c046
mktime_internal, basic@0804c191, basic@0804c1d5
mktime_internal, basic@0804c0d0, basic@0804c1d5
mktime_internal, basic@0804c0f4, basic@0804c1d5
mktime_internal, basic@0804c14f, basic@0804c1d5
mktime_internal, basic@0804c036, basic@0804c1d5
mktime_internal, basic@0804c046, basic@0804c1d5
mktime_internal, basic@0804c0a8, basic@0804c1d5
mktime_internal, basic@0804c1d5, basic@0804c1f1
mktime_internal, basic@0804c1f1, basic@0804c249
mktime_internal, basic@0804c1d5, basic@0804c255
mktime_internal, basic@0804c249, basic@0804c255
mktime_internal, basic@0804c02c, basic@0804bfc8
mktime_internal, basic@0804c030, basic@0804bfc8
mktime_internal, basic@0804c046, basic@0804bfc8
mktime_internal, basic@0804c0a8, basic@0804bfc8
mktime_internal, basic@0804bfc8, basic@0804bfd1
mktime_internal, basic@0804bf69, basic@0804c068
mktime_internal, basic@0804c1f1, basic@0804c068
mktime_internal, basic@0804c249, basic@0804c068
mktime_internal, basic@0804bfc8, basic@0804c068
mktime_internal, basic@0804c255, basic@0804c06d
mktime_internal, basic@0804c068, basic@0804c06d
mktime_internal, basic@0804c06d, basic@0804c083
mktime_internal, basic@0804c06d, basic@0804c2bb
xmalloc, basic@0804c2f0, basic@0804c311
xmalloc, basic@0804c311, basic@0804c31b
xmalloc, basic@0804c2f0, basic@0804c315
xmalloc, basic@0804c311, basic@0804c315
xrealloc, basic@0804c320, basic@0804c345
xrealloc, basic@0804c345, basic@0804c34f
xrealloc, basic@0804c320, basic@0804c349
xrealloc, basic@0804c345, basic@0804c349
x2realloc, basic@0804c360, basic@0804c3a0
x2realloc, basic@0804c3a0, basic@0804c3a4
x2realloc, basic@0804c360, basic@0804c37e
x2realloc, basic@0804c37e, basic@0804c3a8
x2realloc, basic@0804c37e, basic@0804c385
x2realloc, basic@0804c385, basic@0804c38c
x2realloc, basic@0804c3a0, basic@0804c38c
x2realloc, basic@0804c3a4, basic@0804c38c
xcalloc, basic@0804c3e0, basic@0804c408
xcalloc, basic@0804c3e0, basic@0804c403
__divdi3, basic@0804c4b0, basic@0804c5d0
__divdi3, basic@0804c4b0, basic@0804c4da
__divdi3, basic@0804c5d0, basic@0804c4da
__divdi3, basic@0804c4da, basic@0804c5c0
__divdi3, basic@0804c4da, basic@0804c4e6
__divdi3, basic@0804c5c0, basic@0804c4e6
__divdi3, basic@0804c4e6, basic@0804c520
__divdi3, basic@0804c520, basic@0804c568
__divdi3, basic@0804c568, basic@0804c568
__divdi3, basic@0804c568, basic@0804c568
__divdi3, basic@0804c568, basic@0804c568
__divdi3, basic@0804c568, basic@0804c568
__divdi3, basic@0804c568, basic@0804c5f0
__divdi3, basic@0804c5f0, basic@0804c64b
__divdi3, basic@0804c64b, basic@0804c65a
__divdi3, basic@0804c5f0, basic@0804c670
__divdi3, basic@0804c65a, basic@0804c670
__divdi3, basic@0804c64b, basic@0804c660
__divdi3, basic@0804c65a, basic@0804c660
__divdi3, basic@0804c568, basic@0804c574
__divdi3, basic@0804c574, basic@0804c57e
__divdi3, basic@0804c574, basic@0804c584
__divdi3, basic@0804c57e, basic@0804c584
__divdi3, basic@0804c568, basic@0804c568
__divdi3, basic@0804c520, basic@0804c524
__divdi3, basic@0804c4e6, basic@0804c502
__divdi3, basic@0804c502, basic@0804c590
__divdi3, basic@0804c590, basic@0804c594
__divdi3, basic@0804c590, basic@0804c59f
__divdi3, basic@0804c594, basic@0804c59f
__divdi3, basic@0804c502, basic@0804c50a
__divdi3, basic@0804c50a, basic@0804c52e
__divdi3, basic@0804c59f, basic@0804c52e
__divdi3, basic@0804c524, basic@0804c52e
__divdi3, basic@0804c57e, basic@0804c52e
__divdi3, basic@0804c584, basic@0804c52e
__divdi3, basic@0804c660, basic@0804c52e
__divdi3, basic@0804c670, basic@0804c52e
__libc_csu_init, basic@0804c680, basic@0804c6b8
__libc_csu_init, basic@0804c6b8, basic@0804c6b8
__libc_csu_init, basic@0804c6b8, basic@0804c6d9
