free_pattern_chain, basic@000115b4, basic@000115c4
free_pattern_chain, basic@000115fc, basic@000115c4
free_pattern_chain, basic@000115c4, basic@0001160c
free_pattern_chain, basic@000115c4, basic@000115cc
free_pattern_chain, basic@000115cc, basic@000115dc
free_pattern_chain, basic@000115cc, basic@000115e0
free_pattern_chain, basic@000115dc, basic@000115e0
free_pattern_chain, basic@000115e0, basic@000115f0
free_pattern_chain, basic@000115e0, basic@000115fc
free_pattern_chain, basic@000115f0, basic@000115fc
compile_pattern, basic@00011618, basic@00011684
compile_pattern, basic@00011684, basic@0001169c
compile_pattern, basic@0001169c, basic@000116b8
compile_pattern, basic@000116b8, basic@000116d0
compile_pattern, basic@00011684, basic@000116e0
compile_pattern, basic@0001169c, basic@000116e0
compile_pattern, basic@000116d0, basic@000116e0
compile_pattern, basic@000116e0, basic@00011768
compile_pattern, basic@00011768, basic@00011788
compile_pattern, basic@00011788, basic@0001178c
compile_pattern, basic@00011768, basic@0001178c
compile_pattern, basic@0001178c, basic@000117d8
compile_pattern, basic@000117d8, basic@00011824
compile_pattern, basic@00011824, basic@00011854
compile_pattern, basic@00011854, basic@00011854
compile_pattern, basic@00011854, basic@00011860
compile_pattern, basic@00011860, basic@000118b8
compile_pattern, basic@00011860, basic@0001188c
compile_pattern, basic@0001188c, basic@000118d4
compile_pattern, basic@0001188c, basic@00011894
compile_pattern, basic@00011894, basic@000118f0
compile_pattern, basic@00011894, basic@0001189c
compile_pattern, basic@0001189c, basic@00011908
compile_pattern, basic@000118f0, basic@00011908
compile_pattern, basic@000118d4, basic@00011908
compile_pattern, basic@000118b8, basic@00011908
compile_pattern, basic@000117d8, basic@000117ec
compile_pattern, basic@0001178c, basic@00011798
compile_pattern, basic@00011618, basic@0001167c
compile_pattern, basic@000116e0, basic@0001167c
compile_pattern, basic@0001167c, basic@00011944
compile_pattern, basic@000116b8, basic@00011944
compile_pattern, basic@00011798, basic@00011944
compile_pattern, basic@000117ec, basic@00011944
compile_pattern, basic@00011908, basic@00011944
compile_pattern, basic@00011944, basic@00011960
compile_pattern, basic@00011944, basic@0001195c
read_pattern_file, basic@000119a8, basic@000119f8
read_pattern_file, basic@000119a8, basic@00011a38
read_pattern_file, basic@000119f8, basic@00011a38
read_pattern_file, basic@00011a38, basic@00011a54
read_pattern_file, basic@000119f8, basic@00011a04
read_pattern_file, basic@00011a04, basic@00011a20
read_pattern_file, basic@00011a38, basic@00011a20
read_pattern_file, basic@00011a20, basic@00011ad8
read_pattern_file, basic@00011abc, basic@00011ad8
read_pattern_file, basic@00011b64, basic@00011ad8
read_pattern_file, basic@00011ad8, basic@00011b84
read_pattern_file, basic@00011b84, basic@00011b9c
read_pattern_file, basic@00011b84, basic@00011ba4
read_pattern_file, basic@00011ad8, basic@00011af8
read_pattern_file, basic@00011af8, basic@00011ab0
read_pattern_file, basic@00011a94, basic@00011ab0
read_pattern_file, basic@00011ab0, basic@00011a94
read_pattern_file, basic@00011ab0, basic@00011abc
read_pattern_file, basic@00011a94, basic@00011abc
read_pattern_file, basic@00011abc, basic@00011b08
read_pattern_file, basic@00011b08, basic@00011b28
read_pattern_file, basic@00011b28, basic@00011b38
read_pattern_file, basic@00011b28, basic@00011b40
read_pattern_file, basic@00011b38, basic@00011b40
read_pattern_file, basic@00011b7c, basic@00011b40
read_pattern_file, basic@00011b08, basic@00011b20
read_pattern_file, basic@00011b40, basic@00011b20
read_pattern_file, basic@00011b20, basic@00011bb0
read_pattern_file, basic@00011b9c, basic@00011bb0
read_pattern_file, basic@00011ba4, basic@00011bb0
read_pattern_file, basic@00011a54, basic@00011bb0
read_pattern_file, basic@00011bb0, basic@00011bcc
read_pattern_file, basic@00011bb0, basic@00011bd0
read_pattern_file, basic@00011b40, basic@00011b64
read_pattern_file, basic@00011b64, basic@00011b7c
main, basic@00011bfc, basic@00012778
main, basic@00011bfc, basic@00011c60
main, basic@00011c60, basic@00011c90
main, basic@00011c90, basic@00011c98
main, basic@00011c60, basic@00011c64
main, basic@00011c64, basic@00012760
main, basic@00011c64, basic@00011c6c
main, basic@00011c6c, basic@0001200c
main, basic@00011c90, basic@0001200c
main, basic@00011c6c, basic@00011c78
main, basic@00011c78, basic@00011cac
main, basic@0001200c, basic@00011cac
main, basic@00012760, basic@00011cac
main, basic@00011c98, basic@00011cac
main, basic@00012778, basic@00011cac
main, basic@00011cac, basic@00011cc4
main, basic@00011cc4, basic@00011cd8
main, basic@00011e48, basic@00011d10
main, basic@00011cd8, basic@00011d10
main, basic@00011d10, basic@00011d18
main, basic@00011d18, basic@000120d8
main, basic@00011d18, basic@00011d28
main, basic@00011d78, basic@00011d28
main, basic@00011d28, basic@00011d34
main, basic@00011d34, basic@00011d4c
main, basic@00011d3c, basic@00011d4c
main, basic@00011d4c, basic@00011d3c
main, basic@00011d28, basic@00012024
main, basic@00011d3c, basic@00012024
main, basic@00011d4c, basic@00011d54
main, basic@00011d54, basic@00011d64
main, basic@00011d64, basic@00012064
main, basic@00012064, basic@0001207c
main, basic@00011d64, basic@00011d70
main, basic@00011d70, basic@00011d78
main, basic@00012064, basic@00011d78
main, basic@00011d78, basic@00011d94
main, basic@00011d10, basic@000120e0
main, basic@000120e0, basic@000120fc
main, basic@000120fc, basic@00012110
main, basic@00012110, basic@000121e0
main, basic@000121d0, basic@000121e0
main, basic@000121e0, basic@00012244
main, basic@00012244, basic@000123b0
main, basic@000123b0, basic@000123c4
main, basic@00012244, basic@0001224c
main, basic@0001224c, basic@00012258
main, basic@0001224c, basic@000123e0
main, basic@00012258, basic@00012264
main, basic@000123e0, basic@00012264
main, basic@00012264, basic@0001226c
main, basic@0001226c, basic@00012284
main, basic@00012284, basic@00012298
main, basic@000121e0, basic@0001220c
main, basic@0001220c, basic@0001213c
main, basic@0001220c, basic@00012238
main, basic@00012238, basic@00012148
main, basic@0001213c, basic@00012148
main, basic@00012148, basic@000121b8
main, basic@00012148, basic@000122b0
main, basic@000121b8, basic@000122b0
main, basic@000122b0, basic@000122c8
main, basic@000122c8, basic@00012434
main, basic@00012434, basic@00012440
main, basic@000122c8, basic@00012440
main, basic@000122b0, basic@000122cc
main, basic@00012298, basic@000122e0
main, basic@000123c4, basic@000122e0
main, basic@000122cc, basic@000122e0
main, basic@00012440, basic@000122e0
main, basic@00012284, basic@000122e0
main, basic@000122e0, basic@000122ec
main, basic@000122ec, basic@000122f4
main, basic@00011d54, basic@000122f4
main, basic@0001207c, basic@00012084
main, basic@000122f4, basic@00012084
main, basic@00012084, basic@00011da8
main, basic@00011d94, basic@00011da8
main, basic@00011da8, basic@00011db0
main, basic@00011da8, basic@00011db4
main, basic@00011db0, basic@00011db4
main, basic@00011db4, basic@00012320
main, basic@00012320, basic@00012414
main, basic@00012320, basic@0001232c
main, basic@0001232c, basic@00012334
main, basic@00012334, basic@00012354
main, basic@00011db4, basic@00011db8
main, basic@00011db8, basic@00011dcc
main, basic@00011db8, basic@00011dd0
main, basic@00011dcc, basic@00011dd0
main, basic@00011dd0, basic@00012790
main, basic@00011dd0, basic@00011dd8
main, basic@00012084, basic@00012090
main, basic@00012090, basic@00012098
main, basic@00012098, basic@000120c8
main, basic@00011d70, basic@00012364
main, basic@00011dd8, basic@00012364
main, basic@00012090, basic@00012364
main, basic@00012364, basic@00012368
main, basic@00012368, basic@00012390
main, basic@00012390, basic@0001239c
main, basic@00012364, basic@00011df4
main, basic@00011df4, basic@00012460
main, basic@00012460, basic@00012474
main, basic@00012474, basic@00012488
main, basic@00012474, basic@0001248c
main, basic@00011df4, basic@00011dfc
main, basic@00011dfc, basic@000123f0
main, basic@000123f0, basic@000124a0
main, basic@000124a0, basic@0001264c
main, basic@0001264c, basic@00012804
main, basic@0001264c, basic@00012664
main, basic@000124a0, basic@000124b4
main, basic@000123f0, basic@00012404
main, basic@00011dfc, basic@00011e04
main, basic@00011e04, basic@00011e10
main, basic@00011e04, basic@00012444
main, basic@00012444, basic@00012458
main, basic@00012488, basic@00012458
main, basic@0001248c, basic@00012458
main, basic@00011d94, basic@00012308
main, basic@000122f4, basic@00012308
main, basic@00011e10, basic@00011e18
main, basic@00012458, basic@00011e18
main, basic@00012404, basic@00011e18
main, basic@000124b4, basic@00011e18
main, basic@00012664, basic@00011e18
main, basic@0001232c, basic@00011e18
main, basic@00012414, basic@00011e18
main, basic@00012308, basic@00011e18
main, basic@00012334, basic@00011e18
main, basic@00012354, basic@00011e18
main, basic@00012098, basic@00011e18
main, basic@000120c8, basic@00011e18
main, basic@00012390, basic@00011e18
main, basic@0001239c, basic@00011e18
main, basic@00011e18, basic@00011e34
main, basic@00011e34, basic@00011e48
main, basic@000121b8, basic@000121d0
main, basic@00012264, basic@000121d0
main, basic@0001226c, basic@000121d0
main, basic@000123b0, basic@000121d0
main, basic@000120fc, basic@00012a64
main, basic@000121d0, basic@00012a64
main, basic@000122e0, basic@00012a64
main, basic@000120e0, basic@00012dd8
main, basic@00011cd8, basic@00011e54
main, basic@00011e48, basic@00011e54
main, basic@00011e54, basic@00012f24
main, basic@00012a64, basic@00012a94
main, basic@00012f24, basic@00012a94
main, basic@00011cac, basic@00011e68
main, basic@00011cc4, basic@00011e68
main, basic@00011e18, basic@00011e68
main, basic@00011e34, basic@00011e68
main, basic@00011e54, basic@00011e68
main, basic@00012f24, basic@00011e68
main, basic@00012dd8, basic@00011e68
main, basic@00011e68, basic@00011e7c
main, basic@00011e7c, basic@00011e84
main, basic@00011e7c, basic@00011e88
main, basic@00011e84, basic@00011e88
main, basic@00011e88, basic@00011e98
main, basic@00011e68, basic@00011e9c
main, basic@00011e88, basic@00011e9c
main, basic@00011e98, basic@00011e9c
main, basic@00011e9c, basic@00012720
main, basic@00012720, basic@00012830
main, basic@00011e9c, basic@00011eb4
main, basic@00012720, basic@00012730
main, basic@00011eb4, basic@00012730
main, basic@00011eb4, basic@00012734
main, basic@00012730, basic@00012734
main, basic@00012730, basic@00011ec8
main, basic@00012830, basic@00011ec8
main, basic@00011ec8, basic@00011ed8
main, basic@00012830, basic@00011ed8
main, basic@00011ed8, basic@00012eb4
main, basic@00012eb4, basic@00012f10
main, basic@00012eb4, basic@00012ecc
main, basic@00011ed8, basic@00011eec
main, basic@00011eec, basic@00011ef4
main, basic@00012f10, basic@00011ef4
main, basic@00012ecc, basic@00011ef4
main, basic@00011ef4, basic@000126e8
main, basic@00011ef4, basic@00011f08
main, basic@00011f08, basic@00011f18
main, basic@00012ecc, basic@00011f18
main, basic@00011f18, basic@00011f2c
main, basic@00011f2c, basic@00011f44
main, basic@00011f44, basic@00011f58
main, basic@00011f44, basic@000126bc
main, basic@000126bc, basic@0001283c
main, basic@00011f58, basic@00011f64
main, basic@0001283c, basic@00011f64
main, basic@00011f64, basic@00011f78
main, basic@00011f64, basic@00011f8c
main, basic@00011f78, basic@00011f8c
main, basic@000126bc, basic@000126d4
main, basic@00011f18, basic@00011f98
main, basic@00011f2c, basic@00011f98
main, basic@00011f78, basic@00011f98
main, basic@00011f8c, basic@00011f98
main, basic@0001283c, basic@00011f98
main, basic@00011f98, basic@000124c8
main, basic@000124c8, basic@000126a4
main, basic@000126a4, basic@000127c4
main, basic@000127c4, basic@000127cc
main, basic@000126a4, basic@000126ac
main, basic@000127cc, basic@000127d8
main, basic@000126ac, basic@000127d8
main, basic@000127d8, basic@000127e4
main, basic@000124c8, basic@000124d0
main, basic@00011f98, basic@00011fb0
main, basic@00011fb0, basic@000124dc
main, basic@000124d0, basic@000124dc
main, basic@00011fb0, basic@00011fbc
main, basic@000124dc, basic@00011fbc
main, basic@000124d0, basic@00011fbc
main, basic@000126ac, basic@00011fbc
main, basic@000127d8, basic@00011fbc
main, basic@000127c4, basic@00011fbc
main, basic@000127cc, basic@00011fbc
main, basic@00011fbc, basic@00011fd4
main, basic@00011fbc, basic@00011fec
main, basic@00011fd4, basic@00011fec
main, basic@00011fd4, basic@00012ab0
main, basic@00012ab0, basic@00012b60
main, basic@00012b60, basic@00012b68
main, basic@00012b68, basic@00012b74
main, basic@00012ab0, basic@00012ab8
main, basic@00012ab8, basic@00012ac4
main, basic@00012ac4, basic@00012ad0
main, basic@00012b74, basic@00012ad0
main, basic@00012ad0, basic@00012adc
main, basic@00012ab8, basic@00012b80
main, basic@00012ac4, basic@00012b80
main, basic@00012ad0, basic@00012b80
main, basic@00012b60, basic@00012b80
main, basic@00012b68, basic@00012b80
main, basic@00012b74, basic@00012b80
main, basic@00012b80, basic@00012b98
main, basic@00012b98, basic@00012bd0
main, basic@00012b80, basic@00012bb0
main, basic@00012b98, basic@00012bb0
main, basic@000124dc, basic@000124e8
main, basic@00011fec, basic@00012504
main, basic@00012adc, basic@00012504
main, basic@00012bb0, basic@00012504
main, basic@000124e8, basic@00012504
main, basic@000127e4, basic@00012504
main, basic@00012504, basic@00012518
main, basic@00012518, basic@0001252c
main, basic@00012518, basic@00012534
main, basic@00012534, basic@00012548
main, basic@00012534, basic@00012554
main, basic@00012554, basic@00012afc
main, basic@00012554, basic@00012568
main, basic@00012504, basic@00012574
main, basic@0001252c, basic@00012574
main, basic@00012548, basic@00012574
main, basic@00012568, basic@00012574
main, basic@00012574, basic@00012588
main, basic@00012588, basic@0001259c
main, basic@00012588, basic@000125a4
main, basic@000125a4, basic@00012678
main, basic@00012678, basic@00012688
main, basic@00012afc, basic@00012688
main, basic@00012bd0, basic@00012688
main, basic@000126d4, basic@00012688
main, basic@000125a4, basic@000125b8
main, basic@00012574, basic@000125c4
main, basic@0001259c, basic@000125c4
main, basic@000125b8, basic@000125c4
main, basic@00012460, basic@0001295c
main, basic@000125c4, basic@0001295c
main, basic@000125c4, basic@000125f4
main, basic@000125f4, basic@00012600
main, basic@00012600, basic@0001260c
main, basic@0001260c, basic@00012620
main, basic@00012620, basic@00012624
main, basic@00012688, basic@00012624
main, basic@000126e8, basic@00012624
main, basic@00012624, basic@00012640
main, basic@00012624, basic@00012864
main, basic@0001260c, basic@00012868
main, basic@000125f4, basic@00012890
main, basic@00012600, basic@00012890
main, basic@00012868, basic@00012890
main, basic@00012890, basic@000128b0
main, basic@000128f8, basic@000128b0
main, basic@000128b0, basic@000128b8
main, basic@000128b8, basic@000128cc
main, basic@000128cc, basic@000128d8
main, basic@000128cc, basic@000128dc
main, basic@000128d8, basic@000128dc
main, basic@000128b8, basic@000128dc
main, basic@000128dc, basic@000128f8
main, basic@00012944, basic@00012920
main, basic@000128b0, basic@00012920
main, basic@00012920, basic@00012928
main, basic@00012928, basic@00012944
main, basic@00012920, basic@000129d8
main, basic@000129d8, basic@000129ec
main, basic@000129d8, basic@000129f8
main, basic@000129ec, basic@000129f8
main, basic@000129ec, basic@00012a0c
main, basic@000129f8, basic@00012a0c
main, basic@00012a0c, basic@00012a30
main, basic@00012a58, basic@00012a30
main, basic@00012a30, basic@00012a38
main, basic@00012a38, basic@00012de8
main, basic@00012de8, basic@00012df4
main, basic@00012de8, basic@00012e04
main, basic@00012df4, basic@00012e28
main, basic@00012e04, basic@00012e28
main, basic@00012a38, basic@00012a58
main, basic@00012a30, basic@00012e60
main, basic@00012e60, basic@00012e74
main, basic@00012e9c, basic@00012e74
main, basic@00012ea0, basic@00012e74
main, basic@00012e74, basic@00012e7c
main, basic@00012e7c, basic@00012e80
main, basic@00012e7c, basic@00012e94
main, basic@00012e80, basic@00012e94
main, basic@00012e94, basic@00012e98
main, basic@00012e94, basic@00012e9c
main, basic@00012e98, basic@00012e9c
main, basic@00012e9c, basic@00012ea0
main, basic@00012fb8, basic@00012f4c
main, basic@00012e74, basic@00012f4c
main, basic@00012f4c, basic@00012f60
main, basic@00012fac, basic@00012f60
main, basic@00012f60, basic@00012f68
main, basic@00012f68, basic@00012f80
main, basic@00012f80, basic@00012f88
main, basic@00012f80, basic@00012f8c
main, basic@00012f88, basic@00012f8c
main, basic@00012f68, basic@00012f8c
main, basic@00012f8c, basic@00012fac
main, basic@00012f60, basic@00012fb8
main, basic@00013004, basic@00012fe0
main, basic@00012fb8, basic@00012fe0
main, basic@00012fe0, basic@00012fe8
main, basic@00012fe8, basic@00013004
main, basic@0001304c, basic@00013028
main, basic@00012fe0, basic@00013028
main, basic@00013028, basic@00013030
main, basic@00012868, basic@00012b34
main, basic@000128dc, basic@00012b34
main, basic@00012928, basic@00012b34
main, basic@00012f8c, basic@00012b34
main, basic@00012fe8, basic@00012b34
main, basic@00013030, basic@00012b34
main, basic@00012368, basic@00012b34
main, basic@00013030, basic@0001304c
main, basic@00013028, basic@00013054
main, basic@00013054, basic@0001317c
main, basic@00013054, basic@00013068
main, basic@0001317c, basic@00013068
main, basic@00013068, basic@00013080
main, basic@000131e4, basic@00013080
main, basic@00013080, basic@00013088
main, basic@00013088, basic@00013098
main, basic@00013088, basic@000131ec
main, basic@00013098, basic@000131ec
main, basic@000131ec, basic@000132a4
main, basic@000131ec, basic@000130b4
main, basic@00013098, basic@000130b4
main, basic@000130b4, basic@000130bc
main, basic@00013118, basic@000130bc
main, basic@00013140, basic@000130bc
main, basic@00013170, basic@000130bc
main, basic@00013164, basic@000130bc
main, basic@000130bc, basic@000130d4
main, basic@000130d4, basic@000130f0
main, basic@000130fc, basic@000130f0
main, basic@000130f0, basic@000130fc
main, basic@000130f0, basic@00013118
main, basic@000130fc, basic@00013118
main, basic@00013118, basic@00013140
main, basic@00013140, basic@00013164
main, basic@00013164, basic@00013170
main, basic@000130bc, basic@000131d0
main, basic@000131d0, basic@000131dc
main, basic@000131d0, basic@000131e4
main, basic@000131dc, basic@000131e4
main, basic@00013080, basic@0001320c
main, basic@0001320c, basic@00013228
main, basic@00013290, basic@00013248
main, basic@00013228, basic@00013248
main, basic@0001320c, basic@00013248
main, basic@00013248, basic@00013258
main, basic@00013258, basic@00013280
main, basic@00013280, basic@0001328c
main, basic@00013258, basic@00013290
main, basic@0001328c, basic@00013290
main, basic@00013280, basic@00013290
main, basic@0001317c, basic@00013190
main, basic@00013190, basic@000131bc
main, basic@000131bc, basic@000131c0
main, basic@00013190, basic@000131c0
main, basic@00012b34, basic@00012974
main, basic@00012e28, basic@00012974
main, basic@000132a4, basic@00012974
main, basic@00013248, basic@00012974
main, basic@000131c0, basic@00012974
main, basic@0001295c, basic@00012974
main, basic@00012974, basic@00012988
main, basic@00012974, basic@0001298c
main, basic@00012988, basic@0001298c
main, basic@0001298c, basic@000129c0
main, basic@000129c8, basic@000129c0
main, basic@000129c0, basic@000129c8
main, basic@00012b24, basic@00012b1c
main, basic@000129c0, basic@00012b1c
main, basic@00012b1c, basic@00012b24
main, basic@00012b50, basic@00012b48
main, basic@00012b1c, basic@00012b48
main, basic@00012b48, basic@00012b50
main, basic@00012dc8, basic@00012dc0
main, basic@00012b48, basic@00012dc0
main, basic@00012dc0, basic@00012dc8
main, basic@00012f00, basic@00012ef4
main, basic@00012dc0, basic@00012ef4
main, basic@00012ef4, basic@00012f00
main, basic@00012ef4, basic@00012f1c
__do_global_dtors_aux, basic@0001342c, basic@00013448
__do_global_dtors_aux, basic@0001342c, basic@0001344c
frame_dummy, basic@00013494, basic@000134b4
frame_dummy, basic@00013494, basic@000134cc
frame_dummy, basic@000134b4, basic@000134cc
end_of_line, basic@000134e4, basic@00013500
end_of_line, basic@00013500, basic@00013718
end_of_line, basic@00013718, basic@00013724
end_of_line, basic@00013724, basic@00013738
end_of_line, basic@0001372c, basic@00013738
end_of_line, basic@00013738, basic@0001372c
end_of_line, basic@00013718, basic@00013790
end_of_line, basic@0001372c, basic@00013790
end_of_line, basic@000134e4, basic@00013510
end_of_line, basic@00013510, basic@00013670
end_of_line, basic@00013670, basic@00013688
end_of_line, basic@00013670, basic@0001368c
end_of_line, basic@00013688, basic@0001368c
end_of_line, basic@00013704, basic@0001368c
end_of_line, basic@0001368c, basic@00013694
end_of_line, basic@0001368c, basic@00013698
end_of_line, basic@00013694, basic@0001369c
end_of_line, basic@00013698, basic@0001369c
end_of_line, basic@0001369c, basic@000136a4
end_of_line, basic@0001369c, basic@0001375c
end_of_line, basic@000136a4, basic@0001375c
end_of_line, basic@000136d4, basic@000136d4
end_of_line, basic@000136a4, basic@000136d4
end_of_line, basic@000136d4, basic@000136ec
end_of_line, basic@000136ec, basic@000136f0
end_of_line, basic@0001375c, basic@000136f0
end_of_line, basic@000136f0, basic@000136fc
end_of_line, basic@000136fc, basic@00013704
end_of_line, basic@000134e4, basic@0001350c
end_of_line, basic@0001350c, basic@0001351c
end_of_line, basic@0001351c, basic@00013534
end_of_line, basic@0001351c, basic@00013538
end_of_line, basic@00013534, basic@00013538
end_of_line, basic@000137a8, basic@00013538
end_of_line, basic@00013538, basic@00013540
end_of_line, basic@00013538, basic@00013544
end_of_line, basic@00013540, basic@00013548
end_of_line, basic@00013544, basic@00013548
end_of_line, basic@00013548, basic@00013550
end_of_line, basic@00013548, basic@00013788
end_of_line, basic@00013550, basic@00013788
end_of_line, basic@00013580, basic@00013580
end_of_line, basic@00013550, basic@00013580
end_of_line, basic@00013580, basic@00013598
end_of_line, basic@00013598, basic@0001359c
end_of_line, basic@00013788, basic@0001359c
end_of_line, basic@000136fc, basic@00013764
end_of_line, basic@0001359c, basic@00013764
end_of_line, basic@00013764, basic@0001376c
end_of_line, basic@0001376c, basic@00013778
end_of_line, basic@0001359c, basic@000135a8
end_of_line, basic@000135a8, basic@000137a0
end_of_line, basic@000135a8, basic@000135ac
end_of_line, basic@000135ac, basic@000137b4
end_of_line, basic@000137b4, basic@000137b8
end_of_line, basic@000137b4, basic@000137bc
end_of_line, basic@000137b8, basic@000137c0
end_of_line, basic@000137bc, basic@000137c0
end_of_line, basic@000135ac, basic@000135b4
end_of_line, basic@000135b4, basic@000135b8
end_of_line, basic@000135b8, basic@000135c8
end_of_line, basic@000135b4, basic@000137a8
end_of_line, basic@000135b8, basic@000137a8
end_of_line, basic@000137a0, basic@000137a8
end_of_line, basic@000134e4, basic@00013508
end_of_line, basic@00013508, basic@000135e8
end_of_line, basic@000135e0, basic@000135e8
end_of_line, basic@000135e8, basic@000135f0
end_of_line, basic@000135e8, basic@000135fc
end_of_line, basic@000135f0, basic@000135fc
end_of_line, basic@000135fc, basic@00013604
end_of_line, basic@00013604, basic@00013610
end_of_line, basic@000135f0, basic@000135e0
end_of_line, basic@00013604, basic@000135e0
end_of_line, basic@000134e4, basic@00013504
end_of_line, basic@00013504, basic@00013628
end_of_line, basic@00013628, basic@00013630
end_of_line, basic@00013630, basic@00013648
end_of_line, basic@0001363c, basic@00013648
end_of_line, basic@00013648, basic@0001363c
end_of_line, basic@0001363c, basic@0001374c
end_of_line, basic@00013628, basic@0001374c
end_of_line, basic@000136f0, basic@00013750
end_of_line, basic@00013764, basic@00013750
end_of_line, basic@0001376c, basic@00013750
end_of_line, basic@000137a0, basic@00013750
end_of_line, basic@0001374c, basic@00013750
end_of_line, basic@00013500, basic@00013658
end_of_line, basic@00013510, basic@00013658
end_of_line, basic@0001350c, basic@00013658
end_of_line, basic@000135fc, basic@00013658
end_of_line, basic@00013504, basic@00013658
end_of_line, basic@00013648, basic@00013658
end_of_line, basic@00013738, basic@00013658
end_of_line, basic@00013704, basic@00013658
end_of_line, basic@000137a8, basic@00013658
test_incexc, basic@00013808, basic@00013814
test_incexc, basic@000137dc, basic@00013814
test_incexc, basic@00013814, basic@00013840
test_incexc, basic@00013814, basic@00013808
test_incexc, basic@00013808, basic@0001384c
test_incexc, basic@000137dc, basic@0001384c
test_incexc, basic@00013884, basic@00013858
test_incexc, basic@0001384c, basic@00013858
test_incexc, basic@00013858, basic@00013884
test_incexc, basic@00013884, basic@00013840
test_incexc, basic@0001384c, basic@00013894
test_incexc, basic@00013858, basic@00013894
read_one_line, basic@000138a0, basic@000138cc
read_one_line, basic@000138c8, basic@000138cc
read_one_line, basic@000138cc, basic@000138dc
read_one_line, basic@000138cc, basic@000138b8
read_one_line, basic@000138b8, basic@000138c4
read_one_line, basic@000138b8, basic@000138c8
read_one_line, basic@000138c4, basic@000138c8
read_one_line, basic@000138c8, basic@000138dc
pcregrep_exit, basic@000138e4, basic@00013914
pcregrep_exit, basic@000138e4, basic@0001390c
pcregrep_exit, basic@00013914, basic@0001390c
match_patterns, basic@00013974, basic@00013b0c
match_patterns, basic@00013974, basic@00013998
match_patterns, basic@00013998, basic@000139ac
match_patterns, basic@00013b0c, basic@000139ac
match_patterns, basic@000139ac, basic@000139b4
match_patterns, basic@000139b4, basic@000139cc
match_patterns, basic@00013a08, basic@000139cc
match_patterns, basic@000139cc, basic@00013b04
match_patterns, basic@000139cc, basic@00013a00
match_patterns, basic@00013a00, basic@00013a20
match_patterns, basic@00013a20, basic@00013a5c
match_patterns, basic@00013a20, basic@00013a74
match_patterns, basic@00013a5c, basic@00013a74
match_patterns, basic@00013a74, basic@00013ad4
match_patterns, basic@00013a74, basic@00013ae4
match_patterns, basic@00013ad4, basic@00013ae4
match_patterns, basic@00013ae4, basic@00013b28
match_patterns, basic@00013ae4, basic@00013b04
match_patterns, basic@00013a00, basic@00013a08
match_patterns, basic@000139ac, basic@00013a18
match_patterns, basic@00013a08, basic@00013a18
do_after_lines, basic@00013b78, basic@00013bb4
do_after_lines, basic@00013bb4, basic@00013bc8
do_after_lines, basic@00013bc8, basic@00013c48
do_after_lines, basic@00013c30, basic@00013c48
do_after_lines, basic@00013c48, basic@00013c50
do_after_lines, basic@00013c48, basic@00013c64
do_after_lines, basic@00013c50, basic@00013c64
do_after_lines, basic@00013c64, basic@00013c70
do_after_lines, basic@00013c64, basic@00013c00
do_after_lines, basic@00013c70, basic@00013c00
do_after_lines, basic@00013c00, basic@00013c30
do_after_lines, basic@00013b78, basic@00013c90
do_after_lines, basic@00013bb4, basic@00013c90
do_after_lines, basic@00013c00, basic@00013c90
do_after_lines, basic@00013c30, basic@00013c90
do_after_lines, basic@00013c90, basic@00013cb4
do_after_lines, basic@00013c90, basic@00013cbc
add_number, basic@00013ce0, basic@00013d04
add_number, basic@00013d04, basic@00013d14
add_number, basic@00013d04, basic@00013d20
add_number, basic@00013d14, basic@00013d20
add_number, basic@00013ce0, basic@00013d24
add_pattern, basic@00013d58, basic@00013de4
add_pattern, basic@00013d58, basic@00013d7c
add_pattern, basic@00013d7c, basic@00013d8c
add_pattern, basic@00013d8c, basic@00013d98
add_pattern, basic@00013d8c, basic@00013d9c
add_pattern, basic@00013d98, basic@00013d9c
add_pattern, basic@00013d9c, basic@00013da0
add_pattern, basic@00013d9c, basic@00013da4
add_pattern, basic@00013da0, basic@00013da4
add_pattern, basic@00013da4, basic@00013dac
add_pattern, basic@00013da4, basic@00013db8
add_pattern, basic@00013dac, basic@00013db8
add_pattern, basic@00013d7c, basic@00013dbc
pcregrep, basic@00013e1c, basic@000142f8
pcregrep, basic@00013e1c, basic@00013e70
pcregrep, basic@00013e70, basic@00014300
pcregrep, basic@000142f8, basic@00014300
pcregrep, basic@00013e70, basic@00013e7c
pcregrep, basic@00013e7c, basic@00013e9c
pcregrep, basic@00014300, basic@00013e9c
pcregrep, basic@00013e9c, basic@00014578
pcregrep, basic@00013e9c, basic@00013ec0
pcregrep, basic@00013ec0, basic@00013ecc
pcregrep, basic@00013ecc, basic@00013ed0
pcregrep, basic@00013ec0, basic@00013ed0
pcregrep, basic@00013ed0, basic@00014320
pcregrep, basic@00014320, basic@00014328
pcregrep, basic@00014328, basic@00013ee0
pcregrep, basic@00014578, basic@00013ee0
pcregrep, basic@00013ed0, basic@00013ee0
pcregrep, basic@00013ee0, basic@00013eec
pcregrep, basic@00013eec, basic@00013f34
pcregrep, basic@00014470, basic@00013f34
pcregrep, basic@00014674, basic@00013f34
pcregrep, basic@00013f34, basic@00013f6c
pcregrep, basic@00013f6c, basic@00013f78
pcregrep, basic@00013f34, basic@00013f78
pcregrep, basic@00013f78, basic@00013f84
pcregrep, basic@00013f78, basic@00013fa8
pcregrep, basic@00013f84, basic@00013fa8
pcregrep, basic@00013fa8, basic@00013fdc
pcregrep, basic@00014244, basic@00013fdc
pcregrep, basic@00013fdc, basic@00014004
pcregrep, basic@00014004, basic@00014684
pcregrep, basic@00014004, basic@00014014
pcregrep, basic@00014014, basic@000146dc
pcregrep, basic@00014014, basic@00014020
pcregrep, basic@00014020, basic@0001468c
pcregrep, basic@00014020, basic@0001402c
pcregrep, basic@0001402c, basic@000146e4
pcregrep, basic@0001402c, basic@00014038
pcregrep, basic@00014038, basic@00014708
pcregrep, basic@00014038, basic@00014040
pcregrep, basic@00014040, basic@0001472c
pcregrep, basic@0001472c, basic@0001473c
pcregrep, basic@0001472c, basic@0001488c
pcregrep, basic@0001473c, basic@0001488c
pcregrep, basic@0001473c, basic@00014748
pcregrep, basic@00014748, basic@00014754
pcregrep, basic@00014754, basic@0001477c
pcregrep, basic@00014770, basic@0001477c
pcregrep, basic@0001477c, basic@00014770
pcregrep, basic@0001477c, basic@00014794
pcregrep, basic@00014770, basic@00014794
pcregrep, basic@00014794, basic@00015268
pcregrep, basic@00014794, basic@0001482c
pcregrep, basic@000147f8, basic@0001482c
pcregrep, basic@0001482c, basic@00014834
pcregrep, basic@0001482c, basic@00014848
pcregrep, basic@00014834, basic@00014848
pcregrep, basic@00014848, basic@00014854
pcregrep, basic@00014848, basic@000147f8
pcregrep, basic@00014854, basic@000147f8
pcregrep, basic@00014748, basic@00015250
pcregrep, basic@00015250, basic@00014bb0
pcregrep, basic@000147f8, basic@00014bb0
pcregrep, basic@00014bb0, basic@00014bbc
pcregrep, basic@00015268, basic@00014bbc
pcregrep, basic@0001488c, basic@000148a4
pcregrep, basic@00014bb0, basic@000148a4
pcregrep, basic@00014bbc, basic@00014bcc
pcregrep, basic@000148a4, basic@00014bcc
pcregrep, basic@00014bcc, basic@000148b0
pcregrep, basic@000148a4, basic@000148b0
pcregrep, basic@000148b0, basic@000148c8
pcregrep, basic@000148c8, basic@000148f8
pcregrep, basic@00014b68, basic@000148f8
pcregrep, basic@00014c04, basic@000148f8
pcregrep, basic@00014960, basic@000148f8
pcregrep, basic@00014968, basic@000148f8
pcregrep, basic@000149d0, basic@000148f8
pcregrep, basic@00014b0c, basic@000148f8
pcregrep, basic@00014b14, basic@000148f8
pcregrep, basic@00014a64, basic@000148f8
pcregrep, basic@00014a70, basic@000148f8
pcregrep, basic@00014b24, basic@000148f8
pcregrep, basic@00014a48, basic@000148f8
pcregrep, basic@000149dc, basic@000148f8
pcregrep, basic@00014b74, basic@000148f8
pcregrep, basic@000148f8, basic@00014900
pcregrep, basic@00014900, basic@00014920
pcregrep, basic@00014920, basic@00014924
pcregrep, basic@00014900, basic@00014924
pcregrep, basic@00014924, basic@00014928
pcregrep, basic@00014928, basic@00014930
pcregrep, basic@00014924, basic@00014930
pcregrep, basic@00014930, basic@00014938
pcregrep, basic@00014938, basic@00014948
pcregrep, basic@00014948, basic@00014b54
pcregrep, basic@00014b54, basic@00014b60
pcregrep, basic@00014b60, basic@00014b74
pcregrep, basic@00014b68, basic@00014b74
pcregrep, basic@00014b74, basic@00014b68
pcregrep, basic@00014938, basic@00014958
pcregrep, basic@00014938, basic@00014954
pcregrep, basic@00014958, basic@000149ec
pcregrep, basic@00014954, basic@000149ec
pcregrep, basic@000149ec, basic@00014a04
pcregrep, basic@000149ec, basic@00014a08
pcregrep, basic@00014a04, basic@00014a08
pcregrep, basic@00014a08, basic@00014a10
pcregrep, basic@00014a10, basic@00014a18
pcregrep, basic@00014a08, basic@00014a1c
pcregrep, basic@00014a10, basic@00014a1c
pcregrep, basic@00014a18, basic@00014a1c
pcregrep, basic@00014a1c, basic@00014a24
pcregrep, basic@00014a24, basic@00014a30
pcregrep, basic@00014a34, basic@00014a30
pcregrep, basic@00014a30, basic@00014a34
pcregrep, basic@00014a1c, basic@00014a48
pcregrep, basic@00014a30, basic@00014a48
pcregrep, basic@00014b24, basic@00014a48
pcregrep, basic@00014b14, basic@00014a48
pcregrep, basic@00014a70, basic@00014a48
pcregrep, basic@00014a48, basic@00014a88
pcregrep, basic@00014aa4, basic@00014aa0
pcregrep, basic@00014a88, basic@00014aa0
pcregrep, basic@00014aa0, basic@00014aa4
pcregrep, basic@00014aa0, basic@00014ab4
pcregrep, basic@00014ab4, basic@00014abc
pcregrep, basic@00014a88, basic@00014a5c
pcregrep, basic@00014ab4, basic@00014a5c
pcregrep, basic@00014abc, basic@00014a5c
pcregrep, basic@00014aec, basic@00014aec
pcregrep, basic@00014abc, basic@00014aec
pcregrep, basic@00014aec, basic@00014b04
pcregrep, basic@00014b04, basic@00014a64
pcregrep, basic@00014a5c, basic@00014a64
pcregrep, basic@00014a64, basic@00014a6c
pcregrep, basic@00014a6c, basic@00014a70
pcregrep, basic@00014a6c, basic@00014b24
pcregrep, basic@00014b04, basic@00014b0c
pcregrep, basic@00014a5c, basic@00014b0c
pcregrep, basic@00014b0c, basic@00014b14
pcregrep, basic@00014938, basic@00014950
pcregrep, basic@00014950, basic@00014974
pcregrep, basic@00014968, basic@00014974
pcregrep, basic@00014974, basic@00014980
pcregrep, basic@00014980, basic@0001498c
pcregrep, basic@0001498c, basic@000149a0
pcregrep, basic@00014994, basic@000149a0
pcregrep, basic@000149a0, basic@00014994
pcregrep, basic@00014994, basic@00014960
pcregrep, basic@00014974, basic@00014960
pcregrep, basic@00014980, basic@00014960
pcregrep, basic@000149a0, basic@00014960
pcregrep, basic@00014960, basic@00014968
pcregrep, basic@00014938, basic@0001494c
pcregrep, basic@0001494c, basic@000149bc
pcregrep, basic@00014948, basic@00014c04
pcregrep, basic@00014b54, basic@00014c04
pcregrep, basic@0001494c, basic@00014c04
pcregrep, basic@000149bc, basic@00014c04
pcregrep, basic@000149bc, basic@000149c8
pcregrep, basic@000149c8, basic@000149dc
pcregrep, basic@000149d0, basic@000149dc
pcregrep, basic@000149dc, basic@000149d0
pcregrep, basic@000148f8, basic@00014f9c
pcregrep, basic@00014f9c, basic@00014d40
pcregrep, basic@00014930, basic@00014d40
pcregrep, basic@00014d40, basic@00014d50
pcregrep, basic@00014d40, basic@00014d54
pcregrep, basic@00014d50, basic@00014d58
pcregrep, basic@00014d54, basic@00014d58
pcregrep, basic@00014d58, basic@0001516c
pcregrep, basic@00014d58, basic@00014d60
pcregrep, basic@0001516c, basic@00014d60
pcregrep, basic@00014d60, basic@00014d68
pcregrep, basic@00014d68, basic@00014f18
pcregrep, basic@00014ee4, basic@00014f18
pcregrep, basic@00014f18, basic@00014f20
pcregrep, basic@00014f18, basic@00014f34
pcregrep, basic@00014f20, basic@00014f34
pcregrep, basic@00014f34, basic@00014f40
pcregrep, basic@00014f34, basic@00014ee4
pcregrep, basic@00014f40, basic@00014ee4
pcregrep, basic@00014d60, basic@00014f78
pcregrep, basic@00014ee4, basic@00014f78
pcregrep, basic@000148b0, basic@00014c14
pcregrep, basic@00014f78, basic@00014c14
pcregrep, basic@00014f78, basic@00014c18
pcregrep, basic@00014c14, basic@00014c18
pcregrep, basic@00014c18, basic@00014c20
pcregrep, basic@00014c14, basic@00014c20
pcregrep, basic@00014c20, basic@00014c2c
pcregrep, basic@00014c20, basic@00014c44
pcregrep, basic@00014c2c, basic@00014c44
pcregrep, basic@00014c44, basic@00014d10
pcregrep, basic@00014c44, basic@00014c58
pcregrep, basic@00014d10, basic@00014c58
pcregrep, basic@00014c58, basic@00014c78
pcregrep, basic@00014c9c, basic@00014ca0
pcregrep, basic@00014c78, basic@00014ca0
pcregrep, basic@00014ca0, basic@00014c9c
pcregrep, basic@00014ca0, basic@00014cb4
pcregrep, basic@00014c78, basic@00014cc0
pcregrep, basic@00014cb4, basic@00014cc0
pcregrep, basic@00014c58, basic@00014ccc
pcregrep, basic@00014cc0, basic@00014ccc
pcregrep, basic@00014ccc, basic@00014cdc
pcregrep, basic@00014ccc, basic@00014ce0
pcregrep, basic@00014cdc, basic@00014ce4
pcregrep, basic@00014ce0, basic@00014ce4
pcregrep, basic@00014ce4, basic@00014fc8
pcregrep, basic@0001508c, basic@00015108
pcregrep, basic@00014fc8, basic@00015108
pcregrep, basic@00015108, basic@00015130
pcregrep, basic@00015108, basic@0001508c
pcregrep, basic@00014fc8, basic@00015148
pcregrep, basic@00015130, basic@00015148
pcregrep, basic@0001508c, basic@00015148
pcregrep, basic@00015148, basic@00015154
pcregrep, basic@00014ce4, basic@00014cec
pcregrep, basic@00014040, basic@0001404c
pcregrep, basic@00014cec, basic@0001469c
pcregrep, basic@00015148, basic@0001469c
pcregrep, basic@00015154, basic@0001469c
pcregrep, basic@0001468c, basic@0001469c
pcregrep, basic@0001404c, basic@0001469c
pcregrep, basic@0001469c, basic@00014b84
pcregrep, basic@0001469c, basic@000146b0
pcregrep, basic@00014b84, basic@000146b0
pcregrep, basic@0001404c, basic@00014054
pcregrep, basic@00014054, basic@00014060
pcregrep, basic@00014054, basic@0001407c
pcregrep, basic@00014060, basic@0001407c
pcregrep, basic@0001407c, basic@00014288
pcregrep, basic@0001407c, basic@00014090
pcregrep, basic@00014288, basic@00014090
pcregrep, basic@00014090, basic@00014254
pcregrep, basic@00014090, basic@000140a4
pcregrep, basic@000140a4, basic@000142c0
pcregrep, basic@000140a4, basic@000140b0
pcregrep, basic@00014134, basic@00014140
pcregrep, basic@000141c4, basic@00014140
pcregrep, basic@000140b0, basic@00014140
pcregrep, basic@00014140, basic@00014150
pcregrep, basic@00014150, basic@00014174
pcregrep, basic@00014174, basic@00014180
pcregrep, basic@00014180, basic@00014100
pcregrep, basic@00014174, basic@00014100
pcregrep, basic@00014100, basic@000141a0
pcregrep, basic@00014100, basic@00014104
pcregrep, basic@000141a0, basic@00014104
pcregrep, basic@00014104, basic@0001412c
pcregrep, basic@00014140, basic@00014134
pcregrep, basic@00014150, basic@00014134
pcregrep, basic@0001412c, basic@00014134
pcregrep, basic@00014104, basic@000141c4
pcregrep, basic@00014134, basic@000141e8
pcregrep, basic@000141c4, basic@000141e8
pcregrep, basic@000141e8, basic@000141f0
pcregrep, basic@000140b0, basic@000141f4
pcregrep, basic@000141e8, basic@000141f4
pcregrep, basic@000141f0, basic@000141f4
pcregrep, basic@000141f4, basic@000141fc
pcregrep, basic@000141f4, basic@00014200
pcregrep, basic@000141fc, basic@00014200
pcregrep, basic@00014200, basic@00014208
pcregrep, basic@00014200, basic@0001421c
pcregrep, basic@00014208, basic@0001421c
pcregrep, basic@00014208, basic@00014230
pcregrep, basic@0001421c, basic@00014230
pcregrep, basic@000142c0, basic@00014230
pcregrep, basic@00014254, basic@00014230
pcregrep, basic@00014230, basic@000142ac
pcregrep, basic@00014230, basic@00014244
pcregrep, basic@000142ac, basic@00014244
pcregrep, basic@00013fdc, basic@00014584
pcregrep, basic@000146b0, basic@00014594
pcregrep, basic@00014584, basic@00014594
pcregrep, basic@00014594, basic@000145a8
pcregrep, basic@000145a8, basic@000145b8
pcregrep, basic@000145b8, basic@000145cc
pcregrep, basic@000145cc, basic@000145e4
pcregrep, basic@000145e0, basic@000145e4
pcregrep, basic@000145e4, basic@000145dc
pcregrep, basic@000145dc, basic@00014fc0
pcregrep, basic@000145dc, basic@000145e0
pcregrep, basic@00014fc0, basic@000145fc
pcregrep, basic@000145b8, basic@000145fc
pcregrep, basic@000145e4, basic@000145fc
pcregrep, basic@000145fc, basic@00014338
pcregrep, basic@00014594, basic@00014338
pcregrep, basic@000145a8, basic@00014338
pcregrep, basic@00014338, basic@00014360
pcregrep, basic@00014360, basic@00014624
pcregrep, basic@00014338, basic@0001465c
pcregrep, basic@00014624, basic@0001465c
pcregrep, basic@0001465c, basic@00014674
pcregrep, basic@00014360, basic@00014378
pcregrep, basic@0001465c, basic@00014378
pcregrep, basic@00014378, basic@000143a0
pcregrep, basic@000143a0, basic@000143a8
pcregrep, basic@000143a0, basic@000143b0
pcregrep, basic@000143b0, basic@000143c0
pcregrep, basic@000143c0, basic@000143cc
pcregrep, basic@000143a8, basic@000143f8
pcregrep, basic@000143b0, basic@000143f8
pcregrep, basic@000143c0, basic@000143f8
pcregrep, basic@000143cc, basic@000143f8
pcregrep, basic@000143f8, basic@0001487c
pcregrep, basic@000143f8, basic@00014424
pcregrep, basic@00014424, basic@00014430
pcregrep, basic@0001487c, basic@00014430
pcregrep, basic@00014430, basic@00014458
pcregrep, basic@00014378, basic@00014470
pcregrep, basic@00014430, basic@00014470
pcregrep, basic@00014458, basic@00014470
pcregrep, basic@00013f84, basic@000151b0
pcregrep, basic@000151b0, basic@000152b4
pcregrep, basic@000151b0, basic@000151c8
pcregrep, basic@000151c8, basic@000151d4
pcregrep, basic@000152b4, basic@000151d4
pcregrep, basic@00013ee0, basic@000151f8
pcregrep, basic@000151f8, basic@00014480
pcregrep, basic@00014470, basic@00014480
pcregrep, basic@00014674, basic@00014480
pcregrep, basic@00014480, basic@00014494
pcregrep, basic@00014494, basic@000144a0
pcregrep, basic@000144a0, basic@000144ac
pcregrep, basic@000144a0, basic@000144b0
pcregrep, basic@000144ac, basic@000144b0
pcregrep, basic@000144b0, basic@000144b4
pcregrep, basic@000144b0, basic@000144c8
pcregrep, basic@000144b4, basic@000144c8
pcregrep, basic@00014480, basic@000144e0
pcregrep, basic@000144c8, basic@000144e0
pcregrep, basic@000144e0, basic@000144f4
pcregrep, basic@00014494, basic@00015214
pcregrep, basic@000144e0, basic@00015228
pcregrep, basic@00015214, basic@00015228
pcregrep, basic@000144f4, basic@00014508
pcregrep, basic@00015214, basic@00014508
pcregrep, basic@00014508, basic@0001451c
pcregrep, basic@0001451c, basic@00015280
pcregrep, basic@0001451c, basic@00014528
pcregrep, basic@00015280, basic@00014528
pcregrep, basic@00014528, basic@00015290
pcregrep, basic@00015290, basic@00014540
pcregrep, basic@00014528, basic@00014540
pcregrep, basic@000144f4, basic@00014558
pcregrep, basic@00014508, basic@00014558
pcregrep, basic@00014540, basic@00014558
pcregrep, basic@00015280, basic@00014558
pcregrep, basic@00015228, basic@00014558
pcregrep, basic@00014708, basic@00014558
pcregrep, basic@000146e4, basic@00014558
pcregrep, basic@000146dc, basic@00014558
pcregrep, basic@00014684, basic@00014558
pcregrep, basic@000151d4, basic@00014558
pcregrep, basic@00014320, basic@00014558
pcregrep, basic@00014558, basic@00014570
pcregrep, basic@00014558, basic@0001527c
grep_or_recurse, basic@000152c4, basic@00015308
grep_or_recurse, basic@00015308, basic@00015318
grep_or_recurse, basic@000152c4, basic@00015318
grep_or_recurse, basic@00015318, basic@00015324
grep_or_recurse, basic@00015318, basic@000153d4
grep_or_recurse, basic@00015324, basic@000153d4
grep_or_recurse, basic@000153d4, basic@000153ec
grep_or_recurse, basic@000153ec, basic@000153fc
grep_or_recurse, basic@000153d4, basic@00015410
grep_or_recurse, basic@000153ec, basic@00015410
grep_or_recurse, basic@000153fc, basic@00015410
grep_or_recurse, basic@00015324, basic@00015334
grep_or_recurse, basic@00015334, basic@00015348
grep_or_recurse, basic@00015348, basic@00015360
grep_or_recurse, basic@00015360, basic@0001548c
grep_or_recurse, basic@0001548c, basic@00015574
grep_or_recurse, basic@00015574, basic@00015580
grep_or_recurse, basic@0001548c, basic@0001549c
grep_or_recurse, basic@0001549c, basic@000154ac
grep_or_recurse, basic@00015528, basic@000154ac
grep_or_recurse, basic@0001553c, basic@000154ac
grep_or_recurse, basic@000154ac, basic@000154bc
grep_or_recurse, basic@00015508, basic@000154bc
grep_or_recurse, basic@000154bc, basic@00015528
grep_or_recurse, basic@00015528, basic@00015534
grep_or_recurse, basic@00015534, basic@0001553c
grep_or_recurse, basic@000154bc, basic@000154c8
grep_or_recurse, basic@00015534, basic@000154c8
grep_or_recurse, basic@0001553c, basic@000154c8
grep_or_recurse, basic@000154c8, basic@0001554c
grep_or_recurse, basic@0001554c, basic@00015558
grep_or_recurse, basic@000154c8, basic@00015508
grep_or_recurse, basic@00015558, basic@00015508
grep_or_recurse, basic@0001554c, basic@00015508
grep_or_recurse, basic@000154ac, basic@0001551c
grep_or_recurse, basic@00015508, basic@0001551c
grep_or_recurse, basic@00015360, basic@0001536c
grep_or_recurse, basic@00015410, basic@0001536c
grep_or_recurse, basic@0001536c, basic@00015438
grep_or_recurse, basic@00015438, basic@00015448
grep_or_recurse, basic@00015438, basic@00015450
grep_or_recurse, basic@0001536c, basic@00015384
grep_or_recurse, basic@00015384, basic@00015560
grep_or_recurse, basic@00015560, basic@0001556c
grep_or_recurse, basic@00015384, basic@0001539c
grep_or_recurse, basic@0001556c, basic@0001539c
grep_or_recurse, basic@00015560, basic@0001539c
grep_or_recurse, basic@00015334, basic@00015430
grep_or_recurse, basic@00015348, basic@00015430
grep_or_recurse, basic@000153fc, basic@00015430
grep_or_recurse, basic@00015410, basic@00015430
grep_or_recurse, basic@0001539c, basic@000153b4
grep_or_recurse, basic@00015448, basic@000153b4
grep_or_recurse, basic@00015450, basic@000153b4
grep_or_recurse, basic@0001551c, basic@000153b4
grep_or_recurse, basic@00015574, basic@000153b4
grep_or_recurse, basic@00015580, basic@000153b4
grep_or_recurse, basic@00015430, basic@000153b4
grep_or_recurse, basic@000153b4, basic@000153c8
grep_or_recurse, basic@000153b4, basic@000155b8
grep_or_recurse, basic@000155ec, basic@00015600
grep_or_recurse, basic@00015600, basic@0001560c
grep_or_recurse, basic@0001560c, basic@00015644
grep_or_recurse, basic@00015644, basic@00015650
grep_or_recurse, basic@0001560c, basic@0001563c
grep_or_recurse, basic@00015650, basic@0001563c
grep_or_recurse, basic@00015644, basic@0001563c
grep_or_recurse, basic@000155ec, basic@00015640
grep_or_recurse, basic@00015600, basic@00015640
usage, basic@00015668, basic@000156a8
usage, basic@000156a8, basic@000156ac
usage, basic@000156c0, basic@000156ac
usage, basic@000156ac, basic@000156b8
usage, basic@000156ac, basic@000156c0
usage, basic@000156b8, basic@000156c0
usage, basic@00015668, basic@000156cc
usage, basic@000156c0, basic@000156cc
decode_number, basic@0001571c, basic@000157e0
decode_number, basic@0001571c, basic@00015748
decode_number, basic@00015748, basic@00015764
decode_number, basic@00015758, basic@00015764
decode_number, basic@00015764, basic@00015774
decode_number, basic@00015764, basic@00015758
decode_number, basic@00015774, basic@00015778
decode_number, basic@00015758, basic@00015778
decode_number, basic@000157e0, basic@00015778
decode_number, basic@00015778, basic@00015790
decode_number, basic@00015784, basic@00015790
decode_number, basic@00015790, basic@00015784
decode_number, basic@00015790, basic@000157a0
decode_number, basic@000157a0, basic@000157b4
decode_number, basic@000157a0, basic@000157c0
decode_number, basic@000157c0, basic@000157c4
decode_number, basic@000157b4, basic@000157cc
decode_number, basic@000157c0, basic@000157cc
decode_number, basic@000157c4, basic@000157cc
decode_number, basic@000157cc, basic@000157f0
decode_number, basic@000157f0, basic@0001584c
decode_number, basic@000157f0, basic@000157f8
decode_number, basic@000157f8, basic@00015814
decode_number, basic@00015814, basic@0001581c
decode_number, basic@000157f8, basic@0001581c
decode_number, basic@0001581c, basic@00015844
decode_number, basic@0001584c, basic@00015844
decode_number, basic@000157cc, basic@000157d4
handle_option, basic@00015888, basic@00015adc
handle_option, basic@00015888, basic@00015ad8
handle_option, basic@00015888, basic@00015ad4
handle_option, basic@00015888, basic@00015ad0
handle_option, basic@00015888, basic@00015acc
handle_option, basic@00015888, basic@00015ac8
handle_option, basic@00015888, basic@00015ac4
handle_option, basic@00015888, basic@00015ac0
handle_option, basic@00015888, basic@00015abc
handle_option, basic@00015888, basic@00015ab8
handle_option, basic@00015ab8, basic@00015b70
handle_option, basic@00015888, basic@00015ab4
handle_option, basic@00015888, basic@00015ab0
handle_option, basic@00015888, basic@00015aac
handle_option, basic@00015888, basic@00015aa8
handle_option, basic@00015888, basic@00015aa4
handle_option, basic@00015888, basic@00015aa0
handle_option, basic@00015888, basic@00015a9c
handle_option, basic@00015888, basic@00015a98
handle_option, basic@00015888, basic@00015a94
handle_option, basic@00015888, basic@00015a90
handle_option, basic@00015888, basic@00015a8c
handle_option, basic@00015888, basic@00015a88
handle_option, basic@00015888, basic@00015a84
handle_option, basic@00015888, basic@00015a80
handle_option, basic@00015888, basic@00015a7c
handle_option, basic@00015888, basic@00015a78
handle_option, basic@00015888, basic@00015a74
handle_option, basic@00015888, basic@00015a70
handle_option, basic@00015888, basic@00015a6c
handle_option, basic@00015888, basic@00015a68
handle_option, basic@00015888, basic@00015a64
handle_option, basic@00015888, basic@00015a60
handle_option, basic@00015888, basic@00015a5c
handle_option, basic@00015888, basic@00015a58
handle_option, basic@00015888, basic@00015a54
handle_option, basic@00015888, basic@00015a50
handle_option, basic@00015888, basic@00015a4c
handle_option, basic@00015888, basic@00015a48
handle_option, basic@00015888, basic@00015a44
handle_option, basic@00015888, basic@00015a40
handle_option, basic@00015888, basic@00015a3c
handle_option, basic@00015888, basic@00015a38
handle_option, basic@00015888, basic@00015a34
handle_option, basic@00015888, basic@00015a30
handle_option, basic@00015888, basic@00015a2c
handle_option, basic@00015888, basic@00015a28
handle_option, basic@00015888, basic@00015a24
handle_option, basic@00015888, basic@00015a20
handle_option, basic@00015888, basic@00015a1c
handle_option, basic@00015888, basic@00015a18
handle_option, basic@00015888, basic@00015a14
handle_option, basic@00015888, basic@00015a10
handle_option, basic@00015888, basic@00015a0c
handle_option, basic@00015888, basic@00015a08
handle_option, basic@00015888, basic@00015a04
handle_option, basic@00015888, basic@00015a00
handle_option, basic@00015888, basic@000159fc
handle_option, basic@00015888, basic@000159f8
handle_option, basic@00015888, basic@000159f4
handle_option, basic@00015888, basic@000159f0
handle_option, basic@00015888, basic@000159ec
handle_option, basic@00015888, basic@000159e8
handle_option, basic@00015888, basic@000159e4
handle_option, basic@00015888, basic@000159e0
handle_option, basic@00015888, basic@000159dc
handle_option, basic@00015888, basic@000159d8
handle_option, basic@00015888, basic@000159d4
handle_option, basic@00015888, basic@000159d0
handle_option, basic@00015888, basic@000159cc
handle_option, basic@00015888, basic@000159c8
handle_option, basic@00015888, basic@000159c4
handle_option, basic@00015888, basic@000159c0
handle_option, basic@00015888, basic@000159bc
handle_option, basic@00015888, basic@000159b8
handle_option, basic@00015888, basic@000159b4
handle_option, basic@00015888, basic@000159b0
handle_option, basic@00015888, basic@000159ac
handle_option, basic@00015888, basic@000159a8
handle_option, basic@00015888, basic@000159a4
handle_option, basic@00015888, basic@000159a0
handle_option, basic@00015888, basic@0001599c
handle_option, basic@00015888, basic@00015998
handle_option, basic@00015888, basic@00015994
handle_option, basic@00015888, basic@00015990
handle_option, basic@00015888, basic@0001598c
handle_option, basic@00015888, basic@00015988
handle_option, basic@00015888, basic@00015984
handle_option, basic@00015888, basic@00015980
handle_option, basic@00015888, basic@0001597c
handle_option, basic@00015888, basic@00015978
handle_option, basic@00015888, basic@00015974
handle_option, basic@00015888, basic@00015970
handle_option, basic@00015888, basic@0001596c
handle_option, basic@00015888, basic@00015968
handle_option, basic@00015888, basic@00015964
handle_option, basic@00015888, basic@00015960
handle_option, basic@00015888, basic@0001595c
handle_option, basic@00015888, basic@00015958
handle_option, basic@00015888, basic@00015954
handle_option, basic@00015888, basic@00015950
handle_option, basic@00015888, basic@0001594c
handle_option, basic@00015888, basic@00015948
handle_option, basic@00015888, basic@00015944
handle_option, basic@00015888, basic@00015940
handle_option, basic@00015888, basic@0001593c
handle_option, basic@00015888, basic@00015938
handle_option, basic@00015888, basic@00015934
handle_option, basic@00015888, basic@00015930
handle_option, basic@00015888, basic@0001592c
handle_option, basic@00015888, basic@00015928
handle_option, basic@00015888, basic@00015924
handle_option, basic@00015888, basic@00015920
handle_option, basic@00015888, basic@0001591c
handle_option, basic@00015888, basic@00015918
handle_option, basic@00015888, basic@00015914
handle_option, basic@00015888, basic@00015910
handle_option, basic@00015888, basic@0001590c
handle_option, basic@00015888, basic@00015908
handle_option, basic@00015888, basic@00015904
handle_option, basic@00015888, basic@00015900
handle_option, basic@00015888, basic@000158fc
handle_option, basic@00015888, basic@000158f8
handle_option, basic@00015888, basic@000158f4
handle_option, basic@00015888, basic@000158f0
handle_option, basic@00015888, basic@000158ec
handle_option, basic@000158ec, basic@00015d3c
handle_option, basic@00015d3c, basic@00015d88
handle_option, basic@00015d78, basic@00015d88
handle_option, basic@00015d88, basic@00015da0
handle_option, basic@00015da0, basic@00015efc
handle_option, basic@00015da0, basic@00015da8
handle_option, basic@00015da8, basic@00015db4
handle_option, basic@00015db4, basic@00015dd4
handle_option, basic@00015efc, basic@00015dd4
handle_option, basic@00015da8, basic@00015f08
handle_option, basic@00015dd4, basic@00015dec
handle_option, basic@00015f08, basic@00015dec
handle_option, basic@00015dec, basic@00015e00
handle_option, basic@00015dec, basic@00015e04
handle_option, basic@00015e00, basic@00015e04
handle_option, basic@00015d88, basic@00015d78
handle_option, basic@00015e04, basic@00015d78
handle_option, basic@000158ec, basic@00015e90
handle_option, basic@00015d78, basic@00015e90
handle_option, basic@00015888, basic@000158e8
handle_option, basic@00015888, basic@000158e4
handle_option, basic@00015888, basic@000158e0
handle_option, basic@00015888, basic@000158dc
handle_option, basic@00015888, basic@000158d8
handle_option, basic@00015888, basic@000158d4
handle_option, basic@00015888, basic@000158d0
handle_option, basic@00015888, basic@000158cc
handle_option, basic@00015888, basic@000158c8
handle_option, basic@00015888, basic@000158c4
handle_option, basic@00015888, basic@000158c0
handle_option, basic@00015acc, basic@00015e68
handle_option, basic@00015abc, basic@00015e68
handle_option, basic@00015ab0, basic@00015e68
handle_option, basic@00015aa8, basic@00015e68
handle_option, basic@00015aa4, basic@00015e68
handle_option, basic@00015a98, basic@00015e68
handle_option, basic@00015a94, basic@00015e68
handle_option, basic@00015a90, basic@00015e68
handle_option, basic@00015a8c, basic@00015e68
handle_option, basic@00015a84, basic@00015e68
handle_option, basic@00015a7c, basic@00015e68
handle_option, basic@00015a78, basic@00015e68
handle_option, basic@00015a74, basic@00015e68
handle_option, basic@00015a70, basic@00015e68
handle_option, basic@00015a6c, basic@00015e68
handle_option, basic@00015a68, basic@00015e68
handle_option, basic@00015a64, basic@00015e68
handle_option, basic@00015a60, basic@00015e68
handle_option, basic@00015a5c, basic@00015e68
handle_option, basic@00015a58, basic@00015e68
handle_option, basic@00015a50, basic@00015e68
handle_option, basic@00015a4c, basic@00015e68
handle_option, basic@00015a48, basic@00015e68
handle_option, basic@00015a44, basic@00015e68
handle_option, basic@00015a40, basic@00015e68
handle_option, basic@00015a3c, basic@00015e68
handle_option, basic@00015a38, basic@00015e68
handle_option, basic@00015a34, basic@00015e68
handle_option, basic@00015a28, basic@00015e68
handle_option, basic@00015a24, basic@00015e68
handle_option, basic@00015a18, basic@00015e68
handle_option, basic@00015a10, basic@00015e68
handle_option, basic@00015a0c, basic@00015e68
handle_option, basic@00015a08, basic@00015e68
handle_option, basic@00015a04, basic@00015e68
handle_option, basic@00015a00, basic@00015e68
handle_option, basic@000159fc, basic@00015e68
handle_option, basic@000159f8, basic@00015e68
handle_option, basic@000159f4, basic@00015e68
handle_option, basic@000159f0, basic@00015e68
handle_option, basic@000159ec, basic@00015e68
handle_option, basic@000159e8, basic@00015e68
handle_option, basic@000159e4, basic@00015e68
handle_option, basic@000159e0, basic@00015e68
handle_option, basic@000159dc, basic@00015e68
handle_option, basic@000159d8, basic@00015e68
handle_option, basic@000159d4, basic@00015e68
handle_option, basic@000159d0, basic@00015e68
handle_option, basic@000159cc, basic@00015e68
handle_option, basic@000159c8, basic@00015e68
handle_option, basic@000159c4, basic@00015e68
handle_option, basic@000159c0, basic@00015e68
handle_option, basic@000159bc, basic@00015e68
handle_option, basic@000159b8, basic@00015e68
handle_option, basic@000159b4, basic@00015e68
handle_option, basic@000159b0, basic@00015e68
handle_option, basic@000159ac, basic@00015e68
handle_option, basic@000159a8, basic@00015e68
handle_option, basic@000159a4, basic@00015e68
handle_option, basic@000159a0, basic@00015e68
handle_option, basic@0001599c, basic@00015e68
handle_option, basic@00015998, basic@00015e68
handle_option, basic@00015994, basic@00015e68
handle_option, basic@00015990, basic@00015e68
handle_option, basic@0001598c, basic@00015e68
handle_option, basic@00015988, basic@00015e68
handle_option, basic@00015984, basic@00015e68
handle_option, basic@00015980, basic@00015e68
handle_option, basic@0001597c, basic@00015e68
handle_option, basic@00015978, basic@00015e68
handle_option, basic@00015974, basic@00015e68
handle_option, basic@00015970, basic@00015e68
handle_option, basic@0001596c, basic@00015e68
handle_option, basic@00015968, basic@00015e68
handle_option, basic@00015964, basic@00015e68
handle_option, basic@00015960, basic@00015e68
handle_option, basic@0001595c, basic@00015e68
handle_option, basic@00015958, basic@00015e68
handle_option, basic@00015954, basic@00015e68
handle_option, basic@00015950, basic@00015e68
handle_option, basic@0001594c, basic@00015e68
handle_option, basic@00015948, basic@00015e68
handle_option, basic@00015944, basic@00015e68
handle_option, basic@00015940, basic@00015e68
handle_option, basic@0001593c, basic@00015e68
handle_option, basic@00015938, basic@00015e68
handle_option, basic@00015934, basic@00015e68
handle_option, basic@00015930, basic@00015e68
handle_option, basic@0001592c, basic@00015e68
handle_option, basic@00015928, basic@00015e68
handle_option, basic@00015924, basic@00015e68
handle_option, basic@00015920, basic@00015e68
handle_option, basic@0001591c, basic@00015e68
handle_option, basic@00015918, basic@00015e68
handle_option, basic@00015914, basic@00015e68
handle_option, basic@00015910, basic@00015e68
handle_option, basic@0001590c, basic@00015e68
handle_option, basic@00015908, basic@00015e68
handle_option, basic@00015904, basic@00015e68
handle_option, basic@00015900, basic@00015e68
handle_option, basic@000158fc, basic@00015e68
handle_option, basic@000158f8, basic@00015e68
handle_option, basic@000158f4, basic@00015e68
handle_option, basic@000158f0, basic@00015e68
handle_option, basic@000158e8, basic@00015e68
handle_option, basic@000158e4, basic@00015e68
handle_option, basic@000158e0, basic@00015e68
handle_option, basic@000158dc, basic@00015e68
handle_option, basic@000158d8, basic@00015e68
handle_option, basic@000158c8, basic@00015e68
handle_option, basic@000158c4, basic@00015e68
handle_option, basic@000158c0, basic@00015e68
handle_option, basic@00015888, basic@00015e68
handle_option, basic@00015888, basic@000158bc
handle_option, basic@00015adc, basic@00015af4
handle_option, basic@00015ad8, basic@00015af4
handle_option, basic@00015ad4, basic@00015af4
handle_option, basic@00015ad0, basic@00015af4
handle_option, basic@00015ac8, basic@00015af4
handle_option, basic@00015ac4, basic@00015af4
handle_option, basic@00015ac0, basic@00015af4
handle_option, basic@00015ab4, basic@00015af4
handle_option, basic@00015aac, basic@00015af4
handle_option, basic@00015aa0, basic@00015af4
handle_option, basic@00015a9c, basic@00015af4
handle_option, basic@00015a88, basic@00015af4
handle_option, basic@00015a80, basic@00015af4
handle_option, basic@00015a30, basic@00015af4
handle_option, basic@00015a2c, basic@00015af4
handle_option, basic@00015a20, basic@00015af4
handle_option, basic@00015a1c, basic@00015af4
handle_option, basic@00015a14, basic@00015af4
handle_option, basic@000158d4, basic@00015af4
handle_option, basic@000158d0, basic@00015af4
handle_option, basic@000158cc, basic@00015af4
handle_option, basic@000158bc, basic@00015af4
handle_option, basic@00015ab8, basic@00015af4
handle_option, basic@00015b70, basic@00015af4
handle_option, basic@00015af4, basic@00015f20
handle_option, basic@00015af4, basic@00015b08
__libc_csu_init, basic@00015fe8, basic@0001601c
__libc_csu_init, basic@0001601c, basic@0001601c
__libc_csu_init, basic@0001601c, basic@0001603c
