_init, basic@08048ee8, 08048ee8, 08048f0a
FUN_08048f10, basic@08048f10, 08048f10, 08048f16
open_file_for_reading, basic@08049360, 08049360, 08049394
main, basic@080493a0, 080493a0, 08049709
main, basic@08049710, 08049710, 08049718
main, basic@08049c60, 08049c60, 08049c8c
main, basic@08049d48, 08049d48, 08049d52
main, basic@0804971e, 0804971e, 0804972a
main, basic@08049730, 08049730, 0804973c
main, basic@0804a560, 0804a560, 0804a567
main, basic@0804a569, 0804a569, 0804a570
main, basic@0804b792, 0804b792, 0804b7e1
main, basic@0804b7e3, 0804b7e3, 0804b82c
main, basic@0804b832, 0804b832, 0804b85b
main, basic@0804b85d, 0804b85d, 0804b864
main, basic@0804b866, 0804b866, 0804b866
main, basic@0804b86c, 0804b86c, 0804b9c0
main, basic@0804a576, 0804a576, 0804a57d
main, basic@0804b9c5, 0804b9c5, 0804b9e1
main, basic@0804a583, 0804a583, 0804a591
main, basic@0804a594, 0804a594, 0804a5ab
main, basic@0804a0a0, 0804a0a0, 0804a5d0
main, basic@0804a0a0, 0804a0a0, 0804a0ab
main, basic@08049c10, 08049c10, 08049c1c
main, basic@08049d30, 08049d30, 08049d34
main, basic@08049c22, 08049c22, 08049c37
main, basic@08049c3d, 08049c3d, 08049c49
main, basic@08049c4c, 08049c4c, 08049c5b
main, basic@08049c92, 08049c92, 08049c95
main, basic@08049e88, 08049e88, 08049e91
main, basic@0804a0b0, 0804a0b0, 0804a0b4
main, basic@08049e97, 08049e97, 08049eab
main, basic@08049748, 08049748, 08049750
main, basic@08049756, 08049756, 0804975d
main, basic@0804975f, 0804975f, 08049766
main, basic@08049768, 08049768, 08049777
main, basic@0804977d, 0804977d, 0804978e
main, basic@08049791, 08049791, 08049798
main, basic@0804979a, 0804979a, 080497a9
main, basic@080497af, 080497af, 080497c0
main, basic@080497c3, 080497c3, 080497ca
main, basic@080497cc, 080497cc, 080497d3
main, basic@080497d5, 080497d5, 080497e4
main, basic@080497ea, 080497ea, 080497fb
main, basic@080497fe, 080497fe, 08049805
main, basic@08049807, 08049807, 08049816
main, basic@0804a0a0, 0804a0a0, 0804bb28
main, basic@0804981c, 0804981c, 0804982d
main, basic@08049830, 08049830, 0804986c
main, basic@0804986e, 0804986e, 08049877
main, basic@0804987d, 0804987d, 08049889
main, basic@0804ac91, 0804ac91, 0804ac98
main, basic@0804988f, 0804988f, 08049896
main, basic@0804989c, 0804989c, 080498a3
main, basic@0804ae97, 0804ae97, 0804ae99
main, basic@080498a9, 080498a9, 080498af
main, basic@080498b5, 080498b5, 0804992d
main, basic@08049933, 08049933, 0804993a
main, basic@0804a3be, 0804a3be, 0804a3c5
main, basic@0804ac9d, 0804ac9d, 0804ad34
main, basic@0804a3cb, 0804a3cb, 0804a464
main, basic@0804a467, 0804a467, 0804a48a
main, basic@08049940, 08049940, 08049947
main, basic@0804b3b9, 0804b3b9, 0804b455
main, basic@0804994d, 0804994d, 08049954
main, basic@08049956, 08049956, 0804999f
main, basic@080499a5, 080499a5, 080499ce
main, basic@080499d0, 080499d0, 080499d7
main, basic@080499d9, 080499d9, 080499d9
main, basic@080499df, 080499df, 08049b7c
main, basic@08049b82, 08049b82, 08049b95
main, basic@08049b98, 08049b98, 08049b9e
main, basic@08049ba0, 08049ba0, 08049bb4
main, basic@0804b592, 0804b592, 0804b5ac
main, basic@08049bba, 08049bba, 08049c0a
main, basic@08049eb1, 08049eb1, 08049eb9
main, basic@08049c9b, 08049c9b, 08049c9e
main, basic@0804a139, 0804a139, 0804a156
main, basic@0804a15c, 0804a15c, 0804a17b
main, basic@08049ca4, 08049ca4, 08049ca4
main, basic@08049d60, 08049d60, 08049d65
main, basic@08049d6b, 08049d6b, 08049d6b
main, basic@08049f98, 08049f98, 08049f9d
main, basic@0804a0bf, 0804a0bf, 0804a0d6
main, basic@08049fa3, 08049fa3, 08049fa3
main, basic@0804a6af, 0804a6af, 0804a6b4
main, basic@0804a731, 0804a731, 0804a74e
main, basic@0804b50d, 0804b50d, 0804b536
main, basic@0804a754, 0804a754, 0804a761
main, basic@0804b4e4, 0804b4e4, 0804b508
main, basic@0804a6b6, 0804a6b6, 0804a6b6
main, basic@0804b2e3, 0804b2e3, 0804b2e8
main, basic@0804b2ea, 0804b2ea, 0804b2ef
main, basic@0804a0a0, 0804a0a0, 0804b312
main, basic@0804a6bc, 0804a6bc, 0804a6c1
main, basic@0804a715, 0804a715, 0804a72c
main, basic@0804a6c3, 0804a6c3, 0804a6c8
main, basic@0804a6ce, 0804a6ce, 0804a6eb
main, basic@0804a6f1, 0804a6f1, 0804a710
main, basic@08049fa9, 08049fa9, 08049fae
main, basic@0804a082, 0804a082, 0804a0ab
main, basic@08049fb4, 08049fb4, 08049fb4
main, basic@0804a989, 0804a989, 0804a98e
main, basic@0804a0a0, 0804a0a0, 0804a9db
main, basic@0804a990, 0804a990, 0804a995
main, basic@0804a0a0, 0804a0a0, 0804a9b8
main, basic@08049fba, 08049fba, 08049fbf
main, basic@0804a50d, 0804a50d, 0804a524
main, basic@08049fc5, 08049fc5, 08049fca
main, basic@08049fd0, 08049fd0, 08049fd5
main, basic@08049fdb, 08049fdb, 08049fe4
main, basic@08049fe8, 08049fe8, 08049fed
main, basic@08049ff3, 08049ff3, 08049ff5
main, basic@08049ffb, 08049ffb, 0804a001
main, basic@0804a007, 0804a007, 0804a009
main, basic@0804a010, 0804a010, 0804a025
main, basic@0804a027, 0804a027, 0804a02d
main, basic@0804a033, 0804a033, 0804a035
main, basic@0804b241, 0804b241, 0804b260
main, basic@0804a03b, 0804a03b, 0804a042
main, basic@0804a048, 0804a048, 0804a04e
main, basic@0804b170, 0804b170, 0804b178
main, basic@0804a054, 0804a054, 0804a056
main, basic@0804b180, 0804b180, 0804b187
main, basic@0804a05c, 0804a05c, 0804a068
main, basic@0804a06a, 0804a06a, 0804a07d
main, basic@0804b160, 0804b160, 0804b163
main, basic@0804b209, 0804b209, 0804b220
main, basic@08049d71, 08049d71, 08049d74
main, basic@0804a105, 0804a105, 0804a110
main, basic@0804a339, 0804a339, 0804a345
main, basic@0804a34b, 0804a34b, 0804a359
main, basic@0804ad39, 0804ad39, 0804ad51
main, basic@0804a116, 0804a116, 0804a134
main, basic@0804ad57, 0804ad57, 0804ad72
main, basic@0804a35f, 0804a35f, 0804a36d
main, basic@0804a373, 0804a373, 0804a37f
main, basic@0804b5b1, 0804b5b1, 0804b5bf
main, basic@0804a385, 0804a385, 0804a39d
main, basic@0804b128, 0804b128, 0804b13c
main, basic@0804a3a3, 0804a3a3, 0804a3b9
main, basic@0804b5c5, 0804b5c5, 0804b5e2
main, basic@0804b5e8, 0804b5e8, 0804b5f4
main, basic@0804b5fa, 0804b5fa, 0804b5fe
main, basic@0804b694, 0804b694, 0804b6a9
main, basic@0804baea, 0804baea, 0804baf4
main, basic@0804b6af, 0804b6af, 0804b6c2
main, basic@08049d7a, 08049d7a, 08049d7a
main, basic@08049d80, 08049d80, 08049d85
main, basic@08049dd4, 08049dd4, 08049df1
main, basic@0804ae3f, 0804ae3f, 0804ae6e
main, basic@08049df7, 08049df7, 08049e08
main, basic@0804a88a, 0804a88a, 0804a891
main, basic@0804a897, 0804a897, 0804a8bc
main, basic@08049e0e, 08049e0e, 08049e30
main, basic@08049e33, 08049e33, 08049e40
main, basic@0804b2bd, 0804b2bd, 0804b2de
main, basic@08049d87, 08049d87, 08049d87
main, basic@0804aaf4, 0804aaf4, 0804aaf9
main, basic@0804ab22, 0804ab22, 0804ab39
main, basic@0804aafb, 0804aafb, 0804ab00
main, basic@0804ab06, 0804ab06, 0804ab1d
main, basic@08049d8d, 08049d8d, 08049d92
main, basic@0804a529, 0804a529, 0804a540
main, basic@08049d98, 08049d98, 08049d9d
main, basic@0804b225, 0804b225, 0804b23c
main, basic@08049da3, 08049da3, 08049da8
main, basic@08049dae, 08049dae, 08049dcf
main, basic@0804a5d5, 0804a5d5, 0804a5d8
main, basic@0804a5fe, 0804a5fe, 0804a61b
main, basic@0804a621, 0804a621, 0804a640
main, basic@0804a5da, 0804a5da, 0804a5da
main, basic@0804a5e0, 0804a5e0, 0804a5e3
main, basic@0804ade5, 0804ade5, 0804adef
main, basic@0804a5e9, 0804a5e9, 0804a5ec
main, basic@0804a5f2, 0804a5f2, 0804a5f9
main, basic@0804a9e0, 0804a9e0, 0804a9e3
main, basic@0804aaad, 0804aaad, 0804aaca
main, basic@0804aad0, 0804aad0, 0804aaef
main, basic@0804a9e9, 0804a9e9, 0804a9ec
main, basic@0804a9f2, 0804a9f2, 0804a9fd
main, basic@0804aa03, 0804aa03, 0804aa0f
main, basic@0804b391, 0804b391, 0804b39f
main, basic@0804aa15, 0804aa15, 0804aa2d
main, basic@0804b265, 0804b265, 0804b283
main, basic@0804aa33, 0804aa33, 0804aa48
main, basic@0804aa4e, 0804aa4e, 0804aa5c
main, basic@0804aa62, 0804aa62, 0804aa6e
main, basic@0804b610, 0804b610, 0804b61e
main, basic@0804aa74, 0804aa74, 0804aa8c
main, basic@0804b141, 0804b141, 0804b155
main, basic@0804aa92, 0804aa92, 0804aaa8
main, basic@0804b624, 0804b624, 0804b641
main, basic@0804b647, 0804b647, 0804b653
main, basic@0804b655, 0804b655, 0804b659
main, basic@0804b65b, 0804b65b, 0804b673
main, basic@0804ba88, 0804ba88, 0804ba92
main, basic@0804b679, 0804b679, 0804b68f
main, basic@0804b604, 0804b604, 0804b60b
main, basic@0804a1de, 0804a1de, 0804a213
main, basic@0804a0a0, 0804a0a0, 0804ba5a
main, basic@0804a219, 0804a219, 0804a224
main, basic@0804a22a, 0804a22a, 0804a24c
main, basic@0804a0a0, 0804a0a0, 0804ba31
main, basic@0804a252, 0804a252, 0804a260
main, basic@0804a0a0, 0804a0a0, 0804ba05
main, basic@0804a266, 0804a266, 0804a283
main, basic@0804a0a0, 0804a0a0, 0804ba83
main, basic@0804a289, 0804a289, 0804a295
main, basic@0804a0a0, 0804a0a0, 0804b740
main, basic@0804a29b, 0804a29b, 0804a2a9
main, basic@0804a863, 0804a863, 0804a86d
main, basic@0804a2af, 0804a2af, 0804a2b6
main, basic@0804ae9e, 0804ae9e, 0804aeed
main, basic@0804aef3, 0804aef3, 0804af3c
main, basic@0804af83, 0804af83, 0804afbe
main, basic@0804afc0, 0804afc0, 0804afc7
main, basic@0804afc9, 0804afc9, 0804afc9
main, basic@0804afcf, 0804afcf, 0804b123
main, basic@0804a0a0, 0804a0a0, 0804af5d
main, basic@0804a2bc, 0804a2bc, 0804a2c3
main, basic@0804af62, 0804af62, 0804af7e
main, basic@0804a2c9, 0804a2c9, 0804a2ee
main, basic@08049caa, 08049caa, 08049cad
main, basic@0804a0db, 0804a0db, 0804a0e6
main, basic@0804abc1, 0804abc1, 0804abe1
main, basic@0804a0ec, 0804a0ec, 0804a100
main, basic@0804abe7, 0804abe7, 0804abf8
main, basic@0804b769, 0804b769, 0804b78d
main, basic@0804abfe, 0804abfe, 0804ac1b
main, basic@0804ac21, 0804ac21, 0804ac41
main, basic@0804ac47, 0804ac47, 0804ac54
main, basic@0804ba97, 0804ba97, 0804babe
main, basic@0804ac5a, 0804ac5a, 0804ac65
main, basic@0804ac6b, 0804ac6b, 0804ac6b
main, basic@0804bac3, 0804bac3, 0804bae5
main, basic@0804ac75, 0804ac75, 0804ac8c
main, basic@08049cb3, 08049cb3, 08049cb3
main, basic@08049ec0, 08049ec0, 08049ec3
main, basic@0804a180, 0804a180, 0804a19d
main, basic@0804ae73, 0804ae73, 0804ae92
main, basic@0804a1a3, 0804a1a3, 0804a1b4
main, basic@0804a872, 0804a872, 0804a879
main, basic@0804b745, 0804b745, 0804b764
main, basic@0804a1ba, 0804a1ba, 0804a1d9
main, basic@08049ec9, 08049ec9, 08049ec9
main, basic@0804a777, 0804a777, 0804a77a
main, basic@0804a847, 0804a847, 0804a85e
main, basic@0804a780, 0804a780, 0804a780
main, basic@0804b333, 0804b333, 0804b336
main, basic@0804b317, 0804b317, 0804b32e
main, basic@0804b338, 0804b338, 0804b33b
main, basic@0804b341, 0804b341, 0804b35e
main, basic@0804b564, 0804b564, 0804b58d
main, basic@0804b364, 0804b364, 0804b371
main, basic@0804b53b, 0804b53b, 0804b55f
main, basic@0804b377, 0804b377, 0804b38c
main, basic@08049e51, 08049e51, 08049e59
main, basic@0804a786, 0804a786, 0804a789
main, basic@0804a82b, 0804a82b, 0804a842
main, basic@0804a78f, 0804a78f, 0804a792
main, basic@0804a798, 0804a798, 0804a7ad
main, basic@0804a7b3, 0804a7b3, 0804a7d3
main, basic@0804a7d9, 0804a7d9, 0804a804
main, basic@0804a80a, 0804a80a, 0804a810
main, basic@0804b6c7, 0804b6c7, 0804b6f3
main, basic@0804a816, 0804a816, 0804a826
main, basic@0804b6f9, 0804b6f9, 0804b71c
main, basic@08049ecf, 08049ecf, 08049ed2
main, basic@08049f4a, 08049f4a, 08049f67
main, basic@08049f6d, 08049f6d, 08049f8c
main, basic@08049ed4, 08049ed4, 08049ed4
main, basic@0804a8c1, 0804a8c1, 0804a8c4
main, basic@0804a916, 0804a916, 0804a933
main, basic@0804b4c0, 0804b4c0, 0804b4df
main, basic@0804a939, 0804a939, 0804a94c
main, basic@0804b45a, 0804b45a, 0804b479
main, basic@0804ae30, 0804ae30, 0804ae3a
main, basic@0804ae12, 0804ae12, 0804ae1c
main, basic@0804ae21, 0804ae21, 0804ae2b
main, basic@0804ae03, 0804ae03, 0804ae0d
main, basic@0804adf4, 0804adf4, 0804adfe
main, basic@0804a8c6, 0804a8c6, 0804a8c9
main, basic@0804a8cf, 0804a8cf, 0804a8ec
main, basic@0804a8f2, 0804a8f2, 0804a911
main, basic@08049eda, 08049eda, 08049edd
main, basic@0804a4bc, 0804a4bc, 0804a4e3
main, basic@0804a4e9, 0804a4e9, 0804a508
main, basic@08049ee3, 08049ee3, 08049ee3
main, basic@08049ee9, 08049ee9, 08049eec
main, basic@08049ef2, 08049ef2, 08049f0c
main, basic@0804b49c, 0804b49c, 0804b4bb
main, basic@08049f12, 08049f12, 08049f20
main, basic@0804b288, 0804b288, 0804b298
main, basic@08049f26, 08049f26, 08049f45
main, basic@0804b1b7, 0804b1b7, 0804b1c2
main, basic@0804b1c4, 0804b1c4, 0804b1c4
main, basic@0804b2a9, 0804b2a9, 0804b2ab
main, basic@0804b1ca, 0804b1ca, 0804b1cc
main, basic@0804b2b1, 0804b2b1, 0804b2b8
main, basic@0804b1d2, 0804b1d2, 0804b1d4
main, basic@0804b1d6, 0804b1d6, 0804b1dd
main, basic@08049cb9, 08049cb9, 08049cbc
main, basic@0804a2f3, 0804a2f3, 0804a2fe
main, basic@0804a300, 0804a300, 0804a300
main, basic@0804a48f, 0804a48f, 0804a491
main, basic@0804a497, 0804a497, 0804a497
main, basic@0804ad77, 0804ad77, 0804ad79
main, basic@0804ad7f, 0804ad7f, 0804ad81
main, basic@0804a49d, 0804a49d, 0804a49f
main, basic@0804a4a5, 0804a4a5, 0804a4a7
main, basic@0804a306, 0804a306, 0804a308
main, basic@0804b3aa, 0804b3aa, 0804b3b4
main, basic@0804a30e, 0804a30e, 0804a30e
main, basic@0804ad92, 0804ad92, 0804ad94
main, basic@0804b47e, 0804b47e, 0804b488
main, basic@0804ad9a, 0804ad9a, 0804ad9c
main, basic@0804ad83, 0804ad83, 0804ad8d
main, basic@0804a314, 0804a314, 0804a316
main, basic@0804a4ad, 0804a4ad, 0804a4b7
main, basic@0804a31c, 0804a31c, 0804a31c
main, basic@0804b48d, 0804b48d, 0804b497
main, basic@0804a322, 0804a322, 0804a324
main, basic@0804a32a, 0804a32a, 0804a334
main, basic@0804ad9e, 0804ad9e, 0804adb8
main, basic@08049cc2, 08049cc2, 08049cc2
main, basic@0804a645, 0804a645, 0804a648
main, basic@0804a64a, 0804a64a, 0804a64a
main, basic@0804a953, 0804a953, 0804a956
main, basic@0804a96d, 0804a96d, 0804a984
main, basic@0804a958, 0804a958, 0804a95b
main, basic@0804a961, 0804a961, 0804a968
main, basic@0804a650, 0804a650, 0804a653
main, basic@0804a674, 0804a674, 0804a67b
main, basic@0804a655, 0804a655, 0804a658
main, basic@0804a65e, 0804a65e, 0804a66f
main, basic@0804a680, 0804a680, 0804a68b
main, basic@0804a68d, 0804a68d, 0804a68d
main, basic@0804a693, 0804a693, 0804a695
main, basic@0804a69b, 0804a69b, 0804a69d
main, basic@0804a6a3, 0804a6a3, 0804a6aa
main, basic@0804add1, 0804add1, 0804add3
main, basic@0804add9, 0804add9, 0804ade0
main, basic@08049cc8, 08049cc8, 08049ccb
main, basic@08049cfa, 08049cfa, 08049d05
main, basic@08049d07, 08049d07, 08049d07
main, basic@08049d0d, 08049d0d, 08049d0f
main, basic@08049d15, 08049d15, 08049d17
main, basic@08049d1d, 08049d1d, 08049d24
main, basic@0804adbd, 0804adbd, 0804adbf
main, basic@0804adc5, 0804adc5, 0804adcc
main, basic@08049ccd, 08049ccd, 08049ccd
main, basic@0804ab3e, 0804ab3e, 0804ab41
main, basic@0804ab68, 0804ab68, 0804ab85
main, basic@0804ab87, 0804ab87, 0804ab90
main, basic@0804ab9d, 0804ab9d, 0804abbc
main, basic@0804ab43, 0804ab43, 0804ab46
main, basic@0804ab4c, 0804ab4c, 0804ab63
main, basic@08049cd3, 08049cd3, 08049cd6
main, basic@0804a545, 0804a545, 0804a54c
main, basic@08049cdc, 08049cdc, 08049cdc
main, basic@08049ce2, 08049ce2, 08049ce5
main, basic@08049e5f, 08049e5f, 0804a0ab
main, basic@08049ceb, 08049ceb, 08049cf5
main, basic@0804b1e2, 0804b1e2, 0804b1ed
main, basic@0804b1ef, 0804b1ef, 0804b1ef
main, basic@0804b1f1, 0804b1f1, 0804b1f3
main, basic@0804b1f9, 0804b1f9, 0804b1fb
main, basic@0804b1fd, 0804b1fd, 0804b204
main, basic@0804b18c, 0804b18c, 0804b18e
main, basic@0804b29d, 0804b29d, 0804b2a4
main, basic@0804b198, 0804b198, 0804b1b2
_start, basic@0804bb66, 0804bb66, 0804bb82
_start, basic@0804bb87, 0804bb87, 0804bb87
__x86.get_pc_thunk.bx, basic@0804bb90, 0804bb90, 0804bb93
deregister_tm_clones, basic@0804bba0, 0804bba0, 0804bbc9
register_tm_clones, basic@0804bbd0, 0804bbd0, 0804bc03
__do_global_dtors_aux, basic@0804bc10, 0804bc10, 0804bc17
__do_global_dtors_aux, basic@0804bc19, 0804bc19, 0804bc2b
__do_global_dtors_aux, basic@0804bc2c, 0804bc2c, 0804bc2c
frame_dummy, basic@0804bc30, 0804bc30, 0804bc3b
clip_line, basic@0804bc60, 0804bc60, 0804bcb9
clip_line, basic@0804bcbf, 0804bcbf, 0804bcc8
clip_line, basic@0804c090, 0804c090, 0804c09e
clip_line, basic@0804c0a0, 0804c0a0, 0804c0ab
clip_line, basic@0804c0b1, 0804c0b1, 0804c0b3
clip_line, basic@0804bcce, 0804bcce, 0804bce5
clip_line, basic@0804bceb, 0804bceb, 0804bcef
clip_line, basic@0804c120, 0804c120, 0804c12f
clip_line, basic@0804c135, 0804c135, 0804c13e
clip_line, basic@0804c144, 0804c144, 0804c147
clip_line, basic@0804bcf5, 0804bcf5, 0804bcf5
clip_line, basic@0804bcf8, 0804bcf8, 0804bd01
clip_line, basic@0804bd07, 0804bd07, 0804bd10
clip_line, basic@0804c0f0, 0804c0f0, 0804c0fe
clip_line, basic@0804c100, 0804c100, 0804c10b
clip_line, basic@0804c111, 0804c111, 0804c113
clip_line, basic@0804bd16, 0804bd16, 0804bd1f
clip_line, basic@0804bd25, 0804bd25, 0804bd29
clip_line, basic@0804c0c0, 0804c0c0, 0804c0cf
clip_line, basic@0804c0d5, 0804c0d5, 0804c0de
clip_line, basic@0804c0e4, 0804c0e4, 0804c0e7
clip_line, basic@0804bd2f, 0804bd2f, 0804bd2f
clip_line, basic@0804bd5c, 0804bd5c, 0804bd5c
clip_line, basic@0804be1c, 0804be1c, 0804be27
clip_line, basic@0804c050, 0804c050, 0804c05f
clip_line, basic@0804be2d, 0804be2d, 0804be2d
clip_line, basic@0804c065, 0804c065, 0804c06a
clip_line, basic@0804be32, 0804be32, 0804be3d
clip_line, basic@0804be3f, 0804be3f, 0804be4a
clip_line, basic@0804be4c, 0804be4c, 0804be4c
clip_line, basic@0804be4f, 0804be4f, 0804be70
clip_line, basic@0804bd62, 0804bd62, 0804bd64
clip_line, basic@0804c070, 0804c070, 0804c087
clip_line, basic@0804bd6a, 0804bd6a, 0804bd6c
clip_line, basic@0804be78, 0804be78, 0804be7b
clip_line, basic@0804be7d, 0804be7d, 0804be91
clip_line, basic@0804be97, 0804be97, 0804bea7
clip_line, basic@0804bd72, 0804bd72, 0804bd77
clip_line, basic@0804bd7d, 0804bd7d, 0804bd8f
clip_line, basic@0804bd9c, 0804bd9c, 0804bdaa
clip_line, basic@0804bee2, 0804bee2, 0804bee8
clip_line, basic@0804bf70, 0804bf70, 0804bf76
clip_line, basic@0804c010, 0804c010, 0804c034
clip_line, basic@0804bf7c, 0804bf7c, 0804bf94
clip_line, basic@0804beee, 0804beee, 0804bf0c
clip_line, basic@0804bf0e, 0804bf0e, 0804bf14
clip_line, basic@0804bf1a, 0804bf1a, 0804bf27
clip_line, basic@0804bf29, 0804bf29, 0804bf2d
clip_line, basic@0804bea9, 0804bea9, 0804beb1
clip_line, basic@0804beb7, 0804beb7, 0804bebd
clip_line, basic@0804c000, 0804c000, 0804c002
clip_line, basic@0804bec3, 0804bec3, 0804bec3
clip_line, basic@0804bec8, 0804bec8, 0804beca
clip_line, basic@0804bf33, 0804bf33, 0804bf3a
clip_line, basic@0804bed0, 0804bed0, 0804bedb
clip_line, basic@0804bf3c, 0804bf3c, 0804bf45
clip_line, basic@0804bf4b, 0804bf4b, 0804bf54
clip_line, basic@0804bf5a, 0804bf5a, 0804bf65
clip_line, basic@0804bfa0, 0804bfa0, 0804bfa7
clip_line, basic@0804bfad, 0804bfad, 0804bfb6
clip_line, basic@0804bdc0, 0804bdc0, 0804bdc8
clip_line, basic@0804bdce, 0804bdce, 0804bdd9
clip_line, basic@0804c040, 0804c040, 0804c042
clip_line, basic@0804bde1, 0804bde1, 0804bde1
clip_line, basic@0804bfc6, 0804bfc6, 0804bfd1
clip_line, basic@0804bfd7, 0804bfd7, 0804bfe0
clip_line, basic@0804bfe6, 0804bfe6, 0804bfeb
clip_line, basic@0804bdf2, 0804bdf2, 0804bdf9
array_bounds, basic@0804c150, 0804c150, 0804c17f
array_bounds, basic@0804c181, 0804c181, 0804c183
array_bounds, basic@0804c185, 0804c185, 0804c18e
array_bounds, basic@0804c190, 0804c190, 0804c192
array_bounds, basic@0804c194, 0804c194, 0804c19d
array_bounds, basic@0804c19f, 0804c19f, 0804c1a1
array_bounds, basic@0804c1a3, 0804c1a3, 0804c1b3
array_bounds, basic@0804c1b5, 0804c1b5, 0804c1b7
array_bounds, basic@0804c1cf, 0804c1cf, 0804c1d9
array_bounds, basic@0804c1b9, 0804c1b9, 0804c1d9
array_bounds, basic@0804c1da, 0804c1da, 0804c1dc
array_bounds, basic@0804c533, 0804c533, 0804c544
array_bounds, basic@0804c1e2, 0804c1e2, 0804c1f0
array_bounds, basic@0804c544, 0804c544, 0804c544
array_bounds, basic@0804c54a, 0804c54a, 0804c558
array_bounds, basic@0804c1f6, 0804c1f6, 0804c205
array_bounds, basic@0804c207, 0804c207, 0804c210
array_bounds, basic@0804c212, 0804c212, 0804c222
array_bounds, basic@0804c226, 0804c226, 0804c22a
array_bounds, basic@0804c22a, 0804c22a, 0804c22a
array_bounds, basic@0804c55e, 0804c55e, 0804c56c
array_bounds, basic@0804c230, 0804c230, 0804c241
array_bounds, basic@0804c56c, 0804c56c, 0804c56c
array_bounds, basic@0804c572, 0804c572, 0804c57e
array_bounds, basic@0804c247, 0804c247, 0804c256
array_bounds, basic@0804c258, 0804c258, 0804c261
array_bounds, basic@0804c263, 0804c263, 0804c273
array_bounds, basic@0804c277, 0804c277, 0804c277
array_bounds, basic@0804c279, 0804c279, 0804c282
array_bounds, basic@0804c288, 0804c288, 0804c2bf
array_bounds, basic@0804c2d4, 0804c2d4, 0804c2d7
array_bounds, basic@0804c2da, 0804c2da, 0804c2e0
array_bounds, basic@0804c2e6, 0804c2e6, 0804c2ef
array_bounds, basic@0804c2f5, 0804c2f5, 0804c2fa
array_bounds, basic@0804c640, 0804c640, 0804c64d
array_bounds, basic@0804c300, 0804c300, 0804c300
array_bounds, basic@0804c302, 0804c302, 0804c327
array_bounds, basic@0804c660, 0804c660, 0804c669
array_bounds, basic@0804c5ba, 0804c5ba, 0804c5bc
array_bounds, basic@0804c5be, 0804c5be, 0804c5cb
array_bounds, basic@0804c5d1, 0804c5d1, 0804c5d3
array_bounds, basic@0804c5d5, 0804c5d5, 0804c5de
array_bounds, basic@0804c5e4, 0804c5e4, 0804c5e6
array_bounds, basic@0804c5e8, 0804c5e8, 0804c5f5
array_bounds, basic@0804c5fb, 0804c5fb, 0804c5fd
array_bounds, basic@0804c5ff, 0804c5ff, 0804c608
array_bounds, basic@0804c614, 0804c614, 0804c635
array_bounds, basic@0804c66f, 0804c66f, 0804c677
array_bounds, basic@0804c67d, 0804c67d, 0804c703
array_bounds, basic@0804c709, 0804c709, 0804c70f
array_bounds, basic@0804c338, 0804c338, 0804c3bc
array_bounds, basic@0804c3c2, 0804c3c2, 0804c3ec
array_bounds, basic@0804c3f3, 0804c3f3, 0804c3f5
array_bounds, basic@0804c3f8, 0804c3f8, 0804c3fa
array_bounds, basic@0804c3fc, 0804c3fc, 0804c408
array_bounds, basic@0804c40a, 0804c40a, 0804c418
array_bounds, basic@0804c422, 0804c422, 0804c424
array_bounds, basic@0804c426, 0804c426, 0804c432
array_bounds, basic@0804c434, 0804c434, 0804c43e
array_bounds, basic@0804c442, 0804c442, 0804c444
array_bounds, basic@0804c446, 0804c446, 0804c454
array_bounds, basic@0804c456, 0804c456, 0804c458
array_bounds, basic@0804c462, 0804c462, 0804c464
array_bounds, basic@0804c466, 0804c466, 0804c474
array_bounds, basic@0804c476, 0804c476, 0804c478
array_bounds, basic@0804c482, 0804c482, 0804c48c
array_bounds, basic@0804c492, 0804c492, 0804c49a
array_bounds, basic@0804c4d8, 0804c4d8, 0804c4ed
array_bounds, basic@0804c71a, 0804c71a, 0804c72c
array_bounds, basic@0804c740, 0804c740, 0804c748
array_bounds, basic@0804c74c, 0804c74c, 0804c74e
array_bounds, basic@0804c750, 0804c750, 0804c75f
array_bounds, basic@0804c767, 0804c767, 0804c769
array_bounds, basic@0804c76b, 0804c76b, 0804c774
array_bounds, basic@0804c778, 0804c778, 0804c77a
array_bounds, basic@0804c77c, 0804c77c, 0804c785
array_bounds, basic@0804c789, 0804c789, 0804c78b
array_bounds, basic@0804c1cf, 0804c1cf, 0804c1d9
array_bounds, basic@0804c791, 0804c791, 0804c7a4
array_bounds, basic@0804c4f3, 0804c4f3, 0804c50c
array_bounds, basic@0804c520, 0804c520, 0804c52e
skip_some_whitespace, basic@0804c7b0, 0804c7b0, 0804c7b7
skip_some_whitespace, basic@0804c7dd, 0804c7dd, 0804c7ee
skip_some_whitespace, basic@0804c7c0, 0804c7c0, 0804c7c3
skip_some_whitespace, basic@0804c7f8, 0804c7f8, 0804c7fd
skip_some_whitespace, basic@0804c7f0, 0804c7f0, 0804c7f3
skip_some_whitespace, basic@0804c7c5, 0804c7c5, 0804c7d6
skip_some_whitespace, basic@0804c7d8, 0804c7d8, 0804c7db
skip_some_whitespace, basic@0804c800, 0804c800, 0804c818
reset_reader, basic@0804c820, 0804c820, 0804c82c
reset_reader, basic@0804c82e, 0804c82e, 0804c83e
reset_reader, basic@0804c841, 0804c841, 0804c846
reset_reader, basic@0804c848, 0804c848, 0804c84b
reset_reader, basic@0804c84e, 0804c84e, 0804c84e
read_point, basic@0804c850, 0804c850, 0804c89a
read_point, basic@0804c8a0, 0804c8a0, 0804c8a3
read_point, basic@0804c9e0, 0804c9e0, 0804c9e3
read_point, basic@0804c9e7, 0804c9e7, 0804c9f0
read_point, basic@0804ca95, 0804ca95, 0804caa6
read_point, basic@0804ca80, 0804ca80, 0804ca8f
read_point, basic@0804d121, 0804d121, 0804d12e
read_point, basic@0804caa8, 0804caa8, 0804cabd
read_point, basic@0804c9f6, 0804c9f6, 0804ca10
read_point, basic@0804ca16, 0804ca16, 0804ca16
read_point, basic@0804ca1c, 0804ca1c, 0804ca1f
read_point, basic@0804ca25, 0804ca25, 0804ca2c
read_point, basic@0804ca43, 0804ca43, 0804ca53
read_point, basic@0804ca38, 0804ca38, 0804ca3d
read_point, basic@0804cc70, 0804cc70, 0804cc97
read_point, basic@0804cb70, 0804cb70, 0804cb73
read_point, basic@0804cb75, 0804cb75, 0804cb78
read_point, basic@0804cb7a, 0804cb7a, 0804cb7a
read_point, basic@0804cb80, 0804cb80, 0804cb90
read_point, basic@0804cb96, 0804cb96, 0804cb9b
read_point, basic@0804cb9d, 0804cb9d, 0804cbab
read_point, basic@0804cbb0, 0804cbb0, 0804cbd3
read_point, basic@0804cbd9, 0804cbd9, 0804cbef
read_point, basic@0804cf10, 0804cf10, 0804cf12
read_point, basic@0804cc9d, 0804cc9d, 0804cca7
read_point, basic@0804cbf5, 0804cbf5, 0804cbf7
read_point, basic@0804ca55, 0804ca55, 0804ca71
read_point, basic@0804cbfd, 0804cbfd, 0804cc04
read_point, basic@0804c8a9, 0804c8a9, 0804c8a9
read_point, basic@0804c920, 0804c920, 0804c923
read_point, basic@0804c929, 0804c929, 0804c935
read_point, basic@0804c935, 0804c935, 0804c935
read_point, basic@0804c9d5, 0804c9d5, 0804c9dc
read_point, basic@0804c93b, 0804c93b, 0804c949
read_point, basic@0804c94b, 0804c94b, 0804c965
read_point, basic@0804d05b, 0804d05b, 0804d060
read_point, basic@0804d150, 0804d150, 0804d165
read_point, basic@0804d066, 0804d066, 0804d06e
read_point, basic@0804d071, 0804d071, 0804d089
read_point, basic@0804d170, 0804d170, 0804d189
read_point, basic@0804d18f, 0804d18f, 0804d1aa
read_point, basic@0804d08f, 0804d08f, 0804d094
read_point, basic@0804c915, 0804c915, 0804d0bb
read_point, basic@0804c96b, 0804c96b, 0804c986
read_point, basic@0804c98c, 0804c98c, 0804c98c
read_point, basic@0804c990, 0804c990, 0804c9a0
read_point, basic@0804c9a6, 0804c9a6, 0804c9ab
read_point, basic@0804c9ad, 0804c9ad, 0804c9c4
read_point, basic@0804c8ab, 0804c8ab, 0804c8ae
read_point, basic@0804c8b4, 0804c8b4, 0804c8bc
read_point, basic@0804cc10, 0804cc10, 0804cc13
read_point, basic@0804cc19, 0804cc19, 0804cc1c
read_point, basic@0804cc22, 0804cc22, 0804cc32
read_point, basic@0804cfd3, 0804cfd3, 0804cfed
read_point, basic@0804cff6, 0804cff6, 0804d010
read_point, basic@0804c8c2, 0804c8c2, 0804c8d0
read_point, basic@0804cc3b, 0804cc3b, 0804cc3b
read_point, basic@0804cc41, 0804cc41, 0804cc56
read_point, basic@0804c9d5, 0804c9d5, 0804c9dc
read_point, basic@0804c8d6, 0804c8d6, 0804c8d9
read_point, basic@0804cf28, 0804cf28, 0804cf28
read_point, basic@0804cf2a, 0804cf2a, 0804cf39
read_point, basic@0804c9d5, 0804c9d5, 0804c9dc
read_point, basic@0804cf3f, 0804cf3f, 0804cf5b
read_point, basic@0804c8df, 0804c8df, 0804c8e2
read_point, basic@0804cf9e, 0804cf9e, 0804cf9e
read_point, basic@0804cfa0, 0804cfa0, 0804cfaf
read_point, basic@0804c9d5, 0804c9d5, 0804c9dc
read_point, basic@0804cfb5, 0804cfb5, 0804cfce
read_point, basic@0804c8e8, 0804c8e8, 0804c8f6
read_point, basic@0804cf5b, 0804cf5b, 0804cf5b
read_point, basic@0804c902, 0804c902, 0804c907
read_point, basic@0804c915, 0804c915, 0804d03e
read_point, basic@0804cad0, 0804cad0, 0804cad0
read_point, basic@0804cad3, 0804cad3, 0804cadc
read_point, basic@0804c9d5, 0804c9d5, 0804c9dc
read_point, basic@0804cae2, 0804cae2, 0804caf0
read_point, basic@0804caf6, 0804caf6, 0804cb10
read_point, basic@0804d0c0, 0804d0c0, 0804d0c5
read_point, basic@0804d133, 0804d133, 0804d148
read_point, basic@0804d0c7, 0804d0c7, 0804d0cf
read_point, basic@0804d0d2, 0804d0d2, 0804d0ea
read_point, basic@0804d0f0, 0804d0f0, 0804d0f5
read_point, basic@0804c915, 0804c915, 0804d11c
read_point, basic@0804ccaa, 0804ccaa, 0804ccaf
read_point, basic@0804ccb5, 0804ccb5, 0804ccc2
read_point, basic@0804ce80, 0804ce80, 0804ce85
read_point, basic@0804ce87, 0804ce87, 0804ce8e
read_point, basic@0804ccc8, 0804ccc8, 0804ccdd
read_point, basic@0804ccdf, 0804ccdf, 0804ccdf
read_point, basic@0804cce1, 0804cce1, 0804cced
read_point, basic@0804cec0, 0804cec0, 0804cecc
read_point, basic@0804cece, 0804cece, 0804cedf
read_point, basic@0804ccf3, 0804ccf3, 0804cd1a
read_point, basic@0804cd20, 0804cd20, 0804cd33
read_point, basic@0804cd39, 0804cd39, 0804cd39
read_point, basic@0804cef2, 0804cef2, 0804cef2
read_point, basic@0804cef4, 0804cef4, 0804cf03
read_point, basic@0804cd3c, 0804cd3c, 0804cd3e
read_point, basic@0804cd44, 0804cd44, 0804cd52
read_point, basic@0804ce10, 0804ce10, 0804ce15
read_point, basic@0804ce17, 0804ce17, 0804ce1e
read_point, basic@0804cd58, 0804cd58, 0804cd6e
read_point, basic@0804cd74, 0804cd74, 0804cd74
read_point, basic@0804cd76, 0804cd76, 0804cd82
read_point, basic@0804ce98, 0804ce98, 0804cea4
read_point, basic@0804ceaa, 0804ceaa, 0804cebb
read_point, basic@0804cd88, 0804cd88, 0804cdaf
read_point, basic@0804cdb1, 0804cdb1, 0804cdc4
read_point, basic@0804ce28, 0804ce28, 0804ce2d
read_point, basic@0804ce2f, 0804ce2f, 0804ce5d
read_point, basic@0804c915, 0804c915, 0804ce76
read_point, basic@0804cdda, 0804cdda, 0804cdda
read_point, basic@0804cddd, 0804cddd, 0804cde6
read_point, basic@0804cde8, 0804cde8, 0804ce0b
read_point, basic@0804cb16, 0804cb16, 0804cb31
read_point, basic@0804c915, 0804c915, 0804d056
read_point, basic@0804cb37, 0804cb37, 0804cb3c
read_point, basic@0804cb40, 0804cb40, 0804cb50
read_point, basic@0804c910, 0804c910, 0804c910
read_point, basic@0804c915, 0804c915, 0804c91c
read_point, basic@0804cb56, 0804cb56, 0804cb5b
read_point, basic@0804cb5d, 0804cb5d, 0804cb6b
new_reader, basic@0804d1b0, 0804d1b0, 0804d266
alter_reader_parameters, basic@0804d280, 0804d280, 0804d2c5
alter_reader_parameters, basic@0804d2c7, 0804d2c7, 0804d2cb
alter_reader_parameters, basic@0804d2ce, 0804d2ce, 0804d2d4
alter_reader_parameters, basic@0804d2d6, 0804d2d6, 0804d2db
alter_reader_parameters, basic@0804d2e2, 0804d2e2, 0804d2e8
alter_reader_parameters, basic@0804d2ea, 0804d2ea, 0804d2ee
alter_reader_parameters, basic@0804d2f1, 0804d2f1, 0804d2f7
alter_reader_parameters, basic@0804d2f9, 0804d2f9, 0804d2fd
alter_reader_parameters, basic@0804d300, 0804d300, 0804d306
alter_reader_parameters, basic@0804d308, 0804d308, 0804d30b
alter_reader_parameters, basic@0804d312, 0804d312, 0804d318
alter_reader_parameters, basic@0804d31a, 0804d31a, 0804d31d
alter_reader_parameters, basic@0804d322, 0804d322, 0804d328
alter_reader_parameters, basic@0804d32a, 0804d32a, 0804d32e
alter_reader_parameters, basic@0804d331, 0804d331, 0804d331
read_file, basic@0804d340, 0804d340, 0804d34b
read_file, basic@0804d350, 0804d350, 0804d359
read_file, basic@0804d369, 0804d369, 0804d36d
read_file, basic@0804d36f, 0804d36f, 0804d37e
read_file, basic@0804d380, 0804d380, 0804d380
read_file, basic@0804d383, 0804d383, 0804d397
read_file, basic@0804d39a, 0804d39a, 0804d3aa
read_file, basic@0804d360, 0804d360, 0804d366
read_file, basic@0804d3ac, 0804d3ac, 0804d3b7
read_file, basic@0804d3e0, 0804d3e0, 0804d3fa
read_file, basic@0804d3b9, 0804d3b9, 0804d3cd
read_file, basic@0804d3cf, 0804d3cf, 0804d3d6
read_and_plot_file, basic@0804d400, 0804d400, 0804d419
read_and_plot_file, basic@0804d42d, 0804d42d, 0804d43a
read_and_plot_file, basic@0804d420, 0804d420, 0804d42a
read_and_plot_file, basic@0804d43c, 0804d43c, 0804d43f
read_and_plot_file, basic@0804d468, 0804d468, 0804d488
read_and_plot_file, basic@0804d441, 0804d441, 0804d457
read_and_plot_file, basic@0804d459, 0804d459, 0804d460
scale1, basic@0804d490, 0804d490, 0804d4b5
scale1, basic@0804d4b7, 0804d4b7, 0804d4b7
scale1, basic@0804d4b9, 0804d4b9, 0804d4c2
scale1, basic@0804d61b, 0804d61b, 0804d640
scale1, basic@0804d4c8, 0804d4c8, 0804d545
scale1, basic@0804d5c0, 0804d5c0, 0804d5c6
scale1, basic@0804d547, 0804d547, 0804d552
scale1, basic@0804d600, 0804d600, 0804d60b
scale1, basic@0804d558, 0804d558, 0804d565
scale1, basic@0804d610, 0804d610, 0804d619
scale1, basic@0804d5c8, 0804d5c8, 0804d5cd
scale1, basic@0804d645, 0804d645, 0804d652
scale1, basic@0804d5cf, 0804d5cf, 0804d5d6
scale1, basic@0804d5da, 0804d5da, 0804d5f6
scale1, basic@0804d56b, 0804d56b, 0804d574
scale1, basic@0804d59e, 0804d59e, 0804d5bc
scale1, basic@0804d576, 0804d576, 0804d593
scale1, basic@0804d595, 0804d595, 0804d59d
prepare_axis, basic@0804d660, 0804d660, 0804d6b0
prepare_axis, basic@0804e089, 0804e089, 0804e0ad
prepare_axis, basic@0804d6b6, 0804d6b6, 0804d6ba
prepare_axis, basic@0804d6c0, 0804d6c0, 0804d6c2
prepare_axis, basic@0804da60, 0804da60, 0804dac2
prepare_axis, basic@0804dad2, 0804dad2, 0804db11
prepare_axis, basic@0804db17, 0804db17, 0804db27
prepare_axis, basic@0804d6c8, 0804d6c8, 0804d6d9
prepare_axis, basic@0804d6df, 0804d6df, 0804d711
prepare_axis, basic@0804d71c, 0804d71c, 0804d729
prepare_axis, basic@0804db30, 0804db30, 0804db8b
prepare_axis, basic@0804e040, 0804e040, 0804e047
prepare_axis, basic@0804db91, 0804db91, 0804db95
prepare_axis, basic@0804db9b, 0804db9b, 0804dba5
prepare_axis, basic@0804dba8, 0804dba8, 0804dbaf
prepare_axis, basic@0804dbb1, 0804dbb1, 0804dbb5
prepare_axis, basic@0804de40, 0804de40, 0804de46
prepare_axis, basic@0804dbbb, 0804dbbb, 0804dbbf
prepare_axis, basic@0804e07a, 0804e07a, 0804e084
prepare_axis, basic@0804dbc5, 0804dbc5, 0804dbd6
prepare_axis, basic@0804dbd8, 0804dbd8, 0804dbeb
prepare_axis, basic@0804dbed, 0804dbed, 0804dc04
prepare_axis, basic@0804e050, 0804e050, 0804e075
prepare_axis, basic@0804dc30, 0804dc30, 0804dc41
prepare_axis, basic@0804d73a, 0804d73a, 0804d747
prepare_axis, basic@0804df08, 0804df08, 0804dfc6
prepare_axis, basic@0804dfc8, 0804dfc8, 0804dfe1
prepare_axis, basic@0804dfe4, 0804dfe4, 0804e036
prepare_axis, basic@0804d74d, 0804d74d, 0804d7ee
prepare_axis, basic@0804d7f2, 0804d7f2, 0804d7f9
prepare_axis, basic@0804dc52, 0804dc52, 0804dd06
prepare_axis, basic@0804d807, 0804d807, 0804d807
prepare_axis, basic@0804d80d, 0804d80d, 0804d80f
prepare_axis, basic@0804d815, 0804d815, 0804d8bc
prepare_axis, basic@0804de50, 0804de50, 0804dee9
prepare_axis, basic@0804dd14, 0804dd14, 0804dd1c
prepare_axis, basic@0804d8e0, 0804d8e0, 0804d8f3
prepare_axis, basic@0804e0b2, 0804e0b2, 0804e14e
prepare_axis, basic@0804d8f9, 0804d8f9, 0804d99a
prepare_axis, basic@0804dd28, 0804dd28, 0804dd2b
prepare_axis, basic@0804dd31, 0804dd31, 0804dd33
prepare_axis, basic@0804dd39, 0804dd39, 0804dd47
prepare_axis, basic@0804dd49, 0804dd49, 0804dd4b
prepare_axis, basic@0804dd4d, 0804dd4d, 0804dd51
prepare_axis, basic@0804dd64, 0804dd64, 0804de02
prepare_axis, basic@0804d9a0, 0804d9a0, 0804d9ac
prepare_axis, basic@0804de08, 0804de08, 0804de0c
prepare_axis, basic@0804d9b4, 0804d9b4, 0804da36
prepare_axis, basic@0804da3c, 0804da3c, 0804da47
prepare_axis, basic@0804da4d, 0804da4d, 0804da5e
prepare_axis, basic@0804de1a, 0804de1a, 0804de2b
plot_errorbar, basic@0804e160, 0804e160, 0804e16a
plot_errorbar, basic@0804e16c, 0804e16c, 0804e171
plot_errorbar, basic@0804e177, 0804e177, 0804e19b
plot_errorbar, basic@0804e1a1, 0804e1a1, 0804e1b7
plot_errorbar, basic@0804e958, 0804e958, 0804e96b
plot_errorbar, basic@0804e1bd, 0804e1bd, 0804e1c6
plot_errorbar, basic@0804e1ca, 0804e1ca, 0804e1ff
plot_errorbar, basic@0804e201, 0804e201, 0804e203
plot_errorbar, basic@0804e20a, 0804e20a, 0804e234
plot_errorbar, basic@0804ea40, 0804ea40, 0804ea4b
plot_errorbar, basic@0804e23a, 0804e23a, 0804e245
plot_errorbar, basic@0804e24b, 0804e24b, 0804e259
plot_errorbar, basic@0804e25b, 0804e25b, 0804e26b
plot_errorbar, basic@0804e272, 0804e272, 0804e28b
plot_errorbar, basic@0804e28d, 0804e28d, 0804e29d
plot_errorbar, basic@0804e2a4, 0804e2a4, 0804e2b2
plot_errorbar, basic@0804e2b4, 0804e2b4, 0804e2c0
plot_errorbar, basic@0804e2ca, 0804e2ca, 0804e30d
plot_errorbar, basic@0804ea20, 0804ea20, 0804ea2b
plot_errorbar, basic@0804e313, 0804e313, 0804e31e
plot_errorbar, basic@0804e324, 0804e324, 0804e364
plot_errorbar, basic@0804e366, 0804e366, 0804e366
plot_errorbar, basic@0804e36c, 0804e36c, 0804e388
plot_errorbar, basic@0804e38a, 0804e38a, 0804e396
plot_errorbar, basic@0804e3a2, 0804e3a2, 0804e3bb
plot_errorbar, basic@0804e3bd, 0804e3bd, 0804e3c5
plot_errorbar, basic@0804e3d2, 0804e3d2, 0804e41d
plot_errorbar, basic@0804ea08, 0804ea08, 0804ea15
plot_errorbar, basic@0804e423, 0804e423, 0804e430
plot_errorbar, basic@0804e436, 0804e436, 0804e46b
plot_errorbar, basic@0804e46d, 0804e46d, 0804e46f
plot_errorbar, basic@0804e47a, 0804e47a, 0804e4a4
plot_errorbar, basic@0804ea30, 0804ea30, 0804ea3b
plot_errorbar, basic@0804e4aa, 0804e4aa, 0804e4b5
plot_errorbar, basic@0804e4bb, 0804e4bb, 0804e4c9
plot_errorbar, basic@0804e4cb, 0804e4cb, 0804e4db
plot_errorbar, basic@0804e4e2, 0804e4e2, 0804e4fb
plot_errorbar, basic@0804e4fd, 0804e4fd, 0804e50d
plot_errorbar, basic@0804e514, 0804e514, 0804e522
plot_errorbar, basic@0804e524, 0804e524, 0804e530
plot_errorbar, basic@0804e53a, 0804e53a, 0804e56c
plot_errorbar, basic@0804e56f, 0804e56f, 0804e574
plot_errorbar, basic@0804e590, 0804e590, 0804e5a6
plot_errorbar, basic@0804e970, 0804e970, 0804e983
plot_errorbar, basic@0804e5ac, 0804e5ac, 0804e5b5
plot_errorbar, basic@0804e5b9, 0804e5b9, 0804e5ea
plot_errorbar, basic@0804e990, 0804e990, 0804e99c
plot_errorbar, basic@0804e5f0, 0804e5f0, 0804e5fe
plot_errorbar, basic@0804e604, 0804e604, 0804e62d
plot_errorbar, basic@0804e62f, 0804e62f, 0804e631
plot_errorbar, basic@0804e633, 0804e633, 0804e64a
plot_errorbar, basic@0804e64c, 0804e64c, 0804e65c
plot_errorbar, basic@0804e662, 0804e662, 0804e674
plot_errorbar, basic@0804e676, 0804e676, 0804e686
plot_errorbar, basic@0804e692, 0804e692, 0804e6a9
plot_errorbar, basic@0804e6ab, 0804e6ab, 0804e6b3
plot_errorbar, basic@0804e6bc, 0804e6bc, 0804e702
plot_errorbar, basic@0804e9f0, 0804e9f0, 0804e9fe
plot_errorbar, basic@0804e708, 0804e708, 0804e716
plot_errorbar, basic@0804e71c, 0804e71c, 0804e74d
plot_errorbar, basic@0804e9d8, 0804e9d8, 0804e9e2
plot_errorbar, basic@0804e753, 0804e753, 0804e75d
plot_errorbar, basic@0804e763, 0804e763, 0804e780
plot_errorbar, basic@0804e782, 0804e782, 0804e782
plot_errorbar, basic@0804e788, 0804e788, 0804e79a
plot_errorbar, basic@0804e79c, 0804e79c, 0804e7a8
plot_errorbar, basic@0804e7b2, 0804e7b2, 0804e7fb
plot_errorbar, basic@0804e9c0, 0804e9c0, 0804e9cd
plot_errorbar, basic@0804e801, 0804e801, 0804e80e
plot_errorbar, basic@0804e814, 0804e814, 0804e845
plot_errorbar, basic@0804e9a8, 0804e9a8, 0804e9b4
plot_errorbar, basic@0804e84b, 0804e84b, 0804e859
plot_errorbar, basic@0804e85f, 0804e85f, 0804e888
plot_errorbar, basic@0804e88a, 0804e88a, 0804e88c
plot_errorbar, basic@0804e88e, 0804e88e, 0804e8a5
plot_errorbar, basic@0804e8a7, 0804e8a7, 0804e8b7
plot_errorbar, basic@0804e8c2, 0804e8c2, 0804e8d4
plot_errorbar, basic@0804e8d6, 0804e8d6, 0804e8e6
plot_errorbar, basic@0804e8f2, 0804e8f2, 0804e909
plot_errorbar, basic@0804e90b, 0804e90b, 0804e913
plot_errorbar, basic@0804e91c, 0804e91c, 0804e94d
plot_errorbar, basic@0804e576, 0804e576, 0804e580
plot_errorbar, basic@0804e583, 0804e583, 0804e588
print_tick_label, basic@0804ea50, 0804ea50, 0804ea6d
print_tick_label, basic@0804ed60, 0804ed60, 0804ed8f
print_tick_label, basic@0804ed95, 0804ed95, 0804edb7
print_tick_label, basic@0804ea73, 0804ea73, 0804ea75
print_tick_label, basic@0804ea80, 0804ea80, 0804ea80
print_tick_label, basic@0804ea83, 0804ea83, 0804ea94
print_tick_label, basic@0804eb48, 0804eb48, 0804eb6f
print_tick_label, basic@0804ea9c, 0804ea9c, 0804eaad
print_tick_label, basic@0804ecd8, 0804ecd8, 0804ecf7
print_tick_label, basic@0804eb77, 0804eb77, 0804eb9f
print_tick_label, basic@0804eba5, 0804eba5, 0804eba9
print_tick_label, basic@0804ed20, 0804ed20, 0804ed25
print_tick_label, basic@0804ebaf, 0804ebaf, 0804ebbc
print_tick_label, basic@0804ed08, 0804ed08, 0804ed19
print_tick_label, basic@0804ebc2, 0804ebc2, 0804ebd1
print_tick_label, basic@0804ebe0, 0804ebe0, 0804ebec
print_tick_label, basic@0804ebee, 0804ebee, 0804ec04
print_tick_label, basic@0804ec06, 0804ec06, 0804ec3a
print_tick_label, basic@0804edc0, 0804edc0, 0804edc7
print_tick_label, basic@0804ec40, 0804ec40, 0804ec43
print_tick_label, basic@0804ec47, 0804ec47, 0804ec8d
print_tick_label, basic@0804ec8f, 0804ec8f, 0804ec96
print_tick_label, basic@0804ec98, 0804ec98, 0804ec9e
print_tick_label, basic@0804eca0, 0804eca0, 0804eca9
print_tick_label, basic@0804ecab, 0804ecab, 0804ecd3
print_tick_label, basic@0804eb24, 0804eb24, 0804ed56
print_tick_label, basic@0804eb24, 0804eb24, 0804eb2e
print_tick_label, basic@0804eab5, 0804eab5, 0804eabb
print_tick_label, basic@0804eb30, 0804eb30, 0804eb35
print_tick_label, basic@0804eb24, 0804eb24, 0804ede2
print_tick_label, basic@0804eabd, 0804eabd, 0804eabf
print_tick_label, basic@0804eb3b, 0804eb3b, 0804eb3e
print_tick_label, basic@0804eac1, 0804eac1, 0804eac1
print_tick_label, basic@0804eac4, 0804eac4, 0804eaec
print_tick_label, basic@0804eaee, 0804eaee, 0804eaf5
print_tick_label, basic@0804eaf7, 0804eaf7, 0804eafd
print_tick_label, basic@0804eaff, 0804eaff, 0804eb08
print_tick_label, basic@0804eb0a, 0804eb0a, 0804eb2e
plot_abscissa_log_subsubtick, basic@0804edf0, 0804edf0, 0804ee25
plot_abscissa_log_subsubtick, basic@0804eee8, 0804eee8, 0804eefa
plot_abscissa_log_subsubtick, basic@0804ee2b, 0804ee2b, 0804ee37
plot_abscissa_log_subsubtick, basic@0804ee3d, 0804ee3d, 0804ee3f
plot_abscissa_log_subsubtick, basic@0804ee43, 0804ee43, 0804ee7b
plot_abscissa_log_subsubtick, basic@0804ee7d, 0804ee7d, 0804ee7f
plot_abscissa_log_subsubtick, basic@0804ee8a, 0804ee8a, 0804eebc
plot_abscissa_log_subsubtick, basic@0804eebe, 0804eebe, 0804eecc
plot_abscissa_log_subsubtick, basic@0804eedc, 0804eedc, 0804eee3
plot_abscissa_log_subsubtick, basic@0804ef00, 0804ef00, 0804ef08
plot_abscissa_log_subsubtick, basic@0804f038, 0804f038, 0804f06a
plot_abscissa_log_subsubtick, basic@0804f520, 0804f520, 0804f54e
plot_abscissa_log_subsubtick, basic@0804f607, 0804f607, 0804f60d
plot_abscissa_log_subsubtick, basic@0804f554, 0804f554, 0804f554
plot_abscissa_log_subsubtick, basic@0804f55a, 0804f55a, 0804f57f
plot_abscissa_log_subsubtick, basic@0804f581, 0804f581, 0804f589
plot_abscissa_log_subsubtick, basic@0804f592, 0804f592, 0804f5bb
plot_abscissa_log_subsubtick, basic@0804f070, 0804f070, 0804f09c
plot_abscissa_log_subsubtick, basic@0804f612, 0804f612, 0804f618
plot_abscissa_log_subsubtick, basic@0804f0a2, 0804f0a2, 0804f0a2
plot_abscissa_log_subsubtick, basic@0804f0a8, 0804f0a8, 0804f0cd
plot_abscissa_log_subsubtick, basic@0804f0cf, 0804f0cf, 0804f0d7
plot_abscissa_log_subsubtick, basic@0804f0e2, 0804f0e2, 0804f109
plot_abscissa_log_subsubtick, basic@0804f10b, 0804f10b, 0804f11e
plot_abscissa_log_subsubtick, basic@0804ef10, 0804ef10, 0804ef25
plot_abscissa_log_subsubtick, basic@0804ef2b, 0804ef2b, 0804ef2b
plot_abscissa_log_subsubtick, basic@0804f4e0, 0804f4e0, 0804f4e3
plot_abscissa_log_subsubtick, basic@0804eedc, 0804eedc, 0804eee3
plot_abscissa_log_subsubtick, basic@0804ef31, 0804ef31, 0804ef34
plot_abscissa_log_subsubtick, basic@0804ef3a, 0804ef3a, 0804ef3d
plot_abscissa_log_subsubtick, basic@0804eedc, 0804eedc, 0804eee3
plot_abscissa_log_subsubtick, basic@0804f128, 0804f128, 0804f166
plot_abscissa_log_subsubtick, basic@0804f168, 0804f168, 0804f170
plot_abscissa_log_subsubtick, basic@0804f17a, 0804f17a, 0804f1c6
plot_abscissa_log_subsubtick, basic@0804f1c8, 0804f1c8, 0804f1d0
plot_abscissa_log_subsubtick, basic@0804f1da, 0804f1da, 0804f208
plot_abscissa_log_subsubtick, basic@0804f20b, 0804f20b, 0804f213
plot_abscissa_log_subsubtick, basic@0804f3f0, 0804f3f0, 0804f426
plot_abscissa_log_subsubtick, basic@0804f428, 0804f428, 0804f430
plot_abscissa_log_subsubtick, basic@0804f43a, 0804f43a, 0804f48e
plot_abscissa_log_subsubtick, basic@0804f5d0, 0804f5d0, 0804f5d2
plot_abscissa_log_subsubtick, basic@0804f494, 0804f494, 0804f4af
plot_abscissa_log_subsubtick, basic@0804f4b1, 0804f4b1, 0804f4b9
plot_abscissa_log_subsubtick, basic@0804f4c2, 0804f4c2, 0804f4d2
plot_abscissa_log_subsubtick, basic@0804f219, 0804f219, 0804f24f
plot_abscissa_log_subsubtick, basic@0804f251, 0804f251, 0804f259
plot_abscissa_log_subsubtick, basic@0804f262, 0804f262, 0804f2b8
plot_abscissa_log_subsubtick, basic@0804f5e0, 0804f5e0, 0804f5e2
plot_abscissa_log_subsubtick, basic@0804f2be, 0804f2be, 0804f2d9
plot_abscissa_log_subsubtick, basic@0804f5c0, 0804f5c0, 0804f5c8
plot_abscissa_log_subsubtick, basic@0804f2e1, 0804f2e1, 0804f2ef
plot_abscissa_log_subsubtick, basic@0804f2f1, 0804f2f1, 0804f303
plot_abscissa_log_subsubtick, basic@0804ef40, 0804ef40, 0804ef48
plot_abscissa_log_subsubtick, basic@0804f310, 0804f310, 0804f346
plot_abscissa_log_subsubtick, basic@0804f4f0, 0804f4f0, 0804f4f8
plot_abscissa_log_subsubtick, basic@0804f34e, 0804f34e, 0804f3a4
plot_abscissa_log_subsubtick, basic@0804f5f0, 0804f5f0, 0804f5f2
plot_abscissa_log_subsubtick, basic@0804f3aa, 0804f3aa, 0804f3c5
plot_abscissa_log_subsubtick, basic@0804f3c7, 0804f3c7, 0804f3cf
plot_abscissa_log_subsubtick, basic@0804f3da, 0804f3da, 0804f3ea
plot_abscissa_log_subsubtick, basic@0804ef4e, 0804ef4e, 0804ef84
plot_abscissa_log_subsubtick, basic@0804f510, 0804f510, 0804f518
plot_abscissa_log_subsubtick, basic@0804ef8c, 0804ef8c, 0804efe0
plot_abscissa_log_subsubtick, basic@0804f600, 0804f600, 0804f602
plot_abscissa_log_subsubtick, basic@0804efe6, 0804efe6, 0804f001
plot_abscissa_log_subsubtick, basic@0804f500, 0804f500, 0804f508
plot_abscissa_log_subsubtick, basic@0804f009, 0804f009, 0804f017
plot_abscissa_log_subsubtick, basic@0804f019, 0804f019, 0804f032
plot_ordinate_log_subsubtick, basic@0804f630, 0804f630, 0804f666
plot_ordinate_log_subsubtick, basic@0804f728, 0804f728, 0804f73a
plot_ordinate_log_subsubtick, basic@0804f66c, 0804f66c, 0804f678
plot_ordinate_log_subsubtick, basic@0804f67e, 0804f67e, 0804f680
plot_ordinate_log_subsubtick, basic@0804f684, 0804f684, 0804f6bc
plot_ordinate_log_subsubtick, basic@0804f6be, 0804f6be, 0804f6c0
plot_ordinate_log_subsubtick, basic@0804f6ca, 0804f6ca, 0804f6fc
plot_ordinate_log_subsubtick, basic@0804f71c, 0804f71c, 0804f724
plot_ordinate_log_subsubtick, basic@0804f6fe, 0804f6fe, 0804f70c
plot_ordinate_log_subsubtick, basic@0804f71c, 0804f71c, 0804f724
plot_ordinate_log_subsubtick, basic@0804f740, 0804f740, 0804f748
plot_ordinate_log_subsubtick, basic@0804f870, 0804f870, 0804f8a9
plot_ordinate_log_subsubtick, basic@0804fd30, 0804fd30, 0804fd48
plot_ordinate_log_subsubtick, basic@0804fd4a, 0804fd4a, 0804fd4a
plot_ordinate_log_subsubtick, basic@0804fd50, 0804fd50, 0804fd85
plot_ordinate_log_subsubtick, basic@0804fe09, 0804fe09, 0804fe11
plot_ordinate_log_subsubtick, basic@0804fd8b, 0804fd8b, 0804fd91
plot_ordinate_log_subsubtick, basic@0804fd93, 0804fd93, 0804fdca
plot_ordinate_log_subsubtick, basic@0804f8af, 0804f8af, 0804f8c7
plot_ordinate_log_subsubtick, basic@0804f8c9, 0804f8c9, 0804f8c9
plot_ordinate_log_subsubtick, basic@0804f8cf, 0804f8cf, 0804f902
plot_ordinate_log_subsubtick, basic@0804fe16, 0804fe16, 0804fe1e
plot_ordinate_log_subsubtick, basic@0804f908, 0804f908, 0804f90e
plot_ordinate_log_subsubtick, basic@0804f910, 0804f910, 0804f945
plot_ordinate_log_subsubtick, basic@0804f947, 0804f947, 0804f962
plot_ordinate_log_subsubtick, basic@0804f964, 0804f964, 0804f966
plot_ordinate_log_subsubtick, basic@0804f972, 0804f972, 0804f97f
plot_ordinate_log_subsubtick, basic@0804f750, 0804f750, 0804f765
plot_ordinate_log_subsubtick, basic@0804f76b, 0804f76b, 0804f76b
plot_ordinate_log_subsubtick, basic@0804fcf8, 0804fcf8, 0804fcfb
plot_ordinate_log_subsubtick, basic@0804f71c, 0804f71c, 0804f724
plot_ordinate_log_subsubtick, basic@0804f771, 0804f771, 0804f774
plot_ordinate_log_subsubtick, basic@0804f988, 0804f988, 0804f9b2
plot_ordinate_log_subsubtick, basic@0804f9b4, 0804f9b4, 0804f9b4
plot_ordinate_log_subsubtick, basic@0804f9ba, 0804f9ba, 0804fa04
plot_ordinate_log_subsubtick, basic@0804fa06, 0804fa06, 0804fa06
plot_ordinate_log_subsubtick, basic@0804fa0c, 0804fa0c, 0804fa48
plot_ordinate_log_subsubtick, basic@0804fa4b, 0804fa4b, 0804fa60
plot_ordinate_log_subsubtick, basic@0804fc20, 0804fc20, 0804fc2d
plot_ordinate_log_subsubtick, basic@0804fc2f, 0804fc2f, 0804fc2f
plot_ordinate_log_subsubtick, basic@0804fc35, 0804fc35, 0804fc8b
plot_ordinate_log_subsubtick, basic@0804fc8d, 0804fc8d, 0804fc8d
plot_ordinate_log_subsubtick, basic@0804fc93, 0804fc93, 0804fccc
plot_ordinate_log_subsubtick, basic@0804fdd0, 0804fdd0, 0804fdd4
plot_ordinate_log_subsubtick, basic@0804fcd4, 0804fcd4, 0804fcf0
plot_ordinate_log_subsubtick, basic@0804fa66, 0804fa66, 0804fa73
plot_ordinate_log_subsubtick, basic@0804fa75, 0804fa75, 0804fa75
plot_ordinate_log_subsubtick, basic@0804fa7b, 0804fa7b, 0804fad1
plot_ordinate_log_subsubtick, basic@0804fad3, 0804fad3, 0804fad3
plot_ordinate_log_subsubtick, basic@0804fad9, 0804fad9, 0804fb14
plot_ordinate_log_subsubtick, basic@0804fde0, 0804fde0, 0804fde4
plot_ordinate_log_subsubtick, basic@0804fb1c, 0804fb1c, 0804fb38
plot_ordinate_log_subsubtick, basic@0804f77a, 0804f77a, 0804f77d
plot_ordinate_log_subsubtick, basic@0804f71c, 0804f71c, 0804f724
plot_ordinate_log_subsubtick, basic@0804f780, 0804f780, 0804f795
plot_ordinate_log_subsubtick, basic@0804fb40, 0804fb40, 0804fb4d
plot_ordinate_log_subsubtick, basic@0804fb4f, 0804fb4f, 0804fb4f
plot_ordinate_log_subsubtick, basic@0804fb55, 0804fb55, 0804fbab
plot_ordinate_log_subsubtick, basic@0804fd10, 0804fd10, 0804fd16
plot_ordinate_log_subsubtick, basic@0804fbb1, 0804fbb1, 0804fbf0
plot_ordinate_log_subsubtick, basic@0804fdf0, 0804fdf0, 0804fdf4
plot_ordinate_log_subsubtick, basic@0804fbf8, 0804fbf8, 0804fc14
plot_ordinate_log_subsubtick, basic@0804f79b, 0804f79b, 0804f7a8
plot_ordinate_log_subsubtick, basic@0804f7aa, 0804f7aa, 0804f7aa
plot_ordinate_log_subsubtick, basic@0804f7b0, 0804f7b0, 0804f806
plot_ordinate_log_subsubtick, basic@0804fd20, 0804fd20, 0804fd26
plot_ordinate_log_subsubtick, basic@0804f80c, 0804f80c, 0804f845
plot_ordinate_log_subsubtick, basic@0804fe00, 0804fe00, 0804fe04
plot_ordinate_log_subsubtick, basic@0804f84d, 0804f84d, 0804f869
plot_ordinate_log_subsubtick, basic@0804f71c, 0804f71c, 0804f724
compute_outcode, basic@0804fe30, 0804fe30, 0804fe5d
compute_outcode, basic@0804fe5f, 0804fe5f, 0804fe75
compute_outcode, basic@0804fe86, 0804fe86, 0804fe94
compute_outcode, basic@0804fe96, 0804fe96, 0804fe9e
compute_outcode, basic@0804fea0, 0804fea0, 0804fea0
compute_outcode, basic@0804fea3, 0804fea3, 0804fea5
compute_outcode, basic@0804feb0, 0804feb0, 0804feb9
new_multigrapher, basic@0804fec0, 0804fec0, 0804ff7a
new_multigrapher, basic@0804ff7c, 0804ff7c, 0804ff94
new_multigrapher, basic@0804ff96, 0804ff96, 0804ff9b
new_multigrapher, basic@0804ff9d, 0804ff9d, 0804ffa3
new_multigrapher, basic@0804ffd8, 0804ffd8, 0804ffe4
new_multigrapher, basic@0804ffa5, 0804ffa5, 0804ffd1
new_multigrapher, basic@0804ffca, 0804ffca, 0804fff2
delete_multigrapher, basic@08050000, 08050000, 08050017
delete_multigrapher, basic@08050019, 08050019, 08050026
delete_multigrapher, basic@08050028, 08050028, 08050038
begin_graph, basic@08050040, 08050040, 080500a2
end_graph, basic@080500b0, 080500b0, 080500ba
set_graph_parameters, basic@080500c0, 080500c0, 08050175
set_graph_parameters, basic@0805017b, 0805017b, 08050184
set_graph_parameters, basic@08050678, 08050678, 0805067f
set_graph_parameters, basic@0805018a, 0805018a, 080501a7
set_graph_parameters, basic@08050692, 08050692, 0805069b
set_graph_parameters, basic@08050700, 08050700, 08050708
set_graph_parameters, basic@0805069d, 0805069d, 080506b5
set_graph_parameters, basic@080501af, 080501af, 080501b5
set_graph_parameters, basic@080501b7, 080501b7, 080501bc
set_graph_parameters, basic@080501c2, 080501c2, 080501c2
set_graph_parameters, basic@080501c7, 080501c7, 080501ce
set_graph_parameters, basic@080507d0, 080507d0, 0805084e
set_graph_parameters, basic@080501e0, 080501e0, 080501e5
set_graph_parameters, basic@080501e7, 080501e7, 080501ea
set_graph_parameters, basic@080501f2, 080501f2, 080501f9
set_graph_parameters, basic@08050748, 08050748, 080507c6
set_graph_parameters, basic@080501ff, 080501ff, 08050208
set_graph_parameters, basic@0805020a, 0805020a, 08050217
set_graph_parameters, basic@0805021d, 0805021d, 0805022a
set_graph_parameters, basic@0805022c, 0805022c, 08050235
set_graph_parameters, basic@08050237, 08050237, 08050244
set_graph_parameters, basic@08050953, 08050953, 08050971
set_graph_parameters, basic@0805024a, 0805024a, 08050250
set_graph_parameters, basic@08050254, 08050254, 0805025d
set_graph_parameters, basic@08050263, 08050263, 0805026e
set_graph_parameters, basic@08050270, 08050270, 08050270
set_graph_parameters, basic@08050275, 08050275, 08050290
set_graph_parameters, basic@08050292, 08050292, 08050292
set_graph_parameters, basic@08050297, 08050297, 080502b9
set_graph_parameters, basic@080502bb, 080502bb, 080502bb
set_graph_parameters, basic@080502c0, 080502c0, 080502e2
set_graph_parameters, basic@080502e4, 080502e4, 080502e4
set_graph_parameters, basic@080502e9, 080502e9, 080502ff
set_graph_parameters, basic@08050301, 08050301, 08050301
set_graph_parameters, basic@08050306, 08050306, 08050315
set_graph_parameters, basic@08050317, 08050317, 08050317
set_graph_parameters, basic@0805031c, 0805031c, 08050369
set_graph_parameters, basic@0805036b, 0805036b, 080503a0
set_graph_parameters, basic@08050730, 08050730, 08050740
set_graph_parameters, basic@080503a6, 080503a6, 080503fa
set_graph_parameters, basic@08050401, 08050401, 0805040a
set_graph_parameters, basic@08050720, 08050720, 0805072a
set_graph_parameters, basic@08050410, 08050410, 0805045e
set_graph_parameters, basic@08050465, 08050465, 08050609
set_graph_parameters, basic@08050858, 08050858, 0805086b
set_graph_parameters, basic@08050888, 08050888, 0805088c
set_graph_parameters, basic@0805086d, 0805086d, 08050878
set_graph_parameters, basic@0805087e, 0805087e, 08050880
set_graph_parameters, basic@0805088e, 0805088e, 080508a9
set_graph_parameters, basic@080508c0, 080508c0, 080508c0
set_graph_parameters, basic@080508ab, 080508ab, 080508b6
set_graph_parameters, basic@080508b8, 080508b8, 080508ba
set_graph_parameters, basic@080508c2, 080508c2, 08050910
set_graph_parameters, basic@0805060f, 0805060f, 0805062f
set_graph_parameters, basic@08050635, 08050635, 08050642
set_graph_parameters, basic@08050644, 08050644, 08050658
set_graph_parameters, basic@080506c0, 080506c0, 080506c2
set_graph_parameters, basic@0805065a, 0805065a, 0805066d
set_graph_parameters, basic@080506c8, 080506c8, 080506ea
draw_frame_of_graph, basic@08050980, 08050980, 080509a3
draw_frame_of_graph, basic@080509a5, 080509a5, 080509b0
draw_frame_of_graph, basic@080509b3, 080509b3, 080509f1
draw_frame_of_graph, basic@08051740, 08051740, 0805175d
draw_frame_of_graph, basic@08051763, 08051763, 08051768
draw_frame_of_graph, basic@08051af0, 08051af0, 08051b02
draw_frame_of_graph, basic@0805176e, 0805176e, 08051779
draw_frame_of_graph, basic@0805177c, 0805177c, 0805180f
draw_frame_of_graph, basic@080509f7, 080509f7, 080509ff
draw_frame_of_graph, basic@08050a05, 08050a05, 08050a0d
draw_frame_of_graph, basic@08050a0f, 08050a0f, 08050a17
draw_frame_of_graph, basic@08050a19, 08050a19, 08050a1c
draw_frame_of_graph, basic@08050a22, 08050a22, 08050a25
draw_frame_of_graph, basic@08052738, 08052738, 0805273b
draw_frame_of_graph, basic@08050a2b, 08050a2b, 08050a2e
draw_frame_of_graph, basic@08050a34, 08050a34, 08050a37
draw_frame_of_graph, basic@08051b10, 08051b10, 08051b3e
draw_frame_of_graph, basic@08051b44, 08051b44, 08051b44
draw_frame_of_graph, basic@08051b46, 08051b46, 08051bf4
draw_frame_of_graph, basic@08052d54, 08052d54, 08052d57
draw_frame_of_graph, basic@08052d5d, 08052d5d, 08052d63
draw_frame_of_graph, basic@08052741, 08052741, 08052749
draw_frame_of_graph, basic@080528b0, 080528b0, 080528b6
draw_frame_of_graph, basic@0805274f, 0805274f, 0805274f
draw_frame_of_graph, basic@08052755, 08052755, 0805277e
draw_frame_of_graph, basic@080528a0, 080528a0, 080528a6
draw_frame_of_graph, basic@08052784, 08052784, 08052784
draw_frame_of_graph, basic@0805278a, 0805278a, 0805282d
draw_frame_of_graph, basic@08051bfa, 08051bfa, 08051bfd
draw_frame_of_graph, basic@08051260, 08051260, 080512cd
draw_frame_of_graph, basic@08051c03, 08051c03, 08051c06
draw_frame_of_graph, basic@08050a3d, 08050a3d, 08050b77
draw_frame_of_graph, basic@080512d0, 080512d0, 080512d2
draw_frame_of_graph, basic@080512d8, 080512d8, 080512e0
draw_frame_of_graph, basic@080512e2, 080512e2, 080512ea
draw_frame_of_graph, basic@08051900, 08051900, 08051938
draw_frame_of_graph, basic@0805193e, 0805193e, 0805193e
draw_frame_of_graph, basic@08051940, 08051940, 08051964
draw_frame_of_graph, basic@08053dca, 08053dca, 08053dd0
draw_frame_of_graph, basic@0805196a, 0805196a, 0805198c
draw_frame_of_graph, basic@08051990, 08051990, 080519ac
draw_frame_of_graph, basic@080519b2, 080519b2, 080519c2
draw_frame_of_graph, basic@080519c8, 080519c8, 080519d0
draw_frame_of_graph, basic@08051f38, 08051f38, 08051f3b
draw_frame_of_graph, basic@0805391b, 0805391b, 08053939
draw_frame_of_graph, basic@08053c35, 08053c35, 08053c49
draw_frame_of_graph, basic@08053c4f, 08053c4f, 08053c61
draw_frame_of_graph, basic@08051f58, 08051f58, 0805202a
draw_frame_of_graph, basic@08053cfe, 08053cfe, 08053d1d
draw_frame_of_graph, basic@08052032, 08052032, 08052051
draw_frame_of_graph, basic@080519d6, 080519d6, 080519d9
draw_frame_of_graph, basic@08052d98, 08052d98, 08052db6
draw_frame_of_graph, basic@0805315d, 0805315d, 0805316f
draw_frame_of_graph, basic@08053175, 08053175, 08053181
draw_frame_of_graph, basic@080519ef, 080519ef, 08051abb
draw_frame_of_graph, basic@08053df9, 08053df9, 08053e18
draw_frame_of_graph, basic@08051ac3, 08051ac3, 08051ae4
draw_frame_of_graph, basic@08052053, 08052053, 08052073
draw_frame_of_graph, basic@08052079, 08052079, 08052079
draw_frame_of_graph, basic@080533cc, 080533cc, 080533cf
draw_frame_of_graph, basic@0805207f, 0805207f, 08052082
draw_frame_of_graph, basic@08052088, 08052088, 08052173
draw_frame_of_graph, basic@08052b15, 08052b15, 08052b18
draw_frame_of_graph, basic@08052b1e, 08052b1e, 08052b33
draw_frame_of_graph, basic@08052177, 08052177, 0805217f
draw_frame_of_graph, basic@08052a1a, 08052a1a, 08052af3
draw_frame_of_graph, basic@08052185, 08052185, 0805225e
draw_frame_of_graph, basic@0805226a, 0805226a, 080522c0
draw_frame_of_graph, basic@080522c4, 080522c4, 080522c6
draw_frame_of_graph, basic@080522f0, 080522f0, 08052417
draw_frame_of_graph, basic@08053190, 08053190, 080532bb
draw_frame_of_graph, basic@08052440, 08052440, 08052449
draw_frame_of_graph, basic@0805244f, 0805244f, 08052457
draw_frame_of_graph, basic@0805245d, 0805245d, 080524a3
draw_frame_of_graph, basic@080524a9, 080524a9, 080524b4
draw_frame_of_graph, basic@080524b8, 080524b8, 080524d2
draw_frame_of_graph, basic@080524d8, 080524d8, 080524e6
draw_frame_of_graph, basic@080524ec, 080524ec, 080524ef
draw_frame_of_graph, basic@080536e3, 080536e3, 080536e6
draw_frame_of_graph, basic@080524f5, 080524f5, 080524f8
draw_frame_of_graph, basic@080535c3, 080535c3, 080535cb
draw_frame_of_graph, basic@08053b10, 08053b10, 08053c1d
draw_frame_of_graph, basic@080535d1, 080535d1, 080536de
draw_frame_of_graph, basic@080524fe, 080524fe, 08052501
draw_frame_of_graph, basic@08052507, 08052507, 0805250f
draw_frame_of_graph, basic@080534cf, 080534cf, 08053597
draw_frame_of_graph, basic@08052515, 08052515, 080525d3
draw_frame_of_graph, basic@08052604, 08052604, 0805261b
draw_frame_of_graph, basic@08052640, 08052640, 08052649
draw_frame_of_graph, basic@08052651, 08052651, 08052654
draw_frame_of_graph, basic@0805265a, 0805265a, 08052662
draw_frame_of_graph, basic@08052668, 08052668, 08052677
draw_frame_of_graph, basic@0805267d, 0805267d, 080526cb
draw_frame_of_graph, basic@080526cd, 080526cd, 080526cd
draw_frame_of_graph, basic@080526d3, 080526d3, 08052723
draw_frame_of_graph, basic@08052727, 08052727, 08052729
draw_frame_of_graph, basic@080512f0, 080512f0, 080512f8
draw_frame_of_graph, basic@080512fe, 080512fe, 08051306
draw_frame_of_graph, basic@0805130c, 0805130c, 08051344
draw_frame_of_graph, basic@0805134a, 0805134a, 0805134a
draw_frame_of_graph, basic@0805134c, 0805134c, 08051370
draw_frame_of_graph, basic@08050b7c, 08050b7c, 08050b82
draw_frame_of_graph, basic@08051376, 08051376, 08051399
draw_frame_of_graph, basic@080513a0, 080513a0, 080513bc
draw_frame_of_graph, basic@080513c2, 080513c2, 080513d2
draw_frame_of_graph, basic@080513d8, 080513d8, 080513e0
draw_frame_of_graph, basic@08051c20, 08051c20, 08051c23
draw_frame_of_graph, basic@08053951, 08053951, 0805396f
draw_frame_of_graph, basic@08053c80, 08053c80, 08053c94
draw_frame_of_graph, basic@08053c9a, 08053c9a, 08053cac
draw_frame_of_graph, basic@08051c40, 08051c40, 08051cfe
draw_frame_of_graph, basic@08053cda, 08053cda, 08053cf9
draw_frame_of_graph, basic@08051d06, 08051d06, 08051d35
draw_frame_of_graph, basic@080513e6, 080513e6, 080513ec
draw_frame_of_graph, basic@08052dc6, 08052dc6, 08052de1
draw_frame_of_graph, basic@08052de7, 08052de7, 08052df9
draw_frame_of_graph, basic@08052dff, 08052dff, 08052e0b
draw_frame_of_graph, basic@080513f9, 080513f9, 080514bf
draw_frame_of_graph, basic@08053dd5, 08053dd5, 08053df4
draw_frame_of_graph, basic@080514c7, 080514c7, 080514f8
draw_frame_of_graph, basic@08051d37, 08051d37, 08051d56
draw_frame_of_graph, basic@08051d58, 08051d58, 08051d5c
draw_frame_of_graph, basic@08051d62, 08051d62, 08051d78
draw_frame_of_graph, basic@08051d7e, 08051d7e, 08051d7e
draw_frame_of_graph, basic@080533da, 080533da, 080533dd
draw_frame_of_graph, basic@08051d84, 08051d84, 08051d87
draw_frame_of_graph, basic@08052f38, 08052f38, 08053017
draw_frame_of_graph, basic@08051d8d, 08051d8d, 08051d90
draw_frame_of_graph, basic@08051d96, 08051d96, 08051da9
draw_frame_of_graph, basic@0805301b, 0805301b, 0805302e
draw_frame_of_graph, basic@080532c0, 080532c0, 080533ab
draw_frame_of_graph, basic@08053034, 08053034, 0805311f
draw_frame_of_graph, basic@0805313b, 0805313b, 08053158
draw_frame_of_graph, basic@08051dab, 08051dab, 08051dad
draw_frame_of_graph, basic@08051de0, 08051de0, 08051ef5
draw_frame_of_graph, basic@08052e20, 08052e20, 08052f33
draw_frame_of_graph, basic@08051f20, 08051f20, 08051f29
draw_frame_of_graph, basic@08050b88, 08050b88, 08050b90
draw_frame_of_graph, basic@08052b46, 08052b46, 08052b8c
draw_frame_of_graph, basic@08052b92, 08052b92, 08052b9c
draw_frame_of_graph, basic@08052ba0, 08052ba0, 08052bba
draw_frame_of_graph, basic@08052bc0, 08052bc0, 08052bce
draw_frame_of_graph, basic@08052bd4, 08052bd4, 08052bd7
draw_frame_of_graph, basic@080534bd, 080534bd, 080534c0
draw_frame_of_graph, basic@08052bdd, 08052bdd, 08052be0
draw_frame_of_graph, basic@080537e0, 080537e0, 080537f1
draw_frame_of_graph, basic@080539e6, 080539e6, 08053af0
draw_frame_of_graph, basic@080537f7, 080537f7, 080538fd
draw_frame_of_graph, basic@08052be6, 08052be6, 08052be9
draw_frame_of_graph, basic@08052bef, 08052bef, 08052c00
draw_frame_of_graph, basic@080536f5, 080536f5, 080537c0
draw_frame_of_graph, basic@08052c06, 08052c06, 08052cd3
draw_frame_of_graph, basic@08052cf0, 08052cf0, 08052d07
draw_frame_of_graph, basic@08052d30, 08052d30, 08052d39
draw_frame_of_graph, basic@08050b96, 08050b96, 08050b99
draw_frame_of_graph, basic@08050b9f, 08050b9f, 08050ba7
draw_frame_of_graph, basic@08050bad, 08050bad, 08050bbc
draw_frame_of_graph, basic@08050bc2, 08050bc2, 08050bea
draw_frame_of_graph, basic@08053e54, 08053e54, 08053e64
draw_frame_of_graph, basic@08050bf0, 08050bf0, 08050c04
draw_frame_of_graph, basic@08050c06, 08050c06, 08050c65
draw_frame_of_graph, basic@08050c69, 08050c69, 08050c6b
draw_frame_of_graph, basic@08050c78, 08050c78, 08050c80
draw_frame_of_graph, basic@08050c86, 08050c86, 08050c8e
draw_frame_of_graph, basic@08050c94, 08050c94, 08050c9c
draw_frame_of_graph, basic@08051620, 08051620, 08051628
draw_frame_of_graph, basic@0805162e, 0805162e, 080516ae
draw_frame_of_graph, basic@080516b8, 080516b8, 080516c9
draw_frame_of_graph, basic@080516d0, 080516d0, 080516fa
draw_frame_of_graph, basic@080516fc, 080516fc, 08051701
draw_frame_of_graph, basic@08051703, 08051703, 0805170b
draw_frame_of_graph, basic@08051718, 08051718, 08051720
draw_frame_of_graph, basic@08051726, 08051726, 0805172e
draw_frame_of_graph, basic@08050c9c, 08050c9c, 08050c9c
draw_frame_of_graph, basic@08050ca2, 08050ca2, 08050d51
draw_frame_of_graph, basic@08050d66, 08050d66, 08050d8d
draw_frame_of_graph, basic@08050d60, 08050d60, 08050d60
draw_frame_of_graph, basic@08050d8f, 08050d8f, 08050d97
draw_frame_of_graph, basic@08050da0, 08050da0, 08050da8
draw_frame_of_graph, basic@08050dae, 08050dae, 08050db6
draw_frame_of_graph, basic@08050dbc, 08050dbc, 08050dc4
draw_frame_of_graph, basic@08051500, 08051500, 08051508
draw_frame_of_graph, basic@0805150e, 0805150e, 0805158e
draw_frame_of_graph, basic@08051598, 08051598, 080515a9
draw_frame_of_graph, basic@080515b0, 080515b0, 080515da
draw_frame_of_graph, basic@080515dc, 080515dc, 080515e1
draw_frame_of_graph, basic@080515e3, 080515e3, 080515eb
draw_frame_of_graph, basic@080515f8, 080515f8, 08051600
draw_frame_of_graph, basic@08051606, 08051606, 0805160e
draw_frame_of_graph, basic@0805160e, 0805160e, 0805160e
draw_frame_of_graph, basic@08050dca, 08050dca, 08050e79
draw_frame_of_graph, basic@08050e86, 08050e86, 08050ead
draw_frame_of_graph, basic@08050e80, 08050e80, 08050e80
draw_frame_of_graph, basic@08050eaf, 08050eaf, 08050eb7
draw_frame_of_graph, basic@08050ec0, 08050ec0, 08050ec8
draw_frame_of_graph, basic@08050ece, 08050ece, 08050efc
draw_frame_of_graph, basic@08050efe, 08050efe, 08050f00
draw_frame_of_graph, basic@08050f0a, 08050f0a, 08050f52
draw_frame_of_graph, basic@08051818, 08051818, 080518f2
draw_frame_of_graph, basic@08050f58, 08050f58, 0805102f
draw_frame_of_graph, basic@08051032, 08051032, 0805103a
draw_frame_of_graph, basic@08051040, 08051040, 08051048
draw_frame_of_graph, basic@0805104e, 0805104e, 08051051
draw_frame_of_graph, basic@08051057, 08051057, 08051085
draw_frame_of_graph, basic@08051087, 08051087, 08051089
draw_frame_of_graph, basic@08051092, 08051092, 080510d7
draw_frame_of_graph, basic@08052938, 08052938, 080529fb
draw_frame_of_graph, basic@080534a4, 080534a4, 080534b8
draw_frame_of_graph, basic@08052a01, 08052a01, 08052a15
draw_frame_of_graph, basic@080510dd, 080510dd, 0805119e
draw_frame_of_graph, basic@0805348b, 0805348b, 0805349f
draw_frame_of_graph, basic@080511a4, 080511a4, 080511b6
draw_frame_of_graph, basic@080511b8, 080511b8, 080511cd
draw_frame_of_graph, basic@080511d0, 080511d0, 080511ed
draw_frame_of_graph, basic@080511ef, 080511ef, 080511f7
draw_frame_of_graph, basic@080511f9, 080511f9, 08051201
draw_frame_of_graph, basic@08051203, 08051203, 0805120a
draw_frame_of_graph, basic@08051248, 08051248, 08051250
draw_frame_of_graph, basic@08051252, 08051252, 08051259
draw_frame_of_graph, basic@0805120c, 0805120c, 08051232
draw_frame_of_graph, basic@08051238, 08051238, 08051242
plot_point, basic@08053e70, 08053e70, 08053e8a
plot_point, basic@08053e90, 08053e90, 08053e98
plot_point, basic@08054170, 08054170, 08054178
plot_point, basic@080543e8, 080543e8, 080543eb
plot_point, basic@08054610, 08054610, 08054615
plot_point, basic@0805461b, 0805461b, 08054622
plot_point, basic@080543f1, 080543f1, 08054433
plot_point, basic@08054436, 08054436, 0805444a
plot_point, basic@0805417e, 0805417e, 08054180
plot_point, basic@08054182, 08054182, 080541ad
plot_point, basic@080541b0, 080541b0, 080541c0
plot_point, basic@080541c3, 080541c3, 080541e8
plot_point, basic@080541ea, 080541ea, 0805420c
plot_point, basic@0805420e, 0805420e, 0805421b
plot_point, basic@0805421d, 0805421d, 08054224
plot_point, basic@08054a4a, 08054a4a, 08054a50
plot_point, basic@0805422a, 0805422a, 0805422a
plot_point, basic@08054230, 08054230, 08054253
plot_point, basic@08054278, 08054278, 08054292
plot_point, basic@08054298, 08054298, 080542ad
plot_point, basic@08053e9e, 08053e9e, 08053ec3
plot_point, basic@08053ec7, 08053ec7, 08053f2d
plot_point, basic@08053f31, 08053f31, 08053f35
plot_point, basic@08053f42, 08053f42, 08053f44
plot_point, basic@08054380, 08054380, 080543a1
plot_point, basic@080543a3, 080543a3, 080543a3
plot_point, basic@080543a9, 080543a9, 080543cf
plot_point, basic@08053f4a, 08053f4a, 08053f4e
plot_point, basic@08053f50, 08053f50, 08053f50
plot_point, basic@08053f52, 08053f52, 08053f55
plot_point, basic@080542b8, 080542b8, 080542bb
plot_point, basic@08054338, 08054338, 0805433b
plot_point, basic@08054360, 08054360, 08054378
plot_point, basic@0805433d, 0805433d, 08054354
plot_point, basic@080542bd, 080542bd, 080542d5
plot_point, basic@08053f5b, 08053f5b, 08053f6e
plot_point, basic@080542d5, 080542d5, 080542d5
plot_point, basic@080542ee, 080542ee, 0805432d
plot_point, basic@08053f90, 08053f90, 08053fcd
plot_point, basic@08053fda, 08053fda, 08053fe5
plot_point, basic@08054450, 08054450, 0805445f
plot_point, basic@08053feb, 08053feb, 08053feb
plot_point, basic@08054465, 08054465, 0805446a
plot_point, basic@08053ff0, 08053ff0, 08053ffb
plot_point, basic@08053ffd, 08053ffd, 08054008
plot_point, basic@0805400a, 0805400a, 0805400a
plot_point, basic@0805400d, 0805400d, 08054012
plot_point, basic@08054018, 08054018, 0805401d
plot_point, basic@08054488, 08054488, 080544a1
plot_point, basic@08054600, 08054600, 08054606
plot_point, basic@080544a7, 080544a7, 080544cd
plot_point, basic@080544d3, 080544d3, 080544d9
plot_point, basic@080544db, 080544db, 080544e9
plot_point, basic@08054023, 08054023, 0805402b
plot_point, basic@08054775, 08054775, 08054790
plot_point, basic@08054820, 08054820, 0805482c
plot_point, basic@08054832, 08054832, 08054832
plot_point, basic@08054838, 08054838, 0805485e
plot_point, basic@08054860, 08054860, 08054868
plot_point, basic@0805486c, 0805486c, 0805487c
plot_point, basic@08054796, 08054796, 0805479c
plot_point, basic@080547a2, 080547a2, 080547ae
plot_point, basic@080547b4, 080547b4, 080547b4
plot_point, basic@080547ba, 080547ba, 080547e0
plot_point, basic@080547e6, 080547e6, 080547ec
plot_point, basic@080547ee, 080547ee, 080547fe
plot_point, basic@08054031, 08054031, 08054034
plot_point, basic@0805465b, 0805465b, 08054663
plot_point, basic@08054669, 08054669, 0805466f
plot_point, basic@08054a70, 08054a70, 08054a7a
plot_point, basic@08054a80, 08054a80, 08054a97
plot_point, basic@08054a99, 08054a99, 08054a99
plot_point, basic@08054a9f, 08054a9f, 08054ac5
plot_point, basic@08054ac7, 08054ac7, 08054acf
plot_point, basic@08054ad3, 08054ad3, 08054af3
plot_point, basic@08054675, 08054675, 0805467f
plot_point, basic@08054685, 08054685, 0805469c
plot_point, basic@0805469e, 0805469e, 0805469e
plot_point, basic@080546a4, 080546a4, 080546ca
plot_point, basic@080546cc, 080546cc, 080546d4
plot_point, basic@080546d8, 080546d8, 08054711
plot_point, basic@08054717, 08054717, 08054717
plot_point, basic@0805471d, 0805471d, 08054740
plot_point, basic@08054746, 08054746, 0805474c
plot_point, basic@0805474e, 0805474e, 0805475c
plot_point, basic@0805475e, 0805475e, 08054770
plot_point, basic@08054895, 08054895, 0805489e
plot_point, basic@080548a2, 080548a2, 080548ae
plot_point, basic@080548b4, 080548b4, 080548b4
plot_point, basic@080548ba, 080548ba, 080548e0
plot_point, basic@080548e6, 080548e6, 080548ec
plot_point, basic@080548ee, 080548ee, 080548fe
plot_point, basic@080544eb, 080544eb, 080544fa
plot_point, basic@080544fd, 080544fd, 0805450a
plot_point, basic@08054166, 08054166, 0805416d
plot_point, basic@0805403a, 0805403a, 08054040
plot_point, basic@08054046, 08054046, 08054054
plot_point, basic@08054907, 08054907, 08054920
plot_point, basic@08054922, 08054922, 08054922
plot_point, basic@08054928, 08054928, 0805494e
plot_point, basic@08054950, 08054950, 08054958
plot_point, basic@0805495c, 0805495c, 08054993
plot_point, basic@08054066, 08054066, 0805407d
plot_point, basic@0805407f, 0805407f, 0805407f
plot_point, basic@08054085, 08054085, 080540ab
plot_point, basic@080540ad, 080540ad, 080540b5
plot_point, basic@080540b9, 080540b9, 080540de
plot_point, basic@080540e4, 080540e4, 080540fb
plot_point, basic@08054101, 08054101, 08054101
plot_point, basic@08054107, 08054107, 0805412a
plot_point, basic@080543cf, 080543cf, 080543cf
plot_point, basic@080543d5, 080543d5, 080543dd
plot_point, basic@0805413a, 0805413a, 0805416d
plot_point, basic@08054a55, 08054a55, 08054a5f
plot_point, basic@08054510, 08054510, 08054516
plot_point, basic@08054637, 08054637, 08054656
plot_point, basic@0805451c, 0805451c, 0805451f
plot_point, basic@08054803, 08054803, 08054807
plot_point, basic@08054809, 08054809, 0805480e
plot_point, basic@08054814, 08054814, 0805481b
plot_point, basic@08054b02, 08054b02, 08054b28
plot_point, basic@08054b2a, 08054b2a, 08054b2c
plot_point, basic@08054b30, 08054b30, 08054b4a
plot_point, basic@08054b4c, 08054b4c, 08054b4c
plot_point, basic@08054b52, 08054b52, 08054b71
plot_point, basic@08054b73, 08054b73, 08054b7b
plot_point, basic@08054b7f, 08054b7f, 08054ba9
plot_point, basic@08054525, 08054525, 0805452a
plot_point, basic@08054530, 08054530, 0805453e
plot_point, basic@08054543, 08054543, 08054567
plot_point, basic@08054569, 08054569, 0805456b
plot_point, basic@0805456f, 0805456f, 0805458c
plot_point, basic@0805458e, 0805458e, 0805458e
plot_point, basic@08054594, 08054594, 080545b3
plot_point, basic@080545b5, 080545b5, 080545bd
plot_point, basic@080545c1, 080545c1, 080545fa
plot_point, basic@08054998, 08054998, 080549c2
plot_point, basic@080549c4, 080549c4, 080549c6
plot_point, basic@080549ca, 080549ca, 080549e7
plot_point, basic@080549e9, 080549e9, 080549e9
plot_point, basic@080549ef, 080549ef, 08054a0e
plot_point, basic@08054a10, 08054a10, 08054a18
plot_point, basic@08054a1c, 08054a1c, 08054a45
plot_point, basic@08054166, 08054166, 0805416d
plot_point_array, basic@08054bd0, 08054bd0, 08054be7
plot_point_array, basic@08054bf0, 08054bf0, 08054c05
plot_point_array, basic@08054c07, 08054c07, 08054c0e
end_polyline_and_flush, basic@08054c10, 08054c10, 08054c35
display_fonts, basic@08054c40, 08054c40, 08054c50
display_fonts, basic@08054c6c, 08054c6c, 08054c70
display_fonts, basic@08054c58, 08054c58, 08054c6a
display_fonts, basic@08054ca0, 08054ca0, 08054caa
display_fonts, basic@08054cac, 08054cac, 08054cac
display_fonts, basic@08054cac, 08054cac, 08054cac
display_fonts, basic@08054cae, 08054cae, 08054cb0
display_fonts, basic@08054c72, 08054c72, 08054c8b
display_fonts, basic@08054cb2, 08054cb2, 08054cd8
display_fonts, basic@0805538e, 0805538e, 080553a6
display_fonts, basic@08054cde, 08054cde, 08054cf4
display_fonts, basic@0805501e, 0805501e, 08055035
display_fonts, basic@080553d8, 080553d8, 080553ef
display_fonts, basic@0805503b, 0805503b, 08055044
display_fonts, basic@08055048, 08055048, 0805505d
display_fonts, basic@0805505f, 0805505f, 0805507f
display_fonts, basic@080550a5, 080550a5, 080550a9
display_fonts, basic@080550ab, 080550ab, 080550ae
display_fonts, basic@08055088, 08055088, 0805508a
display_fonts, basic@08055387, 08055387, 08055389
display_fonts, basic@08055090, 08055090, 0805509f
display_fonts, basic@0805524b, 0805524b, 08055268
display_fonts, basic@0805526e, 0805526e, 0805527b
display_fonts, basic@08055280, 08055280, 08055309
display_fonts, basic@08055310, 08055310, 08055320
display_fonts, basic@08055322, 08055322, 08055326
display_fonts, basic@08055328, 08055328, 08055328
display_fonts, basic@08055330, 08055330, 08055340
display_fonts, basic@08055342, 08055342, 08055349
display_fonts, basic@08055353, 08055353, 08055359
display_fonts, basic@0805535f, 0805535f, 08055382
display_fonts, basic@08054cfa, 08054cfa, 08054d10
display_fonts, basic@080550b4, 080550b4, 080550c9
display_fonts, basic@08055448, 08055448, 0805544a
display_fonts, basic@080550cf, 080550cf, 080550d9
display_fonts, basic@080550e0, 080550e0, 080550f0
display_fonts, basic@080550f2, 080550f2, 080550f2
display_fonts, basic@080550f5, 080550f5, 0805511d
display_fonts, basic@0805542c, 0805542c, 08055443
display_fonts, basic@08055123, 08055123, 0805512d
display_fonts, basic@08055130, 08055130, 08055132
display_fonts, basic@08055134, 08055134, 0805513b
display_fonts, basic@0805513d, 0805513d, 08055140
display_fonts, basic@08055143, 08055143, 08055153
display_fonts, basic@08055155, 08055155, 08055185
display_fonts, basic@0805544f, 0805544f, 08055457
display_fonts, basic@0805518b, 0805518b, 0805519a
display_fonts, basic@080551a0, 080551a0, 08055221
display_fonts, basic@0805522b, 0805522b, 08055231
display_fonts, basic@080553ab, 080553ab, 080553d3
display_fonts, basic@08055237, 08055237, 08055246
display_fonts, basic@08054d16, 08054d16, 08054d2c
display_fonts, basic@08054ed5, 08054ed5, 08054eec
display_fonts, basic@080553f4, 080553f4, 0805540b
display_fonts, basic@08054ef2, 08054ef2, 08054ef9
display_fonts, basic@08054f00, 08054f00, 08054f10
display_fonts, basic@08054f12, 08054f12, 08054f42
display_fonts, basic@08054f48, 08054f48, 08054f69
display_fonts, basic@08054f70, 08054f70, 08054fe2
display_fonts, basic@08054fe8, 08054fe8, 08054fee
display_fonts, basic@08054ff4, 08054ff4, 08055019
display_fonts, basic@08054d32, 08054d32, 08054d48
display_fonts, basic@08054d98, 08054d98, 08054daf
display_fonts, basic@08055410, 08055410, 08055427
display_fonts, basic@08054db5, 08054db5, 08054dbc
display_fonts, basic@08054dc0, 08054dc0, 08054dd0
display_fonts, basic@08054dd2, 08054dd2, 08054e02
display_fonts, basic@08054e08, 08054e08, 08054e25
display_fonts, basic@08054e28, 08054e28, 08054e99
display_fonts, basic@08054e9f, 08054e9f, 08054ea5
display_fonts, basic@08054eab, 08054eab, 08054ed0
display_fonts, basic@08054d4a, 08054d4a, 08054d53
display_fonts, basic@08054d59, 08054d59, 08054d5d
display_fonts, basic@08054d63, 08054d63, 08054d97
display_fonts, basic@08054c8e, 08054c8e, 08054c97
list_fonts, basic@08055460, 08055460, 08055470
list_fonts, basic@0805548e, 0805548e, 08055492
list_fonts, basic@08055494, 08055494, 080554b7
list_fonts, basic@08055478, 08055478, 0805548c
list_fonts, basic@080554c0, 080554c0, 080554e4
list_fonts, basic@080554ea, 080554ea, 080554fd
list_fonts, basic@08055660, 08055660, 08055670
list_fonts, basic@08055670, 08055670, 08055670
list_fonts, basic@08055694, 08055694, 08055699
list_fonts, basic@0805569b, 0805569b, 080556b2
list_fonts, basic@08055680, 08055680, 0805568e
list_fonts, basic@08055503, 08055503, 08055516
list_fonts, basic@080555f0, 080555f0, 08055611
list_fonts, basic@08055611, 08055611, 08055611
list_fonts, basic@08055620, 08055620, 08055622
list_fonts, basic@08055624, 08055624, 0805562c
list_fonts, basic@0805562e, 0805562e, 08055642
list_fonts, basic@08055645, 08055645, 08055653
list_fonts, basic@0805551c, 0805551c, 0805552f
list_fonts, basic@080555a0, 080555a0, 080555b0
list_fonts, basic@080555b0, 080555b0, 080555b0
list_fonts, basic@080555c0, 080555c0, 080555e5
list_fonts, basic@08055531, 08055531, 08055544
list_fonts, basic@08055558, 08055558, 08055568
list_fonts, basic@08055568, 08055568, 08055568
list_fonts, basic@08055570, 08055570, 08055595
list_fonts, basic@08055546, 08055546, 08055554
list_fonts, basic@080554ae, 080554ae, 080556cc
elementp, basic@080556e0, 080556e0, 080556e8
elementp, basic@080556f4, 080556f4, 080556fc
elementp, basic@080556f0, 080556f0, 080556f2
elementp, basic@08055708, 08055708, 0805570d
elementp, basic@080556fe, 080556fe, 08055700
display_usage, basic@08055710, 08055710, 08055761
display_usage, basic@08055767, 08055767, 08055769
display_usage, basic@08055770, 08055770, 08055775
display_usage, basic@08055784, 08055784, 0805578c
display_usage, basic@0805578e, 0805578e, 080557a5
display_usage, basic@080558d0, 080558d0, 080558ec
display_usage, basic@080557ab, 080557ab, 080557cf
display_usage, basic@08055888, 08055888, 080558a8
display_usage, basic@080557d5, 080557d5, 080557db
display_usage, basic@080558a8, 080558a8, 080558a8
display_usage, basic@080558ae, 080558ae, 080558c8
display_usage, basic@080557e1, 080557e1, 080557e4
display_usage, basic@080558f8, 080558f8, 08055912
display_usage, basic@080557ea, 080557ea, 080557fd
display_usage, basic@08055780, 08055780, 08055782
display_usage, basic@08055800, 08055800, 08055807
display_usage, basic@0805580d, 0805580d, 08055813
display_usage, basic@0805592f, 0805592f, 08055947
display_usage, basic@08055819, 08055819, 08055833
display_usage, basic@08055839, 08055839, 08055843
display_usage, basic@0805599e, 0805599e, 080559b8
display_usage, basic@0805594d, 0805594d, 08055964
display_usage, basic@08055967, 08055967, 08055999
display_usage, basic@08055849, 08055849, 0805584c
display_usage, basic@08055852, 08055852, 08055858
display_usage, basic@08055917, 08055917, 0805592a
display_usage, basic@0805585e, 0805585e, 0805587e
display_version, basic@080559c0, 080559c0, 08055a30
exchange, basic@08055a40, 08055a40, 08055a69
exchange, basic@08055a72, 08055a72, 08055a72
exchange, basic@08055a74, 08055a74, 08055a77
exchange, basic@08055ab5, 08055ab5, 08055ad3
exchange, basic@08055a79, 08055a79, 08055a84
exchange, basic@08055ad8, 08055ad8, 08055ada
exchange, basic@08055adc, 08055adc, 08055af2
exchange, basic@08055af8, 08055af8, 08055b07
exchange, basic@08055b0d, 08055b0d, 08055b10
exchange, basic@08055a86, 08055a86, 08055a88
exchange, basic@08055b15, 08055b15, 08055b17
exchange, basic@08055a8e, 08055a8e, 08055a9a
exchange, basic@08055aa0, 08055aa0, 08055aaf
_getopt_internal, basic@08055b20, 08055b20, 08055b3c
_getopt_internal, basic@08055cd8, 08055cd8, 08055d09
_getopt_internal, basic@080560f0, 080560f0, 080560ff
_getopt_internal, basic@08055d0f, 08055d0f, 08055d11
_getopt_internal, basic@08055ff0, 08055ff0, 08055fff
_getopt_internal, basic@08055d17, 08055d17, 08055d29
_getopt_internal, basic@08055ef8, 08055ef8, 08055f09
_getopt_internal, basic@08055d2f, 08055d2f, 08055d2f
_getopt_internal, basic@08055b42, 08055b42, 08055b4a
_getopt_internal, basic@08055b50, 08055b50, 08055b53
_getopt_internal, basic@08055c30, 08055c30, 08055c39
_getopt_internal, basic@08055f10, 08055f10, 08055f1e
_getopt_internal, basic@080561b8, 080561b8, 080561ba
_getopt_internal, basic@080561c0, 080561c0, 080561c5
_getopt_internal, basic@08055f24, 08055f24, 08055f26
_getopt_internal, basic@08055f28, 08055f28, 08055f31
_getopt_internal, basic@08055f36, 08055f36, 08055f3a
_getopt_internal, basic@08055f60, 08055f60, 08055f66
_getopt_internal, basic@08055f68, 08055f68, 08055f6c
_getopt_internal, basic@08055f50, 08055f50, 08055f5a
_getopt_internal, basic@0805600a, 0805600a, 08056019
_getopt_internal, basic@08055d48, 08055d48, 08055d48
_getopt_internal, basic@08055c3f, 08055c3f, 08055c43
_getopt_internal, basic@08055c49, 08055c49, 08055c53
_getopt_internal, basic@08055c55, 08055c55, 08055c59
_getopt_internal, basic@08055c5f, 08055c5f, 08055c63
_getopt_internal, basic@08055c69, 08055c69, 08055c7f
_getopt_internal, basic@08055c85, 08055c85, 08055c87
_getopt_internal, basic@08055c89, 08055c89, 08055c92
_getopt_internal, basic@08055c98, 08055c98, 08055ca6
_getopt_internal, basic@08055edb, 08055edb, 08055edd
_getopt_internal, basic@08055edf, 08055edf, 08055edf
_getopt_internal, basic@08055ee5, 08055ee5, 08055ef3
_getopt_internal, basic@08055f80, 08055f80, 08055f88
_getopt_internal, basic@08055cb0, 08055cb0, 08055cb2
_getopt_internal, basic@08055ee5, 08055ee5, 08055ef3
_getopt_internal, basic@08055cb8, 08055cb8, 08055cd4
_getopt_internal, basic@08055f8e, 08055f8e, 08055fa8
_getopt_internal, basic@08055b5b, 08055b5b, 08055b5d
_getopt_internal, basic@08056028, 08056028, 0805603a
_getopt_internal, basic@08055b63, 08055b63, 08055b8c
_getopt_internal, basic@08055b92, 08055b92, 08055b98
_getopt_internal, basic@08055d58, 08055d58, 08055d60
_getopt_internal, basic@08055d62, 08055d62, 08055d79
_getopt_internal, basic@08055d80, 08055d80, 08055d8c
_getopt_internal, basic@08055d8c, 08055d8c, 08055d8c
_getopt_internal, basic@08055eb6, 08055eb6, 08055eb8
_getopt_internal, basic@08055eba, 08055eba, 08055ebe
_getopt_internal, basic@08055ea8, 08055ea8, 08055eb0
_getopt_internal, basic@08055d98, 08055d98, 08055d9c
_getopt_internal, basic@08055ebe, 08055ebe, 08055ebe
_getopt_internal, basic@08055da2, 08055da2, 08055dca
_getopt_internal, basic@08055de4, 08055de4, 08055df7
_getopt_internal, basic@08055df9, 08055df9, 08055e0b
_getopt_internal, basic@08055e11, 08055e11, 08055e17
_getopt_internal, basic@08055e19, 08055e19, 08055e2b
_getopt_internal, basic@08055dd0, 08055dd0, 08055dd0
_getopt_internal, basic@08055dd8, 08055dd8, 08055de2
_getopt_internal, basic@08055e30, 08055e30, 08055e3a
_getopt_internal, basic@08055e40, 08055e40, 08055e49
_getopt_internal, basic@08055e4b, 08055e4b, 08055e74
_getopt_internal, basic@08055e77, 08055e77, 08055ea4
_getopt_internal, basic@08056040, 08056040, 08056046
_getopt_internal, basic@08056054, 08056054, 08056063
_getopt_internal, basic@08056104, 08056104, 08056108
_getopt_internal, basic@080561fc, 080561fc, 08056200
_getopt_internal, basic@08056240, 08056240, 08056249
_getopt_internal, basic@0805633f, 0805633f, 08056369
_getopt_internal, basic@08055ccb, 08055ccb, 08056272
_getopt_internal, basic@08056202, 08056202, 0805621f
_getopt_internal, basic@08056069, 08056069, 0805606e
_getopt_internal, basic@08056074, 08056074, 0805607d
_getopt_internal, basic@0805607f, 0805607f, 0805608e
_getopt_internal, basic@08056277, 08056277, 08056298
_getopt_internal, basic@08056094, 08056094, 080560b9
_getopt_internal, basic@08055ccb, 08055ccb, 080560d4
_getopt_internal, basic@080561ee, 080561ee, 080561f7
_getopt_internal, basic@0805610e, 0805610e, 08056127
_getopt_internal, basic@08056129, 08056129, 0805612d
_getopt_internal, basic@0805612f, 0805612f, 08056134
_getopt_internal, basic@08055ccb, 08055ccb, 08056141
_getopt_internal, basic@08055ccb, 08055ccb, 0805623b
_getopt_internal, basic@08056146, 08056146, 0805614c
_getopt_internal, basic@0805629d, 0805629d, 080562a2
_getopt_internal, basic@080562a4, 080562a4, 080562bb
_getopt_internal, basic@0805636e, 0805636e, 08056375
_getopt_internal, basic@0805630a, 0805630a, 08056311
_getopt_internal, basic@08056152, 08056152, 0805615a
_getopt_internal, basic@0805615c, 0805615c, 08056161
_getopt_internal, basic@08056167, 08056167, 08056192
_getopt_internal, basic@08056317, 08056317, 0805633a
_getopt_internal, basic@08055ccb, 08055ccb, 080561b0
_getopt_internal, basic@08055b9e, 08055b9e, 08055ba2
_getopt_internal, basic@08055bad, 08055bad, 08055bc0
_getopt_internal, basic@08055bc2, 08055bc2, 08055bc2
_getopt_internal, basic@08055bc9, 08055bc9, 08055bce
_getopt_internal, basic@08055bd4, 08055bd4, 08055bd6
_getopt_internal, basic@08055fb0, 08055fb0, 08055fb8
_getopt_internal, basic@08055fba, 08055fba, 08055fd1
_getopt_internal, basic@08055fd4, 08055fd4, 08055fe8
_getopt_internal, basic@08055bdc, 08055bdc, 08055be0
_getopt_internal, basic@08055ccb, 08055ccb, 08055cd4
_getopt_internal, basic@08055be6, 08055be6, 08055bea
_getopt_internal, basic@08056224, 08056224, 08056227
_getopt_internal, basic@08055c1d, 08055c1d, 08056233
_getopt_internal, basic@08055bf0, 08055bf0, 08055bf3
_getopt_internal, basic@08055bf9, 08055bf9, 08055c02
_getopt_internal, basic@080562cb, 080562cb, 080562d3
_getopt_internal, basic@080562d5, 080562d5, 080562ec
_getopt_internal, basic@08055c1d, 08055c1d, 08056305
_getopt_internal, basic@08055c08, 08055c08, 08055cd4
_getopt_internal, basic@08055c1d, 08055c1d, 080561e9
gnu_getopt, basic@08056380, 08056380, 0805639d
getopt_long, basic@080563a0, 080563a0, 080563c1
getopt_long_only, basic@080563d0, 080563d0, 080563f1
xmalloc, basic@08056400, 08056400, 08056411
xmalloc, basic@08056417, 08056417, 0805642b
xmalloc, basic@08056413, 08056413, 08056416
xrealloc, basic@08056430, 08056430, 08056445
xrealloc, basic@0805644b, 0805644b, 0805645f
xrealloc, basic@08056447, 08056447, 0805644a
xcalloc, basic@08056470, 08056470, 08056485
xcalloc, basic@0805648b, 0805648b, 0805649f
xcalloc, basic@08056487, 08056487, 0805648a
xstrdup, basic@080564b0, 080564b0, 080564dc
__libc_csu_init, basic@080564e0, 080564e0, 08056512
__libc_csu_init, basic@08056518, 08056518, 08056537
__libc_csu_init, basic@08056539, 08056539, 08056540
__libc_csu_fini, basic@08056550, 08056550, 08056550
_fini, basic@08056554, 08056554, 08056567
