_init, basic@00010a2c, 00010a2c, 00010a34
main, basic@00010c30, 00010c30, 00010c74
main, basic@00010c78, 00010c78, 00010ca0
main, basic@0001103c, 0001103c, 00011050
main, basic@00011134, 00011134, 00011148
main, basic@00011164, 00011164, 0001116c
main, basic@0001114c, 0001114c, 00011160
main, basic@00011170, 00011170, 00011180
main, basic@00011184, 00011184, 00011198
main, basic@00011058, 00011058, 0001105c
main, basic@00011124, 00011124, 00011130
main, basic@00011060, 00011060, 000110ac
main, basic@000110b0, 000110b0, 000110b0
main, basic@000110b4, 000110b4, 000110e8
main, basic@00011118, 00011118, 00011120
main, basic@000110ec, 000110ec, 00011104
main, basic@00011108, 00011108, 00011108
main, basic@0001110c, 0001110c, 00011114
main, basic@00010ca4, 00010ca4, 00010cac
main, basic@00010e9c, 00010e9c, 00010ebc
main, basic@0001119c, 0001119c, 000111a8
main, basic@00010ec0, 00010ec0, 00010ecc
main, basic@00010ed0, 00010ed0, 00010edc
main, basic@00010ee0, 00010ee0, 00010ef0
main, basic@00010ef4, 00010ef4, 00010f04
main, basic@00010f08, 00010f08, 00010f20
main, basic@00010f24, 00010f24, 00010f30
main, basic@00010f34, 00010f34, 00010f44
main, basic@00010f48, 00010f48, 00010f58
main, basic@00011030, 00011030, 00011038
main, basic@00010f5c, 00010f5c, 00010f7c
main, basic@00010f80, 00010f80, 00010fa0
main, basic@00010fa4, 00010fa4, 00010fb0
main, basic@00010fb4, 00010fb4, 00010fc8
main, basic@00010fcc, 00010fcc, 00010fdc
main, basic@00010fe0, 00010fe0, 00010ff0
main, basic@00010ff4, 00010ff4, 00011004
main, basic@00011008, 00011008, 00011018
main, basic@0001101c, 0001101c, 0001102c
_start, basic@000111b0, 000111b0, 000111dc
call_weak_fn, basic@00010b48, 00010b48, 00011204
deregister_tm_clones, basic@00011210, 00011210, 00011220
register_tm_clones, basic@00011240, 00011240, 0001125c
__do_global_dtors_aux, basic@0001127c, 0001127c, 0001128c
__do_global_dtors_aux, basic@00011290, 00011290, 0001129c
__do_global_dtors_aux, basic@0001128c, 0001128c, 0001128c
frame_dummy, basic@000112a4, 000112a4, 000112cc
give_usage, basic@000112d8, 000112d8, 000112fc
update_system_time, basic@00011300, 00011300, 00011334
update_system_time, basic@00011334, 00011334, 00011334
update_system_time, basic@00011338, 00011338, 00011358
update_system_time, basic@0001135c, 0001135c, 00011368
update_system_time, basic@0001136c, 0001136c, 00011370
update_system_time, basic@00011374, 00011374, 00011374
do_statistics, basic@00011378, 00011378, 000113b0
do_statistics, basic@00011528, 00011528, 00011534
do_statistics, basic@000113b4, 000113b4, 000113c4
do_statistics, basic@000113c8, 000113c8, 000113dc
do_statistics, basic@000113e0, 000113e0, 000113f0
do_statistics, basic@000113f4, 000113f4, 0001140c
do_statistics, basic@00011410, 00011410, 00011414
do_statistics, basic@00011418, 00011418, 00011420
do_statistics, basic@00011424, 00011424, 00011458
do_statistics, basic@00011458, 00011458, 00011458
do_statistics, basic@0001145c, 0001145c, 00011468
do_statistics, basic@0001146c, 0001146c, 00011480
do_statistics, basic@00011484, 00011484, 0001149c
do_statistics, basic@000114f0, 000114f0, 000114f8
do_statistics, basic@000114fc, 000114fc, 00011504
do_statistics, basic@00011508, 00011508, 00011524
do_statistics, basic@000114a0, 000114a0, 000114c0
do_statistics, basic@000114c0, 000114c0, 000114c0
do_statistics, basic@000114c4, 000114c4, 000114d0
do_statistics, basic@000114d4, 000114d4, 000114e0
do_statistics, basic@000114e4, 000114e4, 000114ec
do_statistics, basic@0001153c, 0001153c, 0001153c
update_user_time, basic@00011550, 00011550, 00011574
update_user_time, basic@00011640, 00011640, 00011680
update_user_time, basic@00011578, 00011578, 00011588
update_user_time, basic@0001158c, 0001158c, 00011594
update_user_time, basic@00011598, 00011598, 000115a8
update_user_time, basic@000115ac, 000115ac, 000115f0
update_user_time, basic@000115f4, 000115f4, 00011610
update_user_time, basic@00011684, 00011684, 000116ac
update_user_time, basic@00011614, 00011614, 00011634
update_user_time, basic@000116b0, 000116b0, 000116b0
update_user_time, basic@00011638, 00011638, 0001163c
log_everyone_out, basic@000116c0, 000116c0, 00011700
log_everyone_out, basic@00011700, 00011700, 00011700
log_everyone_out, basic@0001176c, 0001176c, 00011778
log_everyone_out, basic@0001177c, 0001177c, 00011780
log_everyone_out, basic@00011784, 00011784, 00011784
log_everyone_out, basic@00011724, 00011724, 00011734
log_everyone_out, basic@00011708, 00011708, 0001170c
log_everyone_out, basic@0001170c, 0001170c, 0001170c
log_everyone_out, basic@00011738, 00011738, 0001174c
log_everyone_out, basic@00011754, 00011754, 00011768
log_everyone_out, basic@0001174c, 0001174c, 0001174c
log_everyone_out, basic@00011714, 00011714, 00011720
log_in, basic@00011788, 00011788, 000117ac
log_in, basic@000117dc, 000117dc, 000117fc
log_in, basic@000118cc, 000118cc, 00011900
log_in, basic@00011800, 00011800, 00011818
log_in, basic@00011890, 00011890, 000118c8
log_in, basic@0001181c, 0001181c, 00011824
log_in, basic@00011870, 00011870, 0001188c
log_in, basic@00011828, 00011828, 00011840
log_in, basic@000117b0, 000117b0, 000117c0
log_in, basic@00011844, 00011844, 0001186c
log_in, basic@000117c4, 000117c4, 000117d0
log_in, basic@00011904, 00011904, 00011904
log_in, basic@000117d4, 000117d4, 000117d8
log_out, basic@00011908, 00011908, 0001191c
log_out, basic@0001193c, 0001193c, 0001195c
log_out, basic@000119bc, 000119bc, 000119cc
log_out, basic@000119d0, 000119d0, 000119fc
log_out, basic@00011960, 00011960, 00011988
log_out, basic@00011920, 00011920, 00011930
log_out, basic@0001198c, 0001198c, 000119b8
log_out, basic@00011934, 00011934, 00011938
midnight_after_me, basic@00011a00, 00011a00, 00011a2c
midnight_after_me, basic@00011a30, 00011a30, 00011a54
midnight_after_me, basic@00011a58, 00011a58, 00011aa0
midnight_after_me, basic@00011aac, 00011aac, 00011aac
midnight_after_me, basic@00011aa4, 00011aa4, 00011aa8
do_totals, basic@00011ab0, 00011ab0, 00011ae4
do_totals, basic@00011ae4, 00011ae4, 00011ae4
do_totals, basic@00011be8, 00011be8, 00011bf8
do_totals, basic@00011c44, 00011c44, 00011c44
do_totals, basic@00011bfc, 00011bfc, 00011c00
do_totals, basic@00011b24, 00011b24, 00011b3c
do_totals, basic@00011b40, 00011b40, 00011b60
do_totals, basic@00011c04, 00011c04, 00011c40
do_totals, basic@00011b64, 00011b64, 00011bb0
do_totals, basic@00011bb4, 00011bb4, 00011bc4
do_totals, basic@00011bc8, 00011bc8, 00011bd0
do_totals, basic@00011bd4, 00011bd4, 00011be4
do_totals, basic@00011b10, 00011b10, 00011b20
parse_entries, basic@00011c48, 00011c48, 00011c78
parse_entries, basic@00011c7c, 00011c7c, 00011c84
parse_entries, basic@00011c84, 00011c84, 00011c84
parse_entries, basic@00011cf8, 00011cf8, 00011d04
parse_entries, basic@00011d08, 00011d08, 00011d0c
parse_entries, basic@00012134, 00012134, 00012134
parse_entries, basic@00011c88, 00011c88, 00011c90
parse_entries, basic@00011fbc, 00011fbc, 00011fe0
parse_entries, basic@00011c94, 00011c94, 00011ca0
parse_entries, basic@00011ca4, 00011ca4, 00011cac
parse_entries, basic@00011ffc, 00011ffc, 00012020
parse_entries, basic@00011cb0, 00011cb0, 00011cbc
parse_entries, basic@00011cc0, 00011cc0, 00011cc8
parse_entries, basic@00011ccc, 00011ccc, 00011cf4
parse_entries, basic@00011d10, 00011d10, 00011d14
parse_entries, basic@00011fe4, 00011fe4, 00011ff8
parse_entries, basic@00011d18, 00011d18, 00011d20
parse_entries, basic@00011d20, 00011d20, 00011d24
parse_entries, basic@00011d2c, 00011d2c, 00011d48
parse_entries, basic@00011d4c, 00011d4c, 00011d58
parse_entries, basic@00011db8, 00011db8, 00011dc0
parse_entries, basic@00012024, 00012024, 0001207c
parse_entries, basic@00011dc4, 00011dc4, 00011e0c
parse_entries, basic@00011d60, 00011d60, 00011d88
parse_entries, basic@00011d8c, 00011d8c, 00011ee8
parse_entries, basic@000120d8, 000120d8, 000120e0
parse_entries, basic@000120e4, 000120e4, 00012104
parse_entries, basic@00011f14, 00011f14, 00011f1c
parse_entries, basic@00011f20, 00011f20, 00011f28
parse_entries, basic@00011eec, 00011eec, 00011ef8
parse_entries, basic@00011efc, 00011efc, 00011efc
parse_entries, basic@00012080, 00012080, 0001208c
parse_entries, basic@00011f2c, 00011f2c, 00011f40
parse_entries, basic@00011e10, 00011e10, 00011e18
parse_entries, basic@00011e1c, 00011e1c, 00011e40
parse_entries, basic@00012098, 00012098, 000120a0
parse_entries, basic@000120a4, 000120a4, 000120cc
parse_entries, basic@00011f4c, 00011f4c, 00011f60
parse_entries, basic@00012108, 00012108, 00012128
parse_entries, basic@00011f90, 00011f90, 00011fa4
parse_entries, basic@00011fa8, 00011fa8, 00011fb4
parse_entries, basic@00011f64, 00011f64, 00011f84
parse_entries, basic@00011f08, 00011f08, 00011f08
parse_entries, basic@00011e54, 00011e54, 00011e6c
parse_entries, basic@00011e6c, 00011e6c, 00011e6c
parse_entries, basic@00011e74, 00011e74, 00011ed4
parse_entries, basic@00011ed8, 00011ed8, 00011edc
fatal, basic@0001213c, 0001213c, 00012174
file_open, basic@00012178, 00012178, 00012198
file_open, basic@00012260, 00012260, 00012280
file_open, basic@0001219c, 0001219c, 000121a4
file_open, basic@000121f0, 000121f0, 000121f8
file_open, basic@000121a8, 000121a8, 000121bc
file_open, basic@000121c0, 000121c0, 000121c0
file_open, basic@000121c4, 000121c4, 000121d0
file_open, basic@00012218, 00012218, 00012258
file_open, basic@000121fc, 000121fc, 00012200
file_open, basic@00012200, 00012200, 00012208
file_open, basic@00012204, 00012204, 0001220c
file_open, basic@00012210, 00012210, 00012214
file_open, basic@000121d8, 000121d8, 000121e4
file_open, basic@0001225c, 0001225c, 0001225c
file_open, basic@000121e8, 000121e8, 000121ec
print_wtmp_file_location, basic@0001226c, 0001226c, 00012280
print_acct_file_location, basic@00012284, 00012284, 00012298
print_acct_file_locations, basic@0001229c, 0001229c, 000122f4
file_reader_init, basic@000122f8, 000122f8, 0001233c
file_reader_add_file, basic@00012340, 00012340, 00012368
file_reader_add_file, basic@00012394, 00012394, 00012398
file_reader_add_file, basic@0001236c, 0001236c, 00012374
file_reader_add_file, basic@00012374, 00012374, 00012374
file_reader_add_file, basic@00012380, 00012380, 00012388
file_reader_add_file, basic@0001238c, 0001238c, 00012390
file_reader_get_entry, basic@000123a4, 000123a4, 000123b8
file_reader_get_entry, basic@000123bc, 000123bc, 000123c8
file_reader_get_entry, basic@000123cc, 000123cc, 000123d4
file_reader_get_entry, basic@000123d8, 000123d8, 000123ec
file_reader_get_entry, basic@00012560, 00012560, 0001256c
file_reader_get_entry, basic@000123f0, 000123f0, 000123f4
file_reader_get_entry, basic@000125a4, 000125a4, 000125bc
file_reader_get_entry, basic@000123f8, 000123f8, 000123fc
file_reader_get_entry, basic@00012400, 00012400, 0001240c
file_reader_get_entry, basic@00012410, 00012410, 00012418
file_reader_get_entry, basic@00012558, 00012558, 0001255c
file_reader_get_entry, basic@0001241c, 0001241c, 00012434
file_reader_get_entry, basic@00012438, 00012438, 00012440
file_reader_get_entry, basic@00012570, 00012570, 00012584
file_reader_get_entry, basic@00012444, 00012444, 00012458
file_reader_get_entry, basic@0001245c, 0001245c, 00012470
file_reader_get_entry, basic@00012474, 00012474, 000124a8
file_reader_get_entry, basic@000124a8, 000124a8, 000124a8
file_reader_get_entry, basic@000124ac, 000124ac, 000124b8
file_reader_get_entry, basic@000124b8, 000124b8, 000124b8
file_reader_get_entry, basic@000124bc, 000124bc, 000124cc
file_reader_get_entry, basic@000125c4, 000125c4, 000125f0
file_reader_get_entry, basic@000124d0, 000124d0, 000124e8
file_reader_get_entry, basic@00012618, 00012618, 00012624
file_reader_get_entry, basic@000124ec, 000124ec, 000124f4
file_reader_get_entry, basic@000125f4, 000125f4, 00012614
file_reader_get_entry, basic@000124f8, 000124f8, 0001251c
file_reader_get_entry, basic@00012520, 00012520, 00012528
file_reader_get_entry, basic@000125bc, 000125bc, 000125bc
file_reader_get_entry, basic@00012588, 00012588, 000125a0
file_reader_get_entry, basic@0001252c, 0001252c, 00012548
file_reader_get_entry, basic@0001254c, 0001254c, 0001255c
file_reader_print_file_and_line, basic@00012628, 00012628, 0001264c
file_reader_print_file_and_line, basic@0001264c, 0001264c, 0001264c
file_reader_print_file_and_line, basic@00012650, 00012650, 00012660
get_key_len, basic@00012668, 00012668, 00012670
get_key_len, basic@000126a0, 000126a0, 000126a4
get_key_len, basic@000126cc, 000126cc, 000126d0
get_key_len, basic@000126a8, 000126a8, 000126ac
get_key_len, basic@000126b0, 000126b0, 000126b8
get_key_len, basic@000126bc, 000126bc, 000126c0
get_key_len, basic@000126c4, 000126c4, 000126c8
get_key_len, basic@00012674, 00012674, 0001267c
get_key_len, basic@000126d4, 000126d4, 000126e0
get_key_len, basic@00012680, 00012680, 00012688
get_key_len, basic@0001268c, 0001268c, 0001269c
get_key_len, basic@00012688, 00012688, 00012688
hashtab_next, basic@000126e4, 000126e4, 000126f4
hashtab_next, basic@000126f8, 000126f8, 00012708
hashtab_next, basic@00012708, 00012708, 00012708
hashtab_next, basic@0001271c, 0001271c, 00012724
hashtab_next, basic@00012728, 00012728, 00012730
hashtab_next, basic@00012710, 00012710, 00012718
hashtab_next, basic@00012734, 00012734, 00012740
hashtab_next, basic@00012740, 00012740, 00012740
hashtab_next, basic@00012744, 00012744, 0001274c
hashtab_init, basic@00012750, 00012750, 00012778
hashtab_create, basic@0001277c, 0001277c, 00012794
hashtab_create, basic@000129ac, 000129ac, 000129e0
hashtab_create, basic@00012798, 00012798, 000127b0
hashtab_create, basic@000127b4, 000127b4, 000127c0
hashtab_create, basic@000127c4, 000127c4, 000127d0
hashtab_create, basic@000127d4, 000127d4, 000127dc
hashtab_create, basic@000127e0, 000127e0, 000127ec
hashtab_create, basic@000127ec, 000127ec, 000127ec
hashtab_create, basic@00012800, 00012800, 00012808
hashtab_create, basic@0001280c, 0001280c, 00012820
hashtab_create, basic@00012824, 00012824, 0001282c
hashtab_create, basic@000127f4, 000127f4, 000127fc
hashtab_create, basic@00012830, 00012830, 0001288c
hashtab_create, basic@0001288c, 0001288c, 0001288c
hashtab_create, basic@00012890, 00012890, 000128a4
hashtab_create, basic@000128b0, 000128b0, 000128f8
hashtab_create, basic@000128f8, 000128f8, 00012904
hashtab_create, basic@0001290c, 0001290c, 00012914
hashtab_create, basic@00012914, 00012914, 00012914
hashtab_create, basic@00012918, 00012918, 00012928
hashtab_create, basic@0001292c, 0001292c, 00012930
hashtab_create, basic@00012934, 00012934, 00012940
hashtab_create, basic@00012944, 00012944, 0001294c
hashtab_create, basic@00012950, 00012950, 00012970
hashtab_create, basic@00012970, 00012970, 00012970
hashtab_create, basic@00012974, 00012974, 0001297c
hashtab_create, basic@00012980, 00012980, 00012984
hashtab_create, basic@00012988, 00012988, 00012994
hashtab_create, basic@000128a8, 000128a8, 000128ac
hashtab_find, basic@000129f0, 000129f0, 000129fc
hashtab_find, basic@00012a00, 00012a00, 00012a24
hashtab_find, basic@00012a28, 00012a28, 00012a34
hashtab_find, basic@00012a38, 00012a38, 00012a44
hashtab_find, basic@00012a48, 00012a48, 00012a50
hashtab_find, basic@00012a54, 00012a54, 00012a60
hashtab_find, basic@00012a60, 00012a60, 00012a60
hashtab_find, basic@00012a74, 00012a74, 00012a7c
hashtab_find, basic@00012a80, 00012a80, 00012a94
hashtab_find, basic@00012a98, 00012a98, 00012a9c
hashtab_find, basic@00012a68, 00012a68, 00012a70
hashtab_find, basic@00012aa0, 00012aa0, 00012aa4
hashtab_get_key, basic@00012ab0, 00012ab0, 00012ab4
hashtab_get_value, basic@00012ab8, 00012ab8, 00012abc
hashtab_set_value, basic@00012ac0, 00012ac0, 00012ae8
hashtab_first, basic@00012aec, 00012aec, 00012b00
hashtab_next, basic@00012b04, 00012b04, 00012b0c
hashtab_next, basic@00012b3c, 00012b3c, 00012b3c
hashtab_next, basic@00012b10, 00012b10, 00012b1c
hashtab_next, basic@00012b28, 00012b28, 00012b38
hashtab_next, basic@00012b20, 00012b20, 00012b24
hashtab_dump_keys, basic@00012b40, 00012b40, 00012b74
hashtab_dump_keys, basic@00012b74, 00012b74, 00012b74
hashtab_dump_keys, basic@00012b80, 00012b80, 00012bac
hashtab_dump_keys, basic@00012bb0, 00012bb0, 00012bbc
hashtab_dump_keys, basic@00012bc8, 00012bc8, 00012bc8
hashtab_dump_keys, basic@00012bc0, 00012bc0, 00012bc4
hashtab_delete, basic@00012bcc, 00012bcc, 00012bec
hashtab_delete, basic@00012bec, 00012bec, 00012c00
hashtab_delete, basic@00012bf0, 00012bf0, 00012bfc
hashtab_delete, basic@00012c04, 00012c04, 00012c0c
hashtab_delete, basic@00012c0c, 00012c0c, 00012c0c
hashtab_delete, basic@00012c10, 00012c10, 00012c14
hashtab_delete, basic@00012c14, 00012c14, 00012c14
hashtab_delete, basic@00012c18, 00012c18, 00012c1c
hashtab_delete, basic@00012c20, 00012c20, 00012c20
hashtab_delete, basic@00012c24, 00012c24, 00012c34
utmp_init, basic@00012c38, 00012c38, 00012c58
add_utmp_file, basic@00012c5c, 00012c5c, 00012c6c
utmp_get_entry, basic@00012c70, 00012c70, 00012c7c
print_utmp_record, basic@00012c80, 00012c80, 00012c9c
print_utmp_record, basic@00012ca0, 00012ca0, 00012cf4
print_utmp_record, basic@00012cf8, 00012cf8, 00012d00
print_utmp_record, basic@00012dac, 00012dac, 00012dd4
print_utmp_record, basic@00012d04, 00012d04, 00012d20
print_utmp_record, basic@00012d20, 00012d20, 00012d20
print_utmp_record, basic@00012d28, 00012d28, 00012d30
print_utmp_record, basic@00012d34, 00012d34, 00012d90
print_utmp_record, basic@00012d94, 00012d94, 00012da0
print_utmp_record, basic@00012dd8, 00012dd8, 00012dd8
print_utmp_record, basic@00012da4, 00012da4, 00012da8
utmp_print_file_and_line, basic@00012ddc, 00012ddc, 00012de8
fix_ut_type_field, basic@00012dec, 00012dec, 00012dfc
fix_ut_type_field, basic@00012dfc, 00012dfc, 00012e00
fix_ut_type_field, basic@00012e08, 00012e08, 00012e0c
fix_ut_type_field, basic@00012e0c, 00012e0c, 00012e10
fix_ut_type_field, basic@00012e18, 00012e18, 00012e1c
fix_ut_type_field, basic@00012e9c, 00012e9c, 00012eb8
fix_ut_type_field, basic@00012f70, 00012f70, 00012f84
fix_ut_type_field, basic@00012f88, 00012f88, 00012f90
fix_ut_type_field, basic@00012ebc, 00012ebc, 00012ec4
fix_ut_type_field, basic@00012ec8, 00012ec8, 00012ecc
fix_ut_type_field, basic@00012ed0, 00012ed0, 00012edc
fix_ut_type_field, basic@00012fb4, 00012fb4, 00012fc8
fix_ut_type_field, basic@00012f94, 00012f94, 00012fb0
fix_ut_type_field, basic@00012e20, 00012e20, 00012e2c
fix_ut_type_field, basic@00012e30, 00012e30, 00012e44
fix_ut_type_field, basic@00012e48, 00012e48, 00012e48
fix_ut_type_field, basic@00012e4c, 00012e4c, 00012e50
fix_ut_type_field, basic@00012e54, 00012e54, 00012e5c
fix_ut_type_field, basic@00012f38, 00012f38, 00012f40
fix_ut_type_field, basic@00012f44, 00012f44, 00012f4c
fix_ut_type_field, basic@00012ee0, 00012ee0, 00012ee4
fix_ut_type_field, basic@00012ee8, 00012ee8, 00012ef4
fix_ut_type_field, basic@00012ef4, 00012ef4, 00012ef4
fix_ut_type_field, basic@00012ef8, 00012ef8, 00012ef8
fix_ut_type_field, basic@00012ef8, 00012ef8, 00012ef8
fix_ut_type_field, basic@00012f24, 00012f24, 00012f2c
fix_ut_type_field, basic@00012f30, 00012f30, 00012f34
fix_ut_type_field, basic@00012e60, 00012e60, 00012e74
fix_ut_type_field, basic@00012e74, 00012e74, 00012f20
fix_ut_type_field, basic@00012e80, 00012e80, 00012e90
fix_ut_type_field, basic@00012e90, 00012e90, 00012e90
fix_ut_type_field, basic@00012e94, 00012e94, 00012e94
fix_ut_type_field, basic@00012e94, 00012e94, 00012e94
fix_ut_type_field, basic@00012efc, 00012efc, 00012f00
fix_ut_type_field, basic@00012f1c, 00012f1c, 00012f20
fix_ut_type_field, basic@00012f04, 00012f04, 00012f0c
fix_ut_type_field, basic@00012f5c, 00012f5c, 00012f6c
fix_ut_type_field, basic@00012f10, 00012f10, 00012f20
bad_utmp_record, basic@00012fd4, 00012fd4, 00012fd8
exchange, basic@00012fdc, 00012fdc, 00012ff4
exchange, basic@00012ff8, 00012ff8, 00012ffc
exchange, basic@00012ffc, 00012ffc, 00012ffc
exchange, basic@00013000, 00013000, 00013000
exchange, basic@00013004, 00013004, 00013010
exchange, basic@00013068, 00013068, 0001306c
exchange, basic@00013070, 00013070, 00013084
exchange, basic@00013088, 00013088, 0001309c
exchange, basic@000130a0, 000130a0, 000130a4
exchange, basic@00013014, 00013014, 00013018
exchange, basic@0001301c, 0001301c, 00013028
exchange, basic@0001302c, 0001302c, 00013040
exchange, basic@00013044, 00013044, 0001304c
exchange, basic@0001304c, 0001304c, 0001304c
exchange, basic@00013050, 00013050, 00013050
exchange, basic@00013054, 00013054, 00013064
_getopt_internal_r, basic@000130a8, 000130a8, 000130d8
_getopt_internal_r, basic@00013360, 00013360, 0001336c
_getopt_internal_r, basic@000130dc, 000130dc, 000130ec
_getopt_internal_r, basic@00013238, 00013238, 0001323c
_getopt_internal_r, basic@000130f0, 000130f0, 000130f8
_getopt_internal_r, basic@00013240, 00013240, 00013254
_getopt_internal_r, basic@00013254, 00013254, 00013254
_getopt_internal_r, basic@00013258, 00013258, 0001325c
_getopt_internal_r, basic@00013398, 00013398, 000133a8
_getopt_internal_r, basic@000133a8, 000133a8, 000133a8
_getopt_internal_r, basic@00013260, 00013260, 00013270
_getopt_internal_r, basic@00013630, 00013630, 00013644
_getopt_internal_r, basic@00013274, 00013274, 00013278
_getopt_internal_r, basic@00013654, 00013654, 00013668
_getopt_internal_r, basic@0001327c, 0001327c, 00013288
_getopt_internal_r, basic@0001328c, 0001328c, 0001329c
_getopt_internal_r, basic@000130fc, 000130fc, 0001310c
_getopt_internal_r, basic@0001310c, 0001310c, 0001311c
_getopt_internal_r, basic@00013120, 00013120, 0001312c
_getopt_internal_r, basic@0001312c, 0001312c, 0001312c
_getopt_internal_r, basic@00013130, 00013130, 00013138
_getopt_internal_r, basic@0001313c, 0001313c, 00013144
_getopt_internal_r, basic@000132c0, 000132c0, 000132d0
_getopt_internal_r, basic@000132d0, 000132d0, 000132d0
_getopt_internal_r, basic@000132d4, 000132d4, 000132dc
_getopt_internal_r, basic@000132dc, 000132dc, 000132dc
_getopt_internal_r, basic@000132e0, 000132e0, 000132e4
_getopt_internal_r, basic@000135b0, 000135b0, 000135bc
_getopt_internal_r, basic@00013894, 00013894, 00013898
_getopt_internal_r, basic@00013898, 00013898, 00013898
_getopt_internal_r, basic@000135c0, 000135c0, 000135c4
_getopt_internal_r, basic@000135c8, 000135c8, 000135d4
_getopt_internal_r, basic@000135d8, 000135d8, 000135dc
_getopt_internal_r, basic@000135e0, 000135e0, 000135e8
_getopt_internal_r, basic@000135fc, 000135fc, 00013608
_getopt_internal_r, basic@0001360c, 0001360c, 00013614
_getopt_internal_r, basic@00013618, 00013618, 00013620
_getopt_internal_r, basic@000135ec, 000135ec, 000135f8
_getopt_internal_r, basic@0001364c, 0001364c, 00013650
_getopt_internal_r, basic@000132e8, 000132e8, 000132ec
_getopt_internal_r, basic@00013624, 00013624, 0001362c
_getopt_internal_r, basic@000132f0, 000132f0, 00013300
_getopt_internal_r, basic@00013304, 00013304, 0001330c
_getopt_internal_r, basic@00013310, 00013310, 00013318
_getopt_internal_r, basic@0001331c, 0001331c, 00013330
_getopt_internal_r, basic@000138a0, 000138a0, 000138a8
_getopt_internal_r, basic@00013334, 00013334, 00013338
_getopt_internal_r, basic@0001333c, 0001333c, 00013348
_getopt_internal_r, basic@0001334c, 0001334c, 00013354
_getopt_internal_r, basic@00013358, 00013358, 0001335c
_getopt_internal_r, basic@0001335c, 0001335c, 0001335c
_getopt_internal_r, basic@000133b0, 000133b0, 000133b8
_getopt_internal_r, basic@000133bc, 000133bc, 000133d0
_getopt_internal_r, basic@000133d0, 000133d0, 000133d0
_getopt_internal_r, basic@000133d4, 000133d4, 000133e0
_getopt_internal_r, basic@00013370, 00013370, 00013378
_getopt_internal_r, basic@0001337c, 0001337c, 00013394
_getopt_internal_r, basic@00013360, 00013360, 0001336c
_getopt_internal_r, basic@00013148, 00013148, 00013150
_getopt_internal_r, basic@00013154, 00013154, 0001317c
_getopt_internal_r, basic@00013180, 00013180, 00013188
_getopt_internal_r, basic@0001318c, 0001318c, 00013194
_getopt_internal_r, basic@00013198, 00013198, 000131a8
_getopt_internal_r, basic@00013414, 00013414, 00013428
_getopt_internal_r, basic@0001342c, 0001342c, 00013438
_getopt_internal_r, basic@0001343c, 0001343c, 00013448
_getopt_internal_r, basic@0001344c, 0001344c, 0001347c
_getopt_internal_r, basic@000134b0, 000134b0, 000134c4
_getopt_internal_r, basic@000134c8, 000134c8, 000134d4
_getopt_internal_r, basic@000134d8, 000134d8, 000134dc
_getopt_internal_r, basic@000134e0, 000134e0, 000134f4
_getopt_internal_r, basic@00013480, 00013480, 00013488
_getopt_internal_r, basic@0001348c, 0001348c, 00013498
_getopt_internal_r, basic@0001358c, 0001358c, 00013598
_getopt_internal_r, basic@0001349c, 0001349c, 0001349c
_getopt_internal_r, basic@0001359c, 0001359c, 000135a8
_getopt_internal_r, basic@000135a8, 000135a8, 000135a8
_getopt_internal_r, basic@000134a0, 000134a0, 000134ac
_getopt_internal_r, basic@000134f8, 000134f8, 0001350c
_getopt_internal_r, basic@00013510, 00013510, 00013518
_getopt_internal_r, basic@0001351c, 0001351c, 00013554
_getopt_internal_r, basic@00013558, 00013558, 00013588
_getopt_internal_r, basic@0001366c, 0001366c, 00013670
_getopt_internal_r, basic@000138ac, 000138ac, 000138b4
_getopt_internal_r, basic@000139d8, 000139d8, 000139e0
_getopt_internal_r, basic@00013af8, 00013af8, 00013b00
_getopt_internal_r, basic@000139e4, 000139e4, 000139f4
_getopt_internal_r, basic@000131ac, 000131ac, 000131d0
_getopt_internal_r, basic@000131d0, 000131d0, 000131d8
_getopt_internal_r, basic@000131dc, 000131dc, 000131e8
_getopt_internal_r, basic@000132a0, 000132a0, 000132a8
_getopt_internal_r, basic@000133e4, 000133e4, 00013410
_getopt_internal_r, basic@000132ac, 000132ac, 000132bc
_getopt_internal_r, basic@000131ec, 000131ec, 000131f8
_getopt_internal_r, basic@00013788, 00013788, 0001378c
_getopt_internal_r, basic@000131fc, 000131fc, 00013200
_getopt_internal_r, basic@000132b4, 000132b4, 000132bc
_getopt_internal_r, basic@00013204, 00013204, 00013210
_getopt_internal_r, basic@00013980, 00013980, 00013984
_getopt_internal_r, basic@00013984, 00013984, 00013994
_getopt_internal_r, basic@0001398c, 0001398c, 0001398c
_getopt_internal_r, basic@00013214, 00013214, 0001321c
_getopt_internal_r, basic@00013960, 00013960, 00013964
_getopt_internal_r, basic@00013b3c, 00013b3c, 00013b44
_getopt_internal_r, basic@00013cd4, 00013cd4, 00013d00
_getopt_internal_r, basic@00013b48, 00013b48, 00013b58
_getopt_internal_r, basic@00013b58, 00013b58, 00013b58
_getopt_internal_r, basic@00013b5c, 00013b5c, 00013b5c
_getopt_internal_r, basic@00013968, 00013968, 0001397c
_getopt_internal_r, basic@00013220, 00013220, 00013228
_getopt_internal_r, basic@0001322c, 0001322c, 000132bc
_getopt_internal_r, basic@00013790, 00013790, 0001379c
_getopt_internal_r, basic@00013ad8, 00013ad8, 00013adc
_getopt_internal_r, basic@00013c00, 00013c00, 00013c08
_getopt_internal_r, basic@00013c0c, 00013c0c, 00013c34
_getopt_internal_r, basic@00013c38, 00013c38, 00013c48
_getopt_internal_r, basic@000132b4, 000132b4, 00013c4c
_getopt_internal_r, basic@000132b4, 000132b4, 00013c48
_getopt_internal_r, basic@00013ae0, 00013ae0, 00013af4
_getopt_internal_r, basic@000137a0, 000137a0, 000137ac
_getopt_internal_r, basic@000137b0, 000137b0, 000137c0
_getopt_internal_r, basic@000137c8, 000137c8, 000137d4
_getopt_internal_r, basic@000137dc, 000137dc, 000137e8
_getopt_internal_r, basic@000137ec, 000137ec, 00013820
_getopt_internal_r, basic@00013854, 00013854, 0001386c
_getopt_internal_r, basic@00013870, 00013870, 0001387c
_getopt_internal_r, basic@00013880, 00013880, 00013884
_getopt_internal_r, basic@00013824, 00013824, 0001382c
_getopt_internal_r, basic@00013830, 00013830, 0001383c
_getopt_internal_r, basic@00013a40, 00013a40, 00013a4c
_getopt_internal_r, basic@00013840, 00013840, 00013840
_getopt_internal_r, basic@00013a50, 00013a50, 00013a5c
_getopt_internal_r, basic@00013a5c, 00013a5c, 00013a5c
_getopt_internal_r, basic@00013844, 00013844, 00013850
_getopt_internal_r, basic@00013a64, 00013a64, 00013a74
_getopt_internal_r, basic@00013a78, 00013a78, 00013a80
_getopt_internal_r, basic@00013a84, 00013a84, 00013ab0
_getopt_internal_r, basic@000132b4, 000132b4, 00013ad4
_getopt_internal_r, basic@00013bec, 00013bec, 00013bf0
_getopt_internal_r, basic@000132b4, 000132b4, 00013cd0
_getopt_internal_r, basic@00013b70, 00013b70, 00013b74
_getopt_internal_r, basic@00013b78, 00013b78, 00013b80
_getopt_internal_r, basic@00013b90, 00013b90, 00013b98
_getopt_internal_r, basic@00013d04, 00013d04, 00013d34
_getopt_internal_r, basic@000132b4, 000132b4, 00013bb4
_getopt_internal_r, basic@00013b80, 00013b80, 00013b88
_getopt_internal_r, basic@00013c54, 00013c54, 00013c5c
_getopt_internal_r, basic@00013c5c, 00013c5c, 00013c5c
_getopt_internal_r, basic@00013c64, 00013c64, 00013c6c
_getopt_internal_r, basic@00013c70, 00013c70, 00013c80
_getopt_internal_r, basic@00013c84, 00013c84, 00013c9c
_getopt_internal_r, basic@00013c9c, 00013c9c, 00013c9c
_getopt_internal_r, basic@00013ca0, 00013ca0, 00013ca8
_getopt_internal_r, basic@000132b4, 000132b4, 00013cb0
_getopt_internal_r, basic@000132b4, 000132b4, 00013cb4
_getopt_internal_r, basic@00013d38, 00013d38, 00013d40
_getopt_internal_r, basic@00013d44, 00013d44, 00013d6c
_getopt_internal_r, basic@00013d70, 00013d70, 00013d90
_getopt_internal_r, basic@000139f8, 000139f8, 00013a00
_getopt_internal_r, basic@000138b8, 000138b8, 000138c0
_getopt_internal_r, basic@000138c4, 000138c4, 000138cc
_getopt_internal_r, basic@00013b04, 00013b04, 00013b38
_getopt_internal_r, basic@000138d0, 000138d0, 00013908
_getopt_internal_r, basic@000132b4, 000132b4, 00013930
_getopt_internal_r, basic@0001367c, 0001367c, 00013690
_getopt_internal_r, basic@00013694, 00013694, 0001369c
_getopt_internal_r, basic@000136a8, 000136a8, 000136b0
_getopt_internal_r, basic@000136b4, 000136b4, 000136c8
_getopt_internal_r, basic@00013a08, 00013a08, 00013a3c
_getopt_internal_r, basic@000136cc, 000136cc, 00013704
_getopt_internal_r, basic@000132b4, 000132b4, 00013724
_getopt_internal_r, basic@0001369c, 0001369c, 000136a0
_getopt_internal_r, basic@0001373c, 0001373c, 00013744
_getopt_internal_r, basic@00013934, 00013934, 00013938
_getopt_internal_r, basic@0001393c, 0001393c, 0001395c
_getopt_internal_r, basic@00013748, 00013748, 00013764
_getopt_internal_r, basic@00013764, 00013764, 00013764
_getopt_internal_r, basic@00013768, 00013768, 00013770
_getopt_internal_r, basic@000132b4, 000132b4, 00013780
_getopt_internal_r, basic@000132b4, 000132b4, 0001377c
_getopt_internal_r, basic@0001399c, 0001399c, 000139a4
_getopt_internal_r, basic@00013bb8, 00013bb8, 00013be8
_getopt_internal_r, basic@000139a8, 000139a8, 000139cc
_getopt_internal_r, basic@00013d90, 00013d90, 00013d90
_getopt_internal_r, basic@000132b4, 000132b4, 000139d4
_getopt_internal_r, basic@000132b0, 000132b0, 000132bc
rpl_getopt_internal, basic@00013dd8, 00013dd8, 00013e5c
rpl_getopt, basic@00013e78, 00013e78, 00013e9c
rpl_getopt_long, basic@00013ea0, 00013ea0, 00013ec4
_getopt_long_r, basic@00013ec8, 00013ec8, 00013eec
rpl_getopt_long_only, basic@00013ef0, 00013ef0, 00013f18
_getopt_long_only_r, basic@00013f1c, 00013f1c, 00013f4c
ranged_convert, basic@00013f50, 00013f50, 00013f70
ranged_convert, basic@00013f70, 00013f70, 00013f70
ranged_convert, basic@00013f74, 00013f74, 00013f7c
ranged_convert, basic@00013fb4, 00013fb4, 00013fc4
ranged_convert, basic@00013fc8, 00013fc8, 00013fd8
ranged_convert, basic@00013f90, 00013f90, 00013f90
ranged_convert, basic@00013fdc, 00013fdc, 00013fe4
ranged_convert, basic@00013fe4, 00013fe4, 00013fe4
ranged_convert, basic@00013fe8, 00013fe8, 00013fec
ranged_convert, basic@00013fec, 00013fec, 00013fec
ranged_convert, basic@00013ff0, 00013ff0, 00013ff4
ranged_convert, basic@00013ff4, 00013ff4, 00013ff4
ranged_convert, basic@00013ff8, 00013ff8, 0001400c
ranged_convert, basic@00013f94, 00013f94, 00013fa8
ranged_convert, basic@00013fa8, 00013fa8, 00013fac
ranged_convert, basic@00013f88, 00013f88, 00013f88
guess_time_tm, basic@00014010, 00014010, 00014020
guess_time_tm, basic@00014024, 00014024, 00014058
guess_time_tm, basic@00014058, 00014058, 00014058
guess_time_tm, basic@0001405c, 0001405c, 00014068
guess_time_tm, basic@0001406c, 0001406c, 0001406c
guess_time_tm, basic@00014070, 00014070, 00014104
guess_time_tm, basic@00014104, 00014104, 00014104
guess_time_tm, basic@00014108, 00014108, 0001410c
guess_time_tm, basic@00014128, 00014128, 0001412c
guess_time_tm, basic@00014130, 00014130, 00014134
guess_time_tm, basic@00014138, 00014138, 0001413c
guess_time_tm, basic@00014110, 00014110, 00014114
guess_time_tm, basic@00014118, 00014118, 0001411c
guess_time_tm, basic@00014120, 00014120, 00014124
mktime_internal, basic@00014140, 00014140, 000141a8
mktime_internal, basic@000141a8, 000141a8, 000141a8
mktime_internal, basic@000141ac, 000141ac, 000141c0
mktime_internal, basic@000141c0, 000141c0, 000141c0
mktime_internal, basic@000141c4, 000141c4, 000141d8
mktime_internal, basic@000141dc, 000141dc, 000141fc
mktime_internal, basic@000141fc, 000141fc, 0001420c
mktime_internal, basic@00014200, 00014200, 00014200
mktime_internal, basic@00014210, 00014210, 00014250
mktime_internal, basic@00014508, 00014508, 00014510
mktime_internal, basic@00014254, 00014254, 0001425c
mktime_internal, basic@0001425c, 0001425c, 0001425c
mktime_internal, basic@00014264, 00014264, 00014288
mktime_internal, basic@00014288, 00014288, 00014288
mktime_internal, basic@0001428c, 0001428c, 000142fc
mktime_internal, basic@000142fc, 000142fc, 000142fc
mktime_internal, basic@00014300, 00014300, 00014304
mktime_internal, basic@00014308, 00014308, 00014318
mktime_internal, basic@00014318, 00014318, 00014318
mktime_internal, basic@0001431c, 0001431c, 00014320
mktime_internal, basic@00014324, 00014324, 00014338
mktime_internal, basic@0001433c, 0001433c, 00014370
mktime_internal, basic@00014398, 00014398, 000143d4
mktime_internal, basic@0001452c, 0001452c, 00014540
mktime_internal, basic@00014540, 00014540, 00014540
mktime_internal, basic@00014544, 00014544, 0001454c
mktime_internal, basic@0001454c, 0001454c, 0001454c
mktime_internal, basic@00014554, 00014554, 00014558
mktime_internal, basic@00014560, 00014560, 00014598
mktime_internal, basic@000145e0, 000145e0, 000145ec
mktime_internal, basic@000145f0, 000145f0, 00014608
mktime_internal, basic@000145a0, 000145a0, 000145ac
mktime_internal, basic@000145b0, 000145b0, 000145c8
mktime_internal, basic@0001460c, 0001460c, 00014658
mktime_internal, basic@000145d0, 000145d0, 000145dc
mktime_internal, basic@000143d8, 000143d8, 000143dc
mktime_internal, basic@000143e0, 000143e0, 000143e8
mktime_internal, basic@000143ec, 000143ec, 000143f4
mktime_internal, basic@000143f8, 000143f8, 00014400
mktime_internal, basic@00014514, 00014514, 0001451c
mktime_internal, basic@0001451c, 0001451c, 0001451c
mktime_internal, basic@00014520, 00014520, 00014524
mktime_internal, basic@00014404, 00014404, 00014410
mktime_internal, basic@00014410, 00014410, 00014410
mktime_internal, basic@00014414, 00014414, 00014418
mktime_internal, basic@00014428, 00014428, 0001444c
mktime_internal, basic@00014450, 00014450, 00014484
mktime_internal, basic@00014488, 00014488, 00014488
mktime_internal, basic@0001448c, 0001448c, 00014490
mktime_internal, basic@00014494, 00014494, 00014494
mktime_internal, basic@00014498, 00014498, 000144b0
mktime_internal, basic@000144b4, 000144b4, 000144b4
mktime_internal, basic@000144b8, 000144b8, 000144bc
mktime_internal, basic@000144c4, 000144c4, 000144e0
mktime_internal, basic@00014374, 00014374, 00014378
mktime_internal, basic@0001437c, 0001437c, 0001438c
mktime_internal, basic@0001438c, 0001438c, 0001438c
mktime_internal, basic@00014390, 00014390, 00014394
mktime_internal, basic@000144e4, 000144e4, 000144e4
mktime_internal, basic@000144e8, 000144e8, 000144fc
mktime_internal, basic@00014500, 00014500, 00014504
mktime_internal, basic@0001465c, 0001465c, 0001465c
rpl_mktime, basic@0001466c, 0001466c, 00014684
xmalloc, basic@00014694, 00014694, 000146ac
xmalloc, basic@000146ac, 000146ac, 000146ac
xmalloc, basic@000146b0, 000146b0, 000146b4
xmalloc, basic@000146b8, 000146b8, 000146b8
xmalloc, basic@000146b4, 000146b4, 000146b4
xrealloc, basic@000146bc, 000146bc, 000146d4
xrealloc, basic@000146d4, 000146d4, 000146d4
xrealloc, basic@000146d8, 000146d8, 000146dc
xrealloc, basic@000146e0, 000146e0, 000146e0
xrealloc, basic@000146dc, 000146dc, 000146dc
x2realloc, basic@000146e4, 000146e4, 000146f0
x2realloc, basic@0001471c, 0001471c, 00014720
x2realloc, basic@00014720, 00014720, 00014720
x2realloc, basic@00014724, 00014724, 00014730
x2realloc, basic@000146f4, 000146f4, 00014700
x2realloc, basic@00014700, 00014700, 00014718
x2realloc, basic@00014734, 00014734, 00014734
xzalloc, basic@00014738, 00014738, 00014750
xcalloc, basic@00014754, 00014754, 00014760
xcalloc, basic@00014764, 00014764, 00014764
xcalloc, basic@00014760, 00014760, 00014760
xmemdup, basic@00014768, 00014768, 00014788
xstrdup, basic@0001478c, 0001478c, 000147a4
xalloc_die, basic@000147a8, 000147a8, 000147d8
__aeabi_ldivmod, basic@000147ec, 000147ec, 000147f4
__aeabi_ldivmod, basic@000147f8, 000147f8, 000147fc
__aeabi_ldivmod, basic@000147fc, 000147fc, 00014800
__aeabi_ldivmod, basic@00014808, 00014808, 0001480c
__aeabi_ldivmod, basic@0001480c, 0001480c, 00014810
__aeabi_ldivmod, basic@00014814, 00014814, 00014814
__aeabi_ldivmod, basic@00014818, 00014818, 00014830
__aeabi_idiv0, basic@00014834, 00014834, 00014840
__gnu_ldivmod_helper, basic@00014844, 00014844, 0001487c
__gnu_uldivmod_helper, basic@00014880, 00014880, 000148b8
__divdi3, basic@000148bc, 000148bc, 000148cc
__divdi3, basic@000148cc, 000148cc, 000148d4
__divdi3, basic@000148dc, 000148dc, 000148ec
__divdi3, basic@000148f0, 000148f0, 000148f4
__divdi3, basic@000148f8, 000148f8, 00014908
__divdi3, basic@0001490c, 0001490c, 0001491c
__divdi3, basic@00014b48, 00014b48, 00014b4c
__divdi3, basic@00014b50, 00014b50, 00014b58
__divdi3, basic@00014b7c, 00014b7c, 00014bb8
__divdi3, basic@00014bbc, 00014bbc, 00014bd8
__divdi3, basic@00014bd8, 00014bd8, 00014be0
__divdi3, basic@00014bdc, 00014bdc, 00014bdc
__divdi3, basic@00014be4, 00014be4, 00014c00
__divdi3, basic@00014c04, 00014c04, 00014c20
__divdi3, basic@00014c20, 00014c20, 00014c28
__divdi3, basic@00014c24, 00014c24, 00014c24
__divdi3, basic@00014c2c, 00014c2c, 00014c3c
__divdi3, basic@00014c40, 00014c40, 00014c4c
__divdi3, basic@00014c4c, 00014c4c, 00014c4c
__divdi3, basic@00014c54, 00014c54, 00014c58
__divdi3, basic@00014c5c, 00014c5c, 00014c5c
__divdi3, basic@00014b5c, 00014b5c, 00014b60
__divdi3, basic@00014b60, 00014b60, 00014b60
__divdi3, basic@00014b64, 00014b64, 00014b64
__divdi3, basic@00014b64, 00014b64, 00014b6c
__divdi3, basic@00014c6c, 00014c6c, 00014c6c
__divdi3, basic@00014920, 00014920, 00014924
__divdi3, basic@000149dc, 000149dc, 000149e0
__divdi3, basic@000149e0, 000149e0, 000149e4
__divdi3, basic@000149e8, 000149e8, 000149f0
__divdi3, basic@000149f0, 000149f0, 000149f4
__divdi3, basic@000149fc, 000149fc, 00014a34
__divdi3, basic@00014a38, 00014a38, 00014a54
__divdi3, basic@00014a54, 00014a54, 00014a5c
__divdi3, basic@00014a58, 00014a58, 00014a58
__divdi3, basic@00014a60, 00014a60, 00014a7c
__divdi3, basic@00014a80, 00014a80, 00014a9c
__divdi3, basic@00014a9c, 00014a9c, 00014aa4
__divdi3, basic@00014aa0, 00014aa0, 00014aa0
__divdi3, basic@00014aa8, 00014aa8, 00014aac
__divdi3, basic@00014ab0, 00014ab0, 00014ad0
__divdi3, basic@00014ad4, 00014ad4, 00014af0
__divdi3, basic@00014af0, 00014af0, 00014af8
__divdi3, basic@00014af4, 00014af4, 00014af4
__divdi3, basic@00014afc, 00014afc, 00014b18
__divdi3, basic@00014b1c, 00014b1c, 00014b38
__divdi3, basic@00014b38, 00014b38, 00014b38
__divdi3, basic@00014b3c, 00014b3c, 00014b3c
__divdi3, basic@00014b40, 00014b40, 00014b44
__divdi3, basic@00014928, 00014928, 00014930
__divdi3, basic@00014930, 00014930, 0001493c
__divdi3, basic@00014940, 00014940, 00014948
__divdi3, basic@00014948, 00014948, 00014948
__divdi3, basic@0001494c, 0001494c, 00014964
__divdi3, basic@00014968, 00014968, 00014984
__divdi3, basic@00014984, 00014984, 0001498c
__divdi3, basic@00014988, 00014988, 00014988
__divdi3, basic@00014990, 00014990, 000149ac
__divdi3, basic@000149b0, 000149b0, 000149cc
__divdi3, basic@000149cc, 000149cc, 000149cc
__divdi3, basic@000149d0, 000149d0, 000149d0
__divdi3, basic@000149d4, 000149d4, 000149d8
__divdi3, basic@00014c60, 00014c60, 00014c64
__divdi3, basic@00014c70, 00014c70, 00014c7c
__divdi3, basic@00014c7c, 00014c7c, 00014c7c
__divdi3, basic@00014c80, 00014c80, 00014c88
__udivdi3, basic@00014c8c, 00014c8c, 00014c94
__udivdi3, basic@00014ecc, 00014ecc, 00014ed0
__udivdi3, basic@00014ed4, 00014ed4, 00014edc
__udivdi3, basic@00014f04, 00014f04, 00014f40
__udivdi3, basic@00014f44, 00014f44, 00014f60
__udivdi3, basic@00014f60, 00014f60, 00014f68
__udivdi3, basic@00014f64, 00014f64, 00014f64
__udivdi3, basic@00014f6c, 00014f6c, 00014f88
__udivdi3, basic@00014f8c, 00014f8c, 00014fa8
__udivdi3, basic@00014fa8, 00014fa8, 00014fb0
__udivdi3, basic@00014fac, 00014fac, 00014fac
__udivdi3, basic@00014fb4, 00014fb4, 00014fc4
__udivdi3, basic@00014fc8, 00014fc8, 00014fd4
__udivdi3, basic@00014fd4, 00014fd4, 00014fd4
__udivdi3, basic@00014fdc, 00014fdc, 00014fe0
__udivdi3, basic@00014fe4, 00014fe4, 00014fe4
__udivdi3, basic@00014ee0, 00014ee0, 00014ee4
__udivdi3, basic@00014ee4, 00014ee4, 00014ee4
__udivdi3, basic@00014ee8, 00014ee8, 00014ee8
__udivdi3, basic@00014ee8, 00014ee8, 00014ef4
__udivdi3, basic@00014ff4, 00014ff4, 00014ff4
__udivdi3, basic@00014c98, 00014c98, 00014ca4
__udivdi3, basic@00014d60, 00014d60, 00014d64
__udivdi3, basic@00014d64, 00014d64, 00014d68
__udivdi3, basic@00014d6c, 00014d6c, 00014d74
__udivdi3, basic@00014d74, 00014d74, 00014d78
__udivdi3, basic@00014d80, 00014d80, 00014db8
__udivdi3, basic@00014dbc, 00014dbc, 00014dd8
__udivdi3, basic@00014dd8, 00014dd8, 00014de0
__udivdi3, basic@00014ddc, 00014ddc, 00014ddc
__udivdi3, basic@00014de4, 00014de4, 00014e00
__udivdi3, basic@00014e04, 00014e04, 00014e20
__udivdi3, basic@00014e20, 00014e20, 00014e28
__udivdi3, basic@00014e24, 00014e24, 00014e24
__udivdi3, basic@00014e2c, 00014e2c, 00014e30
__udivdi3, basic@00014e34, 00014e34, 00014e54
__udivdi3, basic@00014e58, 00014e58, 00014e74
__udivdi3, basic@00014e74, 00014e74, 00014e7c
__udivdi3, basic@00014e78, 00014e78, 00014e78
__udivdi3, basic@00014e80, 00014e80, 00014e9c
__udivdi3, basic@00014ea0, 00014ea0, 00014ebc
__udivdi3, basic@00014ebc, 00014ebc, 00014ebc
__udivdi3, basic@00014ec0, 00014ec0, 00014ec0
__udivdi3, basic@00014ec4, 00014ec4, 00014ec8
__udivdi3, basic@00014ca8, 00014ca8, 00014cb4
__udivdi3, basic@00014cb4, 00014cb4, 00014cc0
__udivdi3, basic@00014cc4, 00014cc4, 00014cc8
__udivdi3, basic@00014cc8, 00014cc8, 00014cc8
__udivdi3, basic@00014ccc, 00014ccc, 00014ce8
__udivdi3, basic@00014cec, 00014cec, 00014d08
__udivdi3, basic@00014d08, 00014d08, 00014d10
__udivdi3, basic@00014d0c, 00014d0c, 00014d0c
__udivdi3, basic@00014d14, 00014d14, 00014d30
__udivdi3, basic@00014d34, 00014d34, 00014d50
__udivdi3, basic@00014d50, 00014d50, 00014d50
__udivdi3, basic@00014d54, 00014d54, 00014d54
__udivdi3, basic@00014d58, 00014d58, 00014d5c
__udivdi3, basic@00014fe8, 00014fe8, 00014fec
__udivdi3, basic@00014ff8, 00014ff8, 00014ffc
__libc_csu_init, basic@00015000, 00015000, 00015030
__libc_csu_init, basic@00015034, 00015034, 00015050
__libc_csu_init, basic@00015054, 00015054, 00015054
__libc_csu_fini, basic@00015060, 00015060, 00015060
_fini, basic@00015064, 00015064, 00015068
