main, basic@00010c30, basic@00010c78
main, basic@00010fcc, basic@00010c78
main, basic@00010ef4, basic@00010c78
main, basic@00010f34, basic@00010c78
main, basic@00010f24, basic@00010c78
main, basic@00010f48, basic@00010c78
main, basic@00010ee0, basic@00010c78
main, basic@00010ec0, basic@00010c78
main, basic@00010ed0, basic@00010c78
main, basic@00010f08, basic@00010c78
main, basic@00010f80, basic@00010c78
main, basic@00010fa4, basic@00010c78
main, basic@00010fb4, basic@00010c78
main, basic@00010fe0, basic@00010c78
main, basic@00010ff4, basic@00010c78
main, basic@00011008, basic@00010c78
main, basic@0001101c, basic@00010c78
main, basic@00010c78, basic@0001103c
main, basic@0001103c, basic@00011134
main, basic@00011134, basic@00011164
main, basic@0001114c, basic@00011164
main, basic@00011164, basic@0001114c
main, basic@00011164, basic@00011170
main, basic@00011170, basic@00011184
main, basic@00011170, basic@00011058
main, basic@00011184, basic@00011058
main, basic@0001103c, basic@00011058
main, basic@00011058, basic@00011124
main, basic@00011058, basic@00011060
main, basic@00011124, basic@00011060
main, basic@00011060, basic@000110b0
main, basic@000110b0, basic@000110b4
main, basic@00011060, basic@000110b4
main, basic@000110b4, basic@00011118
main, basic@000110b4, basic@000110ec
main, basic@000110ec, basic@00011108
main, basic@00011108, basic@0001110c
main, basic@00011118, basic@0001110c
main, basic@000110ec, basic@0001110c
main, basic@00010c78, basic@00010ca4
main, basic@00010ca4, basic@00010e9c
main, basic@00010e9c, basic@0001119c
main, basic@00010e9c, basic@00010ec0
main, basic@0001119c, basic@00010ec0
main, basic@00010ec0, basic@00010ed0
main, basic@00010ca4, basic@00010ee0
main, basic@00010ca4, basic@00010ef4
main, basic@00010ca4, basic@00010f08
main, basic@00010ca4, basic@00010f24
main, basic@00010ca4, basic@00010f34
main, basic@00010ca4, basic@00010f48
main, basic@00010ca4, basic@00011030
main, basic@00010ca4, basic@00010f5c
main, basic@00010ca4, basic@00010f80
main, basic@00010f80, basic@00010fa4
main, basic@00010ca4, basic@00010fb4
main, basic@00010ca4, basic@00010fcc
main, basic@00010ca4, basic@00010fe0
main, basic@00010ca4, basic@00010ff4
main, basic@00010ca4, basic@00011008
main, basic@00010ca4, basic@0001101c
__do_global_dtors_aux, basic@0001127c, basic@00011290
__do_global_dtors_aux, basic@0001127c, basic@0001128c
update_system_time, basic@00011300, basic@00011334
update_system_time, basic@00011338, basic@00011334
update_system_time, basic@00011334, basic@00011338
update_system_time, basic@00011334, basic@0001135c
update_system_time, basic@0001135c, basic@0001136c
update_system_time, basic@0001135c, basic@00011374
do_statistics, basic@00011378, basic@00011528
do_statistics, basic@00011378, basic@000113b4
do_statistics, basic@000113b4, basic@000113c8
do_statistics, basic@0001146c, basic@000113c8
do_statistics, basic@000113c8, basic@000113e0
do_statistics, basic@000113c8, basic@000113f4
do_statistics, basic@000113e0, basic@000113f4
do_statistics, basic@000113f4, basic@00011410
do_statistics, basic@00011410, basic@00011418
do_statistics, basic@00011410, basic@00011424
do_statistics, basic@00011418, basic@00011424
do_statistics, basic@00011424, basic@00011458
do_statistics, basic@00011424, basic@0001145c
do_statistics, basic@00011458, basic@0001145c
do_statistics, basic@000113e0, basic@0001146c
do_statistics, basic@000113f4, basic@0001146c
do_statistics, basic@00011418, basic@0001146c
do_statistics, basic@0001145c, basic@0001146c
do_statistics, basic@0001146c, basic@00011484
do_statistics, basic@00011484, basic@000114f0
do_statistics, basic@000114f0, basic@000114fc
do_statistics, basic@00011528, basic@000114fc
do_statistics, basic@000114f0, basic@00011508
do_statistics, basic@000114fc, basic@00011508
do_statistics, basic@00011484, basic@000114a0
do_statistics, basic@00011528, basic@000114a0
do_statistics, basic@000114a0, basic@000114c0
do_statistics, basic@000114a0, basic@000114c4
do_statistics, basic@000114c0, basic@000114c4
do_statistics, basic@000114c4, basic@000114d4
do_statistics, basic@000114fc, basic@000114d4
do_statistics, basic@00011508, basic@000114d4
do_statistics, basic@000114d4, basic@000114e4
do_statistics, basic@000114d4, basic@0001153c
update_user_time, basic@00011550, basic@00011640
update_user_time, basic@00011550, basic@00011578
update_user_time, basic@00011640, basic@00011578
update_user_time, basic@00011578, basic@0001158c
update_user_time, basic@0001158c, basic@00011598
update_user_time, basic@0001158c, basic@000115ac
update_user_time, basic@00011598, basic@000115ac
update_user_time, basic@00011578, basic@000115f4
update_user_time, basic@00011598, basic@000115f4
update_user_time, basic@000115ac, basic@000115f4
update_user_time, basic@000115f4, basic@00011684
update_user_time, basic@000115f4, basic@00011614
update_user_time, basic@00011684, basic@00011614
update_user_time, basic@00011614, basic@000116b0
update_user_time, basic@00011614, basic@00011638
log_everyone_out, basic@00011714, basic@00011700
log_everyone_out, basic@000116c0, basic@00011700
log_everyone_out, basic@00011754, basic@00011700
log_everyone_out, basic@00011700, basic@0001176c
log_everyone_out, basic@0001176c, basic@0001177c
log_everyone_out, basic@0001176c, basic@00011784
log_everyone_out, basic@00011700, basic@00011724
log_everyone_out, basic@00011724, basic@00011708
log_everyone_out, basic@00011708, basic@0001170c
log_everyone_out, basic@00011724, basic@00011738
log_everyone_out, basic@00011738, basic@00011754
log_everyone_out, basic@00011708, basic@00011754
log_everyone_out, basic@00011738, basic@0001174c
log_everyone_out, basic@0001174c, basic@00011714
log_everyone_out, basic@0001170c, basic@00011714
log_in, basic@00011788, basic@000117dc
log_in, basic@000117dc, basic@000118cc
log_in, basic@000117dc, basic@00011800
log_in, basic@00011800, basic@00011890
log_in, basic@00011800, basic@0001181c
log_in, basic@00011890, basic@0001181c
log_in, basic@0001181c, basic@00011870
log_in, basic@0001181c, basic@00011828
log_in, basic@00011870, basic@00011828
log_in, basic@00011788, basic@000117b0
log_in, basic@000117b0, basic@00011844
log_in, basic@000117b0, basic@000117c4
log_in, basic@00011844, basic@000117c4
log_in, basic@00011828, basic@000117c4
log_in, basic@000118cc, basic@000117c4
log_in, basic@000117c4, basic@00011904
log_in, basic@000117c4, basic@000117d4
log_out, basic@00011908, basic@0001193c
log_out, basic@0001193c, basic@000119bc
log_out, basic@000119bc, basic@000119d0
log_out, basic@0001193c, basic@00011960
log_out, basic@00011908, basic@00011920
log_out, basic@00011920, basic@0001198c
log_out, basic@00011920, basic@00011934
log_out, basic@000119bc, basic@00011934
log_out, basic@000119d0, basic@00011934
midnight_after_me, basic@00011a00, basic@00011a30
midnight_after_me, basic@00011a30, basic@00011a30
midnight_after_me, basic@00011a30, basic@00011a58
midnight_after_me, basic@00011a58, basic@00011aac
midnight_after_me, basic@00011a58, basic@00011aa4
do_totals, basic@00011b10, basic@00011ae4
do_totals, basic@00011ab0, basic@00011ae4
do_totals, basic@00011bd4, basic@00011ae4
do_totals, basic@00011ae4, basic@00011be8
do_totals, basic@00011be8, basic@00011c44
do_totals, basic@00011be8, basic@00011bfc
do_totals, basic@00011ae4, basic@00011b24
do_totals, basic@00011b24, basic@00011b40
do_totals, basic@00011b40, basic@00011c04
do_totals, basic@00011b40, basic@00011b64
do_totals, basic@00011b64, basic@00011bb4
do_totals, basic@00011c04, basic@00011bb4
do_totals, basic@00011bb4, basic@00011bc8
do_totals, basic@00011bc8, basic@00011bd4
do_totals, basic@00011b24, basic@00011b10
do_totals, basic@00011bb4, basic@00011b10
do_totals, basic@00011bc8, basic@00011b10
parse_entries, basic@00011c48, basic@00011c7c
parse_entries, basic@00011cc0, basic@00011c7c
parse_entries, basic@00011ed8, basic@00011c7c
parse_entries, basic@00011f08, basic@00011c7c
parse_entries, basic@00011c7c, basic@00011c84
parse_entries, basic@00011ccc, basic@00011c84
parse_entries, basic@00011c84, basic@00011cf8
parse_entries, basic@00011cf8, basic@00011d08
parse_entries, basic@00011cf8, basic@00012134
parse_entries, basic@00011c84, basic@00011c88
parse_entries, basic@00011c88, basic@00011fbc
parse_entries, basic@00011c88, basic@00011c94
parse_entries, basic@00011fbc, basic@00011c94
parse_entries, basic@00011c94, basic@00011ca4
parse_entries, basic@00011ca4, basic@00011ffc
parse_entries, basic@00011c94, basic@00011cb0
parse_entries, basic@00011ca4, basic@00011cb0
parse_entries, basic@00011ffc, basic@00011cb0
parse_entries, basic@00011cb0, basic@00011cc0
parse_entries, basic@00011cc0, basic@00011ccc
parse_entries, basic@00011cb0, basic@00011d10
parse_entries, basic@00011d10, basic@00011fe4
parse_entries, basic@00011d10, basic@00011d18
parse_entries, basic@00011fe4, basic@00011d18
parse_entries, basic@00011d18, basic@00011d20
parse_entries, basic@00011d18, basic@00011d2c
parse_entries, basic@00011d2c, basic@00011d4c
parse_entries, basic@00011d2c, basic@00011db8
parse_entries, basic@00011d4c, basic@00011db8
parse_entries, basic@00011db8, basic@00012024
parse_entries, basic@00011db8, basic@00011dc4
parse_entries, basic@00012024, basic@00011dc4
parse_entries, basic@00011dc4, basic@00011d60
parse_entries, basic@00011d4c, basic@00011d60
parse_entries, basic@00011d60, basic@00011d8c
parse_entries, basic@00011d8c, basic@000120d8
parse_entries, basic@000120d8, basic@000120e4
parse_entries, basic@00011d60, basic@00011f14
parse_entries, basic@00011f14, basic@00011f20
parse_entries, basic@00011d60, basic@00011eec
parse_entries, basic@00011d8c, basic@00011eec
parse_entries, basic@00011eec, basic@00011efc
parse_entries, basic@00011eec, basic@00012080
parse_entries, basic@00011d60, basic@00011f2c
parse_entries, basic@00011d20, basic@00011e10
parse_entries, basic@00011d60, basic@00011e10
parse_entries, basic@00011dc4, basic@00011e10
parse_entries, basic@00011e10, basic@00011e1c
parse_entries, basic@00011e10, basic@00012098
parse_entries, basic@00012098, basic@000120a4
parse_entries, basic@00011d60, basic@00011f4c
parse_entries, basic@00011f4c, basic@00012108
parse_entries, basic@00011d60, basic@00011f90
parse_entries, basic@00011f90, basic@00011fa8
parse_entries, basic@00011f4c, basic@00011f64
parse_entries, basic@00011f90, basic@00011f64
parse_entries, basic@00011fa8, basic@00011f64
parse_entries, basic@00011f2c, basic@00011f08
parse_entries, basic@00011efc, basic@00011f08
parse_entries, basic@00011f20, basic@00011f08
parse_entries, basic@00012108, basic@00011f08
parse_entries, basic@00011f64, basic@00011f08
parse_entries, basic@000120a4, basic@00011f08
parse_entries, basic@00012080, basic@00011f08
parse_entries, basic@00011d60, basic@00011f08
parse_entries, basic@000120d8, basic@00011f08
parse_entries, basic@000120e4, basic@00011f08
parse_entries, basic@00011e1c, basic@00011f08
parse_entries, basic@00012098, basic@00011f08
parse_entries, basic@00011f14, basic@00011f08
parse_entries, basic@00011fa8, basic@00011f08
parse_entries, basic@00011f08, basic@00011e54
parse_entries, basic@00011e54, basic@00011e6c
parse_entries, basic@00011e74, basic@00011e6c
parse_entries, basic@00011e6c, basic@00011e74
parse_entries, basic@00011e6c, basic@00011ed8
file_open, basic@00012178, basic@00012260
file_open, basic@00012178, basic@0001219c
file_open, basic@0001219c, basic@000121f0
file_open, basic@0001219c, basic@000121a8
file_open, basic@000121f0, basic@000121a8
file_open, basic@000121a8, basic@000121c0
file_open, basic@000121c0, basic@000121c4
file_open, basic@000121a8, basic@000121c4
file_open, basic@000121c4, basic@00012218
file_open, basic@000121f0, basic@000121fc
file_open, basic@000121fc, basic@00012200
file_open, basic@000121fc, basic@00012204
file_open, basic@00012200, basic@00012210
file_open, basic@00012204, basic@00012210
file_open, basic@00012218, basic@000121d8
file_open, basic@00012210, basic@000121d8
file_open, basic@000121c4, basic@000121d8
file_open, basic@000121d8, basic@0001225c
file_open, basic@000121d8, basic@000121e8
file_reader_add_file, basic@00012340, basic@00012394
file_reader_add_file, basic@00012340, basic@0001236c
file_reader_add_file, basic@0001236c, basic@00012374
file_reader_add_file, basic@00012380, basic@00012374
file_reader_add_file, basic@00012374, basic@00012380
file_reader_add_file, basic@00012374, basic@0001238c
file_reader_get_entry, basic@000123a4, basic@000123bc
file_reader_get_entry, basic@000123bc, basic@000123cc
file_reader_get_entry, basic@000123cc, basic@000123d8
file_reader_get_entry, basic@00012444, basic@000123d8
file_reader_get_entry, basic@000123d8, basic@00012560
file_reader_get_entry, basic@000123d8, basic@000123f0
file_reader_get_entry, basic@000123f0, basic@000125a4
file_reader_get_entry, basic@000123f0, basic@000123f8
file_reader_get_entry, basic@0001245c, basic@000123f8
file_reader_get_entry, basic@00012560, basic@000123f8
file_reader_get_entry, basic@000123f8, basic@00012400
file_reader_get_entry, basic@0001241c, basic@00012400
file_reader_get_entry, basic@000123bc, basic@00012410
file_reader_get_entry, basic@00012400, basic@00012410
file_reader_get_entry, basic@00012410, basic@00012558
file_reader_get_entry, basic@00012410, basic@0001241c
file_reader_get_entry, basic@0001241c, basic@00012438
file_reader_get_entry, basic@00012438, basic@00012570
file_reader_get_entry, basic@00012438, basic@00012444
file_reader_get_entry, basic@00012570, basic@00012444
file_reader_get_entry, basic@000123cc, basic@0001245c
file_reader_get_entry, basic@00012444, basic@0001245c
file_reader_get_entry, basic@0001245c, basic@00012474
file_reader_get_entry, basic@00012474, basic@000124a8
file_reader_get_entry, basic@00012474, basic@000124ac
file_reader_get_entry, basic@000124a8, basic@000124ac
file_reader_get_entry, basic@000124ac, basic@000124b8
file_reader_get_entry, basic@000124ac, basic@000124bc
file_reader_get_entry, basic@000124b8, basic@000124bc
file_reader_get_entry, basic@000124bc, basic@000125c4
file_reader_get_entry, basic@000124bc, basic@000124d0
file_reader_get_entry, basic@000125c4, basic@000124d0
file_reader_get_entry, basic@000124d0, basic@00012618
file_reader_get_entry, basic@000124d0, basic@000124ec
file_reader_get_entry, basic@00012618, basic@000124ec
file_reader_get_entry, basic@000124ec, basic@000125f4
file_reader_get_entry, basic@000124ec, basic@000124f8
file_reader_get_entry, basic@000125f4, basic@000124f8
file_reader_get_entry, basic@000123a4, basic@00012520
file_reader_get_entry, basic@000124f8, basic@00012520
file_reader_get_entry, basic@000125a4, basic@000125bc
file_reader_get_entry, basic@00012520, basic@000125bc
file_reader_get_entry, basic@000125bc, basic@00012588
file_reader_get_entry, basic@000125bc, basic@0001252c
file_reader_get_entry, basic@0001252c, basic@0001254c
file_reader_get_entry, basic@00012588, basic@0001254c
file_reader_print_file_and_line, basic@00012628, basic@0001264c
file_reader_print_file_and_line, basic@00012628, basic@00012650
file_reader_print_file_and_line, basic@0001264c, basic@00012650
get_key_len, basic@00012668, basic@000126a0
get_key_len, basic@000126a0, basic@000126cc
get_key_len, basic@000126a0, basic@000126a8
get_key_len, basic@000126a8, basic@000126b0
get_key_len, basic@000126bc, basic@000126b0
get_key_len, basic@000126b0, basic@000126bc
get_key_len, basic@000126b0, basic@000126c4
get_key_len, basic@000126bc, basic@000126c4
get_key_len, basic@00012668, basic@00012674
get_key_len, basic@00012674, basic@000126d4
get_key_len, basic@00012674, basic@00012680
get_key_len, basic@00012680, basic@0001268c
get_key_len, basic@000126d4, basic@0001268c
get_key_len, basic@00012680, basic@00012688
hashtab_next, basic@000126e4, basic@000126f8
hashtab_next, basic@000126f8, basic@00012708
hashtab_next, basic@00012710, basic@00012708
hashtab_next, basic@00012708, basic@0001271c
hashtab_next, basic@000126e4, basic@00012728
hashtab_next, basic@0001271c, basic@00012728
hashtab_next, basic@0001271c, basic@00012710
hashtab_next, basic@00012708, basic@00012734
hashtab_next, basic@00012734, basic@00012740
hashtab_next, basic@00012734, basic@00012744
hashtab_next, basic@00012740, basic@00012744
hashtab_create, basic@0001277c, basic@000129ac
hashtab_create, basic@0001277c, basic@00012798
hashtab_create, basic@000129ac, basic@00012798
hashtab_create, basic@00012798, basic@000127b4
hashtab_create, basic@000127b4, basic@000127c4
hashtab_create, basic@000127c4, basic@000127c4
hashtab_create, basic@000127c4, basic@000127d4
hashtab_create, basic@000127d4, basic@000127e0
hashtab_create, basic@00012798, basic@000127e0
hashtab_create, basic@000127e0, basic@000127ec
hashtab_create, basic@000127f4, basic@000127ec
hashtab_create, basic@000127ec, basic@00012800
hashtab_create, basic@00012800, basic@0001280c
hashtab_create, basic@0001280c, basic@00012824
hashtab_create, basic@00012800, basic@000127f4
hashtab_create, basic@0001280c, basic@000127f4
hashtab_create, basic@000127ec, basic@00012830
hashtab_create, basic@00012830, basic@0001288c
hashtab_create, basic@00012830, basic@00012890
hashtab_create, basic@0001288c, basic@00012890
hashtab_create, basic@00012890, basic@000128b0
hashtab_create, basic@000128b0, basic@000128f8
hashtab_create, basic@000128f8, basic@0001290c
hashtab_create, basic@00012980, basic@0001290c
hashtab_create, basic@0001290c, basic@00012914
hashtab_create, basic@00012974, basic@00012914
hashtab_create, basic@00012914, basic@00012918
hashtab_create, basic@00012918, basic@0001292c
hashtab_create, basic@0001292c, basic@00012934
hashtab_create, basic@00012934, basic@00012934
hashtab_create, basic@00012934, basic@00012944
hashtab_create, basic@00012944, basic@00012950
hashtab_create, basic@00012918, basic@00012950
hashtab_create, basic@00012950, basic@00012970
hashtab_create, basic@00012950, basic@00012974
hashtab_create, basic@00012970, basic@00012974
hashtab_create, basic@00012914, basic@00012980
hashtab_create, basic@000128b0, basic@00012988
hashtab_create, basic@00012980, basic@00012988
hashtab_create, basic@00012890, basic@000128a8
hashtab_find, basic@000129f0, basic@00012a00
hashtab_find, basic@00012a00, basic@00012a28
hashtab_find, basic@00012a28, basic@00012a38
hashtab_find, basic@00012a38, basic@00012a38
hashtab_find, basic@00012a38, basic@00012a48
hashtab_find, basic@00012a48, basic@00012a54
hashtab_find, basic@00012a00, basic@00012a54
hashtab_find, basic@00012a54, basic@00012a60
hashtab_find, basic@00012a68, basic@00012a60
hashtab_find, basic@00012a60, basic@00012a74
hashtab_find, basic@00012a74, basic@00012a80
hashtab_find, basic@00012a80, basic@00012a98
hashtab_find, basic@00012a74, basic@00012a68
hashtab_find, basic@00012a80, basic@00012a68
hashtab_find, basic@000129f0, basic@00012aa0
hashtab_find, basic@00012a60, basic@00012aa0
hashtab_next, basic@00012b04, basic@00012b3c
hashtab_next, basic@00012b04, basic@00012b10
hashtab_next, basic@00012b10, basic@00012b28
hashtab_next, basic@00012b10, basic@00012b20
hashtab_dump_keys, basic@00012b40, basic@00012b74
hashtab_dump_keys, basic@00012b80, basic@00012b74
hashtab_dump_keys, basic@00012b74, basic@00012b80
hashtab_dump_keys, basic@00012b74, basic@00012bb0
hashtab_dump_keys, basic@00012bb0, basic@00012bc8
hashtab_dump_keys, basic@00012bb0, basic@00012bc0
hashtab_delete, basic@00012bcc, basic@00012bec
hashtab_delete, basic@00012bcc, basic@00012bf0
hashtab_delete, basic@00012bf0, basic@00012c04
hashtab_delete, basic@00012bec, basic@00012c04
hashtab_delete, basic@00012c04, basic@00012c0c
hashtab_delete, basic@00012c04, basic@00012c10
hashtab_delete, basic@00012c0c, basic@00012c10
hashtab_delete, basic@00012c10, basic@00012c14
hashtab_delete, basic@00012c10, basic@00012c18
hashtab_delete, basic@00012c14, basic@00012c18
hashtab_delete, basic@00012c18, basic@00012c20
hashtab_delete, basic@00012c18, basic@00012c24
hashtab_delete, basic@00012c20, basic@00012c24
print_utmp_record, basic@00012c80, basic@00012ca0
print_utmp_record, basic@00012ca0, basic@00012cf8
print_utmp_record, basic@00012d28, basic@00012cf8
print_utmp_record, basic@00012cf8, basic@00012dac
print_utmp_record, basic@00012cf8, basic@00012d04
print_utmp_record, basic@00012d04, basic@00012d20
print_utmp_record, basic@00012d20, basic@00012d28
print_utmp_record, basic@00012d04, basic@00012d28
print_utmp_record, basic@00012d28, basic@00012d34
print_utmp_record, basic@00012dac, basic@00012d34
print_utmp_record, basic@00012c80, basic@00012d94
print_utmp_record, basic@00012d34, basic@00012d94
print_utmp_record, basic@00012d94, basic@00012dd8
print_utmp_record, basic@00012d94, basic@00012da4
fix_ut_type_field, basic@00012dec, basic@00012dfc
fix_ut_type_field, basic@00012dec, basic@00012e08
fix_ut_type_field, basic@00012e08, basic@00012e0c
fix_ut_type_field, basic@00012e08, basic@00012e18
fix_ut_type_field, basic@00012e18, basic@00012e9c
fix_ut_type_field, basic@00012e9c, basic@00012f70
fix_ut_type_field, basic@00012f70, basic@00012f88
fix_ut_type_field, basic@00012e9c, basic@00012ebc
fix_ut_type_field, basic@00012ebc, basic@00012ec8
fix_ut_type_field, basic@00012dfc, basic@00012ed0
fix_ut_type_field, basic@00012e0c, basic@00012ed0
fix_ut_type_field, basic@00012ec8, basic@00012ed0
fix_ut_type_field, basic@00012ebc, basic@00012fb4
fix_ut_type_field, basic@00012f88, basic@00012f94
fix_ut_type_field, basic@00012fb4, basic@00012f94
fix_ut_type_field, basic@00012e18, basic@00012e20
fix_ut_type_field, basic@00012f70, basic@00012e20
fix_ut_type_field, basic@00012e20, basic@00012e30
fix_ut_type_field, basic@00012e30, basic@00012e48
fix_ut_type_field, basic@00012f88, basic@00012e48
fix_ut_type_field, basic@00012e48, basic@00012e4c
fix_ut_type_field, basic@00012f94, basic@00012e4c
fix_ut_type_field, basic@00012e4c, basic@00012e54
fix_ut_type_field, basic@00012e4c, basic@00012f38
fix_ut_type_field, basic@00012e20, basic@00012f44
fix_ut_type_field, basic@00012f38, basic@00012ee0
fix_ut_type_field, basic@00012f44, basic@00012ee0
fix_ut_type_field, basic@00012ed0, basic@00012ee0
fix_ut_type_field, basic@00012ee0, basic@00012ee8
fix_ut_type_field, basic@00012ee8, basic@00012ef4
fix_ut_type_field, basic@00012ee8, basic@00012ef8
fix_ut_type_field, basic@00012ef4, basic@00012ef8
fix_ut_type_field, basic@00012ef8, basic@00012ef8
fix_ut_type_field, basic@00012ee0, basic@00012f24
fix_ut_type_field, basic@00012f24, basic@00012f30
fix_ut_type_field, basic@00012e54, basic@00012e60
fix_ut_type_field, basic@00012fb4, basic@00012e60
fix_ut_type_field, basic@00012f44, basic@00012e60
fix_ut_type_field, basic@00012ed0, basic@00012e60
fix_ut_type_field, basic@00012e60, basic@00012e74
fix_ut_type_field, basic@00012e60, basic@00012e80
fix_ut_type_field, basic@00012e80, basic@00012e90
fix_ut_type_field, basic@00012e80, basic@00012e94
fix_ut_type_field, basic@00012e90, basic@00012e94
fix_ut_type_field, basic@00012e94, basic@00012e94
fix_ut_type_field, basic@00012ef8, basic@00012efc
fix_ut_type_field, basic@00012ef8, basic@00012efc
fix_ut_type_field, basic@00012e94, basic@00012efc
fix_ut_type_field, basic@00012e94, basic@00012efc
fix_ut_type_field, basic@00012efc, basic@00012f1c
fix_ut_type_field, basic@00012efc, basic@00012f04
fix_ut_type_field, basic@00012f04, basic@00012f5c
fix_ut_type_field, basic@00012f04, basic@00012f10
fix_ut_type_field, basic@00012f24, basic@00012f10
exchange, basic@00012fdc, basic@00012ff8
exchange, basic@000130a0, basic@00012ff8
exchange, basic@00012ff8, basic@00012ffc
exchange, basic@00012ff8, basic@00013000
exchange, basic@00012ffc, basic@00013000
exchange, basic@00013000, basic@00013004
exchange, basic@00013050, basic@00013004
exchange, basic@00013004, basic@00013068
exchange, basic@00013068, basic@00013070
exchange, basic@00013070, basic@00013088
exchange, basic@00013088, basic@00013088
exchange, basic@00013068, basic@000130a0
exchange, basic@00013088, basic@000130a0
exchange, basic@00013004, basic@00013014
exchange, basic@00013014, basic@0001301c
exchange, basic@0001301c, basic@0001302c
exchange, basic@0001302c, basic@0001302c
exchange, basic@00013014, basic@00013044
exchange, basic@0001302c, basic@00013044
exchange, basic@00013044, basic@0001304c
exchange, basic@00013044, basic@00013050
exchange, basic@0001304c, basic@00013050
exchange, basic@00013000, basic@00013054
exchange, basic@00013050, basic@00013054
_getopt_internal_r, basic@000130a8, basic@00013360
_getopt_internal_r, basic@000130a8, basic@000130dc
_getopt_internal_r, basic@000130dc, basic@00013238
_getopt_internal_r, basic@000130dc, basic@000130f0
_getopt_internal_r, basic@000130f0, basic@00013240
_getopt_internal_r, basic@00013238, basic@00013240
_getopt_internal_r, basic@00013240, basic@00013254
_getopt_internal_r, basic@00013240, basic@00013258
_getopt_internal_r, basic@00013254, basic@00013258
_getopt_internal_r, basic@00013258, basic@00013398
_getopt_internal_r, basic@00013398, basic@000133a8
_getopt_internal_r, basic@00013258, basic@00013260
_getopt_internal_r, basic@00013398, basic@00013260
_getopt_internal_r, basic@000133a8, basic@00013260
_getopt_internal_r, basic@00013260, basic@00013630
_getopt_internal_r, basic@00013260, basic@00013274
_getopt_internal_r, basic@00013274, basic@00013654
_getopt_internal_r, basic@00013274, basic@0001327c
_getopt_internal_r, basic@0001327c, basic@0001328c
_getopt_internal_r, basic@00013654, basic@0001328c
_getopt_internal_r, basic@00013630, basic@0001328c
_getopt_internal_r, basic@000130f0, basic@000130fc
_getopt_internal_r, basic@000130fc, basic@0001310c
_getopt_internal_r, basic@000130fc, basic@00013120
_getopt_internal_r, basic@0001310c, basic@00013120
_getopt_internal_r, basic@0001328c, basic@00013120
_getopt_internal_r, basic@00013120, basic@0001312c
_getopt_internal_r, basic@00013120, basic@00013130
_getopt_internal_r, basic@0001312c, basic@00013130
_getopt_internal_r, basic@00013130, basic@0001313c
_getopt_internal_r, basic@00013130, basic@000132c0
_getopt_internal_r, basic@0001313c, basic@000132c0
_getopt_internal_r, basic@000132c0, basic@000132d0
_getopt_internal_r, basic@000132c0, basic@000132d4
_getopt_internal_r, basic@000132d0, basic@000132d4
_getopt_internal_r, basic@000132d4, basic@000132dc
_getopt_internal_r, basic@000132d4, basic@000132e0
_getopt_internal_r, basic@000132dc, basic@000132e0
_getopt_internal_r, basic@000132e0, basic@000135b0
_getopt_internal_r, basic@000135b0, basic@00013894
_getopt_internal_r, basic@00013894, basic@00013898
_getopt_internal_r, basic@000135b0, basic@000135c0
_getopt_internal_r, basic@000135c0, basic@000135c8
_getopt_internal_r, basic@000135c0, basic@000135d8
_getopt_internal_r, basic@000135c8, basic@000135d8
_getopt_internal_r, basic@00013894, basic@000135d8
_getopt_internal_r, basic@00013898, basic@000135d8
_getopt_internal_r, basic@000135d8, basic@000135e0
_getopt_internal_r, basic@000135e0, basic@000135fc
_getopt_internal_r, basic@000135ec, basic@000135fc
_getopt_internal_r, basic@000135fc, basic@0001360c
_getopt_internal_r, basic@0001360c, basic@00013618
_getopt_internal_r, basic@000135fc, basic@000135ec
_getopt_internal_r, basic@0001360c, basic@000135ec
_getopt_internal_r, basic@00013618, basic@0001364c
_getopt_internal_r, basic@000135d8, basic@0001364c
_getopt_internal_r, basic@000135ec, basic@0001364c
_getopt_internal_r, basic@000132e0, basic@000132e8
_getopt_internal_r, basic@0001364c, basic@000132e8
_getopt_internal_r, basic@000132e8, basic@00013624
_getopt_internal_r, basic@000132e8, basic@000132f0
_getopt_internal_r, basic@000132f0, basic@00013304
_getopt_internal_r, basic@00013304, basic@00013310
_getopt_internal_r, basic@00013310, basic@0001331c
_getopt_internal_r, basic@0001331c, basic@000138a0
_getopt_internal_r, basic@0001331c, basic@00013334
_getopt_internal_r, basic@00013334, basic@0001333c
_getopt_internal_r, basic@00013334, basic@0001334c
_getopt_internal_r, basic@0001333c, basic@0001334c
_getopt_internal_r, basic@000138a0, basic@0001334c
_getopt_internal_r, basic@0001334c, basic@00013358
_getopt_internal_r, basic@00013624, basic@00013358
_getopt_internal_r, basic@00013358, basic@0001335c
_getopt_internal_r, basic@00013304, basic@000133b0
_getopt_internal_r, basic@00013310, basic@000133b0
_getopt_internal_r, basic@000133b0, basic@000133bc
_getopt_internal_r, basic@000133bc, basic@000133d0
_getopt_internal_r, basic@000133bc, basic@000133d4
_getopt_internal_r, basic@000133d0, basic@000133d4
_getopt_internal_r, basic@000132f0, basic@00013370
_getopt_internal_r, basic@000133b0, basic@00013370
_getopt_internal_r, basic@00013370, basic@0001337c
_getopt_internal_r, basic@00013358, basic@00013360
_getopt_internal_r, basic@0001335c, basic@00013360
_getopt_internal_r, basic@00013370, basic@00013360
_getopt_internal_r, basic@0001313c, basic@00013148
_getopt_internal_r, basic@000133d4, basic@00013148
_getopt_internal_r, basic@00013148, basic@00013154
_getopt_internal_r, basic@00013154, basic@00013180
_getopt_internal_r, basic@00013180, basic@0001318c
_getopt_internal_r, basic@0001318c, basic@00013198
_getopt_internal_r, basic@00013154, basic@00013414
_getopt_internal_r, basic@0001318c, basic@00013414
_getopt_internal_r, basic@00013198, basic@00013414
_getopt_internal_r, basic@00013414, basic@0001342c
_getopt_internal_r, basic@0001342c, basic@0001342c
_getopt_internal_r, basic@00013414, basic@0001343c
_getopt_internal_r, basic@0001342c, basic@0001343c
_getopt_internal_r, basic@0001343c, basic@0001344c
_getopt_internal_r, basic@0001344c, basic@000134b0
_getopt_internal_r, basic@000134e0, basic@000134b0
_getopt_internal_r, basic@000134a0, basic@000134b0
_getopt_internal_r, basic@000134b0, basic@000134c8
_getopt_internal_r, basic@000134c8, basic@000134d8
_getopt_internal_r, basic@000134d8, basic@000134e0
_getopt_internal_r, basic@000134d8, basic@00013480
_getopt_internal_r, basic@00013480, basic@0001348c
_getopt_internal_r, basic@0001348c, basic@0001358c
_getopt_internal_r, basic@00013480, basic@0001349c
_getopt_internal_r, basic@0001348c, basic@0001349c
_getopt_internal_r, basic@0001358c, basic@0001349c
_getopt_internal_r, basic@0001358c, basic@0001359c
_getopt_internal_r, basic@0001359c, basic@000135a8
_getopt_internal_r, basic@000134b0, basic@000134a0
_getopt_internal_r, basic@0001349c, basic@000134a0
_getopt_internal_r, basic@0001359c, basic@000134a0
_getopt_internal_r, basic@000135a8, basic@000134a0
_getopt_internal_r, basic@000134e0, basic@000134f8
_getopt_internal_r, basic@000134a0, basic@000134f8
_getopt_internal_r, basic@000134f8, basic@00013510
_getopt_internal_r, basic@00013510, basic@0001351c
_getopt_internal_r, basic@00013510, basic@00013558
_getopt_internal_r, basic@0001351c, basic@00013558
_getopt_internal_r, basic@000134f8, basic@0001366c
_getopt_internal_r, basic@0001343c, basic@000138ac
_getopt_internal_r, basic@0001366c, basic@000138ac
_getopt_internal_r, basic@000138ac, basic@000139d8
_getopt_internal_r, basic@000139d8, basic@00013af8
_getopt_internal_r, basic@000139d8, basic@000139e4
_getopt_internal_r, basic@00013148, basic@000131ac
_getopt_internal_r, basic@00013180, basic@000131ac
_getopt_internal_r, basic@00013198, basic@000131ac
_getopt_internal_r, basic@000139e4, basic@000131ac
_getopt_internal_r, basic@000131ac, basic@000131d0
_getopt_internal_r, basic@000131ac, basic@000131dc
_getopt_internal_r, basic@000131d0, basic@000131dc
_getopt_internal_r, basic@000131dc, basic@000132a0
_getopt_internal_r, basic@000132a0, basic@000133e4
_getopt_internal_r, basic@000132a0, basic@000132ac
_getopt_internal_r, basic@000133e4, basic@000132ac
_getopt_internal_r, basic@000131dc, basic@000131ec
_getopt_internal_r, basic@000131ec, basic@00013788
_getopt_internal_r, basic@000131ec, basic@000131fc
_getopt_internal_r, basic@00013788, basic@000131fc
_getopt_internal_r, basic@000131fc, basic@000132b4
_getopt_internal_r, basic@000131fc, basic@00013204
_getopt_internal_r, basic@00013204, basic@00013980
_getopt_internal_r, basic@00013980, basic@00013984
_getopt_internal_r, basic@00013980, basic@0001398c
_getopt_internal_r, basic@00013204, basic@00013214
_getopt_internal_r, basic@00013214, basic@00013960
_getopt_internal_r, basic@00013960, basic@00013b3c
_getopt_internal_r, basic@00013b3c, basic@00013cd4
_getopt_internal_r, basic@00013b3c, basic@00013b48
_getopt_internal_r, basic@00013cd4, basic@00013b48
_getopt_internal_r, basic@00013b48, basic@00013b58
_getopt_internal_r, basic@00013b48, basic@00013b5c
_getopt_internal_r, basic@00013960, basic@00013968
_getopt_internal_r, basic@00013214, basic@00013220
_getopt_internal_r, basic@00013220, basic@0001322c
_getopt_internal_r, basic@00013968, basic@0001322c
_getopt_internal_r, basic@0001398c, basic@0001322c
_getopt_internal_r, basic@00013984, basic@0001322c
_getopt_internal_r, basic@00013b58, basic@0001322c
_getopt_internal_r, basic@00013b5c, basic@0001322c
_getopt_internal_r, basic@00013788, basic@00013790
_getopt_internal_r, basic@00013790, basic@00013ad8
_getopt_internal_r, basic@00013ad8, basic@00013c00
_getopt_internal_r, basic@00013c00, basic@00013c0c
_getopt_internal_r, basic@00013c00, basic@00013c38
_getopt_internal_r, basic@00013c0c, basic@00013c38
_getopt_internal_r, basic@00013c38, basic@000132b4
_getopt_internal_r, basic@00013c38, basic@000132b4
_getopt_internal_r, basic@00013ad8, basic@00013ae0
_getopt_internal_r, basic@00013790, basic@000137a0
_getopt_internal_r, basic@000137a0, basic@000137b0
_getopt_internal_r, basic@00013ae0, basic@000137b0
_getopt_internal_r, basic@000137c8, basic@000137c8
_getopt_internal_r, basic@000137b0, basic@000137c8
_getopt_internal_r, basic@000137b0, basic@000137dc
_getopt_internal_r, basic@000137c8, basic@000137dc
_getopt_internal_r, basic@000137dc, basic@000137ec
_getopt_internal_r, basic@000137ec, basic@00013854
_getopt_internal_r, basic@00013844, basic@00013854
_getopt_internal_r, basic@00013854, basic@00013870
_getopt_internal_r, basic@00013870, basic@00013880
_getopt_internal_r, basic@00013880, basic@00013824
_getopt_internal_r, basic@00013824, basic@00013830
_getopt_internal_r, basic@00013830, basic@00013a40
_getopt_internal_r, basic@00013824, basic@00013840
_getopt_internal_r, basic@00013830, basic@00013840
_getopt_internal_r, basic@00013a40, basic@00013840
_getopt_internal_r, basic@00013a40, basic@00013a50
_getopt_internal_r, basic@00013a50, basic@00013a5c
_getopt_internal_r, basic@00013854, basic@00013844
_getopt_internal_r, basic@00013840, basic@00013844
_getopt_internal_r, basic@00013a50, basic@00013844
_getopt_internal_r, basic@00013a5c, basic@00013844
_getopt_internal_r, basic@00013880, basic@00013844
_getopt_internal_r, basic@00013844, basic@00013a64
_getopt_internal_r, basic@00013a64, basic@00013a78
_getopt_internal_r, basic@00013a78, basic@00013a84
_getopt_internal_r, basic@00013a78, basic@000132b4
_getopt_internal_r, basic@00013a84, basic@000132b4
_getopt_internal_r, basic@00013a64, basic@00013bec
_getopt_internal_r, basic@000137dc, basic@000132b4
_getopt_internal_r, basic@00013bec, basic@000132b4
_getopt_internal_r, basic@00013870, basic@00013b70
_getopt_internal_r, basic@00013bec, basic@00013b70
_getopt_internal_r, basic@00013b70, basic@00013b78
_getopt_internal_r, basic@00013b78, basic@00013b90
_getopt_internal_r, basic@00013b90, basic@00013d04
_getopt_internal_r, basic@00013b90, basic@000132b4
_getopt_internal_r, basic@00013d04, basic@000132b4
_getopt_internal_r, basic@00013b78, basic@00013b80
_getopt_internal_r, basic@00013b70, basic@00013c54
_getopt_internal_r, basic@00013c54, basic@00013c5c
_getopt_internal_r, basic@00013c54, basic@00013c64
_getopt_internal_r, basic@00013c64, basic@00013c70
_getopt_internal_r, basic@00013b80, basic@00013c84
_getopt_internal_r, basic@00013c5c, basic@00013c84
_getopt_internal_r, basic@00013c70, basic@00013c84
_getopt_internal_r, basic@00013c84, basic@00013c9c
_getopt_internal_r, basic@00013c84, basic@00013ca0
_getopt_internal_r, basic@00013c9c, basic@00013ca0
_getopt_internal_r, basic@00013ca0, basic@000132b4
_getopt_internal_r, basic@00013ca0, basic@000132b4
_getopt_internal_r, basic@00013c64, basic@00013d38
_getopt_internal_r, basic@00013d38, basic@00013d44
_getopt_internal_r, basic@00013d38, basic@00013d70
_getopt_internal_r, basic@00013d44, basic@00013d70
_getopt_internal_r, basic@000139e4, basic@000139f8
_getopt_internal_r, basic@000138ac, basic@000138b8
_getopt_internal_r, basic@000138b8, basic@000138c4
_getopt_internal_r, basic@000138c4, basic@00013b04
_getopt_internal_r, basic@00013af8, basic@00013b04
_getopt_internal_r, basic@000138c4, basic@000138d0
_getopt_internal_r, basic@000139f8, basic@000138d0
_getopt_internal_r, basic@000138b8, basic@000132b4
_getopt_internal_r, basic@000138d0, basic@000132b4
_getopt_internal_r, basic@00013b04, basic@000132b4
_getopt_internal_r, basic@00013af8, basic@000132b4
_getopt_internal_r, basic@000139f8, basic@000132b4
_getopt_internal_r, basic@000134c8, basic@0001367c
_getopt_internal_r, basic@0001366c, basic@0001367c
_getopt_internal_r, basic@0001367c, basic@00013694
_getopt_internal_r, basic@00013694, basic@000136a8
_getopt_internal_r, basic@000136a8, basic@000136b4
_getopt_internal_r, basic@000136b4, basic@00013a08
_getopt_internal_r, basic@000136b4, basic@000136cc
_getopt_internal_r, basic@000136a8, basic@000132b4
_getopt_internal_r, basic@000136cc, basic@000132b4
_getopt_internal_r, basic@00013a08, basic@000132b4
_getopt_internal_r, basic@00013694, basic@0001369c
_getopt_internal_r, basic@0001367c, basic@0001373c
_getopt_internal_r, basic@0001373c, basic@00013934
_getopt_internal_r, basic@00013934, basic@0001393c
_getopt_internal_r, basic@0001369c, basic@00013748
_getopt_internal_r, basic@0001373c, basic@00013748
_getopt_internal_r, basic@0001393c, basic@00013748
_getopt_internal_r, basic@00013748, basic@00013764
_getopt_internal_r, basic@00013748, basic@00013768
_getopt_internal_r, basic@00013764, basic@00013768
_getopt_internal_r, basic@00013768, basic@000132b4
_getopt_internal_r, basic@00013768, basic@000132b4
_getopt_internal_r, basic@00013934, basic@0001399c
_getopt_internal_r, basic@0001399c, basic@00013bb8
_getopt_internal_r, basic@0001399c, basic@000139a8
_getopt_internal_r, basic@00013bb8, basic@000139a8
_getopt_internal_r, basic@00013d70, basic@00013d90
_getopt_internal_r, basic@000139a8, basic@00013d90
_getopt_internal_r, basic@00013d90, basic@000132b4
_getopt_internal_r, basic@00013d90, basic@000132b0
ranged_convert, basic@00013f50, basic@00013f70
ranged_convert, basic@00013f50, basic@00013f74
ranged_convert, basic@00013f74, basic@00013fb4
ranged_convert, basic@00013f94, basic@00013fb4
ranged_convert, basic@00013fa8, basic@00013fb4
ranged_convert, basic@00013fb4, basic@00013fc8
ranged_convert, basic@00013fc8, basic@00013f90
ranged_convert, basic@00013fb4, basic@00013f90
ranged_convert, basic@00013f90, basic@00013fdc
ranged_convert, basic@00013fdc, basic@00013fe4
ranged_convert, basic@00013fdc, basic@00013fe8
ranged_convert, basic@00013fe4, basic@00013fe8
ranged_convert, basic@00013fe8, basic@00013fec
ranged_convert, basic@00013fe8, basic@00013ff0
ranged_convert, basic@00013fec, basic@00013ff0
ranged_convert, basic@00013ff0, basic@00013ff4
ranged_convert, basic@00013ff0, basic@00013ff8
ranged_convert, basic@00013f90, basic@00013f94
ranged_convert, basic@00013f94, basic@00013fa8
ranged_convert, basic@00013f74, basic@00013f88
guess_time_tm, basic@00014010, basic@00014024
guess_time_tm, basic@00014024, basic@00014058
guess_time_tm, basic@00014024, basic@0001405c
guess_time_tm, basic@00014058, basic@0001405c
guess_time_tm, basic@0001405c, basic@0001406c
guess_time_tm, basic@0001406c, basic@00014070
guess_time_tm, basic@0001405c, basic@00014070
guess_time_tm, basic@00014070, basic@00014104
guess_time_tm, basic@00014010, basic@00014108
guess_time_tm, basic@00014070, basic@00014108
guess_time_tm, basic@00014108, basic@00014128
guess_time_tm, basic@00014128, basic@00014130
guess_time_tm, basic@00014128, basic@00014138
guess_time_tm, basic@00014108, basic@00014110
guess_time_tm, basic@00014110, basic@00014118
guess_time_tm, basic@00014110, basic@00014120
mktime_internal, basic@00014140, basic@000141a8
mktime_internal, basic@00014140, basic@000141ac
mktime_internal, basic@000141a8, basic@000141ac
mktime_internal, basic@000141ac, basic@000141c0
mktime_internal, basic@000141ac, basic@000141c4
mktime_internal, basic@000141c0, basic@000141c4
mktime_internal, basic@000141c4, basic@000141dc
mktime_internal, basic@000141dc, basic@000141fc
mktime_internal, basic@000141dc, basic@00014200
mktime_internal, basic@000141c4, basic@00014210
mktime_internal, basic@00014200, basic@00014210
mktime_internal, basic@000141fc, basic@00014210
mktime_internal, basic@00014210, basic@00014508
mktime_internal, basic@00014210, basic@00014254
mktime_internal, basic@00014254, basic@0001425c
mktime_internal, basic@00014508, basic@00014264
mktime_internal, basic@00014254, basic@00014264
mktime_internal, basic@0001425c, basic@00014264
mktime_internal, basic@00014264, basic@00014288
mktime_internal, basic@00014264, basic@0001428c
mktime_internal, basic@00014288, basic@0001428c
mktime_internal, basic@0001428c, basic@000142fc
mktime_internal, basic@0001428c, basic@00014300
mktime_internal, basic@000142fc, basic@00014300
mktime_internal, basic@00014300, basic@00014308
mktime_internal, basic@00014308, basic@00014318
mktime_internal, basic@00014308, basic@0001431c
mktime_internal, basic@00014318, basic@0001431c
mktime_internal, basic@0001431c, basic@00014324
mktime_internal, basic@00014300, basic@0001433c
mktime_internal, basic@00014324, basic@0001433c
mktime_internal, basic@0001433c, basic@00014398
mktime_internal, basic@00014390, basic@00014398
mktime_internal, basic@00014398, basic@0001452c
mktime_internal, basic@0001452c, basic@00014540
mktime_internal, basic@0001452c, basic@00014544
mktime_internal, basic@00014540, basic@00014544
mktime_internal, basic@00014544, basic@0001454c
mktime_internal, basic@0001454c, basic@00014554
mktime_internal, basic@00014544, basic@00014554
mktime_internal, basic@00014554, basic@00014560
mktime_internal, basic@00014560, basic@000145e0
mktime_internal, basic@000145d0, basic@000145e0
mktime_internal, basic@000145e0, basic@000145f0
mktime_internal, basic@000145e0, basic@000145a0
mktime_internal, basic@000145f0, basic@000145a0
mktime_internal, basic@000145a0, basic@000145b0
mktime_internal, basic@000145f0, basic@0001460c
mktime_internal, basic@000145b0, basic@0001460c
mktime_internal, basic@000145a0, basic@000145d0
mktime_internal, basic@000145b0, basic@000145d0
mktime_internal, basic@00014398, basic@000143d8
mktime_internal, basic@000143d8, basic@000143e0
mktime_internal, basic@000143e0, basic@000143ec
mktime_internal, basic@000143ec, basic@000143f8
mktime_internal, basic@000143f8, basic@00014514
mktime_internal, basic@00014514, basic@0001451c
mktime_internal, basic@00014514, basic@00014520
mktime_internal, basic@0001451c, basic@00014520
mktime_internal, basic@000143f8, basic@00014404
mktime_internal, basic@00014404, basic@00014410
mktime_internal, basic@00014404, basic@00014414
mktime_internal, basic@00014410, basic@00014414
mktime_internal, basic@0001460c, basic@00014428
mktime_internal, basic@000145d0, basic@00014428
mktime_internal, basic@00014554, basic@00014428
mktime_internal, basic@000143ec, basic@00014428
mktime_internal, basic@00014414, basic@00014428
mktime_internal, basic@00014520, basic@00014428
mktime_internal, basic@00014428, basic@00014450
mktime_internal, basic@00014450, basic@00014488
mktime_internal, basic@00014488, basic@0001448c
mktime_internal, basic@00014450, basic@0001448c
mktime_internal, basic@0001448c, basic@00014494
mktime_internal, basic@00014494, basic@00014498
mktime_internal, basic@0001448c, basic@00014498
mktime_internal, basic@00014498, basic@000144b4
mktime_internal, basic@000144b4, basic@000144b8
mktime_internal, basic@00014498, basic@000144b8
mktime_internal, basic@00014428, basic@000144c4
mktime_internal, basic@000144b8, basic@000144c4
mktime_internal, basic@000143d8, basic@00014374
mktime_internal, basic@000143e0, basic@00014374
mktime_internal, basic@00014414, basic@00014374
mktime_internal, basic@00014520, basic@00014374
mktime_internal, basic@00014374, basic@0001437c
mktime_internal, basic@0001437c, basic@0001438c
mktime_internal, basic@0001437c, basic@00014390
mktime_internal, basic@0001438c, basic@00014390
mktime_internal, basic@0001431c, basic@000144e4
mktime_internal, basic@000144b8, basic@000144e4
mktime_internal, basic@00014374, basic@000144e4
mktime_internal, basic@000144c4, basic@000144e8
mktime_internal, basic@000144e4, basic@000144e8
mktime_internal, basic@000144e8, basic@00014500
mktime_internal, basic@000144e8, basic@0001465c
xmalloc, basic@00014694, basic@000146ac
xmalloc, basic@00014694, basic@000146b0
xmalloc, basic@000146ac, basic@000146b0
xmalloc, basic@000146b0, basic@000146b8
xmalloc, basic@000146b0, basic@000146b4
xrealloc, basic@000146bc, basic@000146d4
xrealloc, basic@000146bc, basic@000146d8
xrealloc, basic@000146d4, basic@000146d8
xrealloc, basic@000146d8, basic@000146e0
xrealloc, basic@000146d8, basic@000146dc
x2realloc, basic@000146e4, basic@0001471c
x2realloc, basic@0001471c, basic@00014720
x2realloc, basic@0001471c, basic@00014724
x2realloc, basic@00014720, basic@00014724
x2realloc, basic@000146e4, basic@000146f4
x2realloc, basic@000146f4, basic@00014700
x2realloc, basic@000146f4, basic@00014734
xcalloc, basic@00014754, basic@00014764
xcalloc, basic@00014754, basic@00014760
__aeabi_ldivmod, basic@000147ec, basic@000147f8
__aeabi_ldivmod, basic@000147f8, basic@000147fc
__aeabi_ldivmod, basic@000147f8, basic@00014808
__aeabi_ldivmod, basic@00014808, basic@0001480c
__aeabi_ldivmod, basic@000147fc, basic@00014814
__aeabi_ldivmod, basic@00014808, basic@00014814
__aeabi_ldivmod, basic@0001480c, basic@00014814
__aeabi_ldivmod, basic@000147ec, basic@00014818
__divdi3, basic@000148bc, basic@000148cc
__divdi3, basic@000148bc, basic@000148dc
__divdi3, basic@000148cc, basic@000148f0
__divdi3, basic@000148dc, basic@000148f0
__divdi3, basic@000148f0, basic@000148f8
__divdi3, basic@000148f0, basic@0001490c
__divdi3, basic@000148f8, basic@0001490c
__divdi3, basic@0001490c, basic@00014b48
__divdi3, basic@00014b48, basic@00014b50
__divdi3, basic@00014b50, basic@00014b7c
__divdi3, basic@00014b7c, basic@00014bbc
__divdi3, basic@00014bbc, basic@00014bd8
__divdi3, basic@00014bbc, basic@00014bdc
__divdi3, basic@00014b7c, basic@00014be4
__divdi3, basic@00014bdc, basic@00014be4
__divdi3, basic@00014bd8, basic@00014be4
__divdi3, basic@00014be4, basic@00014c04
__divdi3, basic@00014c04, basic@00014c20
__divdi3, basic@00014c04, basic@00014c24
__divdi3, basic@00014be4, basic@00014c2c
__divdi3, basic@00014c24, basic@00014c2c
__divdi3, basic@00014c20, basic@00014c2c
__divdi3, basic@00014c2c, basic@00014c40
__divdi3, basic@00014c40, basic@00014c4c
__divdi3, basic@00014c4c, basic@00014c54
__divdi3, basic@00014c40, basic@00014c54
__divdi3, basic@00014c2c, basic@00014c5c
__divdi3, basic@00014c54, basic@00014c5c
__divdi3, basic@00014b50, basic@00014b5c
__divdi3, basic@00014b5c, basic@00014b60
__divdi3, basic@00014b5c, basic@00014b64
__divdi3, basic@00014b60, basic@00014b64
__divdi3, basic@00014b64, basic@00014b64
__divdi3, basic@00014b48, basic@00014c6c
__divdi3, basic@00014b64, basic@00014c6c
__divdi3, basic@0001490c, basic@00014920
__divdi3, basic@00014920, basic@000149dc
__divdi3, basic@000149dc, basic@000149e0
__divdi3, basic@000149dc, basic@000149e8
__divdi3, basic@000149e0, basic@000149e8
__divdi3, basic@000149e8, basic@000149f0
__divdi3, basic@000149e8, basic@000149fc
__divdi3, basic@000149fc, basic@00014a38
__divdi3, basic@00014a38, basic@00014a54
__divdi3, basic@00014a38, basic@00014a58
__divdi3, basic@000149fc, basic@00014a60
__divdi3, basic@00014a58, basic@00014a60
__divdi3, basic@00014a54, basic@00014a60
__divdi3, basic@00014a60, basic@00014a80
__divdi3, basic@00014a80, basic@00014a9c
__divdi3, basic@00014a80, basic@00014aa0
__divdi3, basic@00014a60, basic@00014aa8
__divdi3, basic@00014aa0, basic@00014aa8
__divdi3, basic@00014a9c, basic@00014aa8
__divdi3, basic@000149f0, basic@00014ab0
__divdi3, basic@00014aa8, basic@00014ab0
__divdi3, basic@00014ab0, basic@00014ad4
__divdi3, basic@00014ad4, basic@00014af0
__divdi3, basic@00014ad4, basic@00014af4
__divdi3, basic@00014ab0, basic@00014afc
__divdi3, basic@00014af4, basic@00014afc
__divdi3, basic@00014af0, basic@00014afc
__divdi3, basic@00014afc, basic@00014b1c
__divdi3, basic@00014b1c, basic@00014b38
__divdi3, basic@00014b1c, basic@00014b3c
__divdi3, basic@00014afc, basic@00014b40
__divdi3, basic@00014b38, basic@00014b40
__divdi3, basic@00014b3c, basic@00014b40
__divdi3, basic@00014920, basic@00014928
__divdi3, basic@00014928, basic@00014930
__divdi3, basic@00014928, basic@00014940
__divdi3, basic@00014930, basic@00014940
__divdi3, basic@00014940, basic@00014948
__divdi3, basic@00014940, basic@0001494c
__divdi3, basic@00014948, basic@0001494c
__divdi3, basic@0001494c, basic@00014968
__divdi3, basic@00014968, basic@00014984
__divdi3, basic@00014968, basic@00014988
__divdi3, basic@0001494c, basic@00014990
__divdi3, basic@00014988, basic@00014990
__divdi3, basic@00014984, basic@00014990
__divdi3, basic@00014990, basic@000149b0
__divdi3, basic@000149b0, basic@000149cc
__divdi3, basic@000149b0, basic@000149d0
__divdi3, basic@00014990, basic@000149d4
__divdi3, basic@000149cc, basic@000149d4
__divdi3, basic@000149d0, basic@000149d4
__divdi3, basic@000149d4, basic@00014c60
__divdi3, basic@00014c5c, basic@00014c60
__divdi3, basic@00014c60, basic@00014c70
__divdi3, basic@00014b40, basic@00014c70
__divdi3, basic@00014b64, basic@00014c70
__divdi3, basic@00014c6c, basic@00014c70
__divdi3, basic@00014c54, basic@00014c70
__divdi3, basic@00014c70, basic@00014c7c
__divdi3, basic@00014c70, basic@00014c80
__udivdi3, basic@00014c8c, basic@00014ecc
__udivdi3, basic@00014ecc, basic@00014ed4
__udivdi3, basic@00014ed4, basic@00014f04
__udivdi3, basic@00014f04, basic@00014f44
__udivdi3, basic@00014f44, basic@00014f60
__udivdi3, basic@00014f44, basic@00014f64
__udivdi3, basic@00014f04, basic@00014f6c
__udivdi3, basic@00014f64, basic@00014f6c
__udivdi3, basic@00014f60, basic@00014f6c
__udivdi3, basic@00014f6c, basic@00014f8c
__udivdi3, basic@00014f8c, basic@00014fa8
__udivdi3, basic@00014f8c, basic@00014fac
__udivdi3, basic@00014f6c, basic@00014fb4
__udivdi3, basic@00014fac, basic@00014fb4
__udivdi3, basic@00014fa8, basic@00014fb4
__udivdi3, basic@00014fb4, basic@00014fc8
__udivdi3, basic@00014fc8, basic@00014fd4
__udivdi3, basic@00014fd4, basic@00014fdc
__udivdi3, basic@00014fc8, basic@00014fdc
__udivdi3, basic@00014fb4, basic@00014fe4
__udivdi3, basic@00014fdc, basic@00014fe4
__udivdi3, basic@00014ed4, basic@00014ee0
__udivdi3, basic@00014ee0, basic@00014ee4
__udivdi3, basic@00014ee0, basic@00014ee8
__udivdi3, basic@00014ee4, basic@00014ee8
__udivdi3, basic@00014ee8, basic@00014ee8
__udivdi3, basic@00014ecc, basic@00014ff4
__udivdi3, basic@00014ee8, basic@00014ff4
__udivdi3, basic@00014c8c, basic@00014c98
__udivdi3, basic@00014c98, basic@00014d60
__udivdi3, basic@00014d60, basic@00014d64
__udivdi3, basic@00014d60, basic@00014d6c
__udivdi3, basic@00014d64, basic@00014d6c
__udivdi3, basic@00014d6c, basic@00014d74
__udivdi3, basic@00014d6c, basic@00014d80
__udivdi3, basic@00014d80, basic@00014dbc
__udivdi3, basic@00014dbc, basic@00014dd8
__udivdi3, basic@00014dbc, basic@00014ddc
__udivdi3, basic@00014d80, basic@00014de4
__udivdi3, basic@00014ddc, basic@00014de4
__udivdi3, basic@00014dd8, basic@00014de4
__udivdi3, basic@00014de4, basic@00014e04
__udivdi3, basic@00014e04, basic@00014e20
__udivdi3, basic@00014e04, basic@00014e24
__udivdi3, basic@00014de4, basic@00014e2c
__udivdi3, basic@00014e24, basic@00014e2c
__udivdi3, basic@00014e20, basic@00014e2c
__udivdi3, basic@00014d74, basic@00014e34
__udivdi3, basic@00014e2c, basic@00014e34
__udivdi3, basic@00014e34, basic@00014e58
__udivdi3, basic@00014e58, basic@00014e74
__udivdi3, basic@00014e58, basic@00014e78
__udivdi3, basic@00014e34, basic@00014e80
__udivdi3, basic@00014e78, basic@00014e80
__udivdi3, basic@00014e74, basic@00014e80
__udivdi3, basic@00014e80, basic@00014ea0
__udivdi3, basic@00014ea0, basic@00014ebc
__udivdi3, basic@00014ea0, basic@00014ec0
__udivdi3, basic@00014e80, basic@00014ec4
__udivdi3, basic@00014ebc, basic@00014ec4
__udivdi3, basic@00014ec0, basic@00014ec4
__udivdi3, basic@00014c98, basic@00014ca8
__udivdi3, basic@00014ca8, basic@00014cb4
__udivdi3, basic@00014ca8, basic@00014cc4
__udivdi3, basic@00014cb4, basic@00014cc4
__udivdi3, basic@00014cc4, basic@00014cc8
__udivdi3, basic@00014cc4, basic@00014ccc
__udivdi3, basic@00014cc8, basic@00014ccc
__udivdi3, basic@00014ccc, basic@00014cec
__udivdi3, basic@00014cec, basic@00014d08
__udivdi3, basic@00014cec, basic@00014d0c
__udivdi3, basic@00014ccc, basic@00014d14
__udivdi3, basic@00014d0c, basic@00014d14
__udivdi3, basic@00014d08, basic@00014d14
__udivdi3, basic@00014d14, basic@00014d34
__udivdi3, basic@00014d34, basic@00014d50
__udivdi3, basic@00014d34, basic@00014d54
__udivdi3, basic@00014d14, basic@00014d58
__udivdi3, basic@00014d50, basic@00014d58
__udivdi3, basic@00014d54, basic@00014d58
__udivdi3, basic@00014d58, basic@00014fe8
__udivdi3, basic@00014fe4, basic@00014fe8
__udivdi3, basic@00014fe8, basic@00014ff8
__udivdi3, basic@00014ec4, basic@00014ff8
__udivdi3, basic@00014ee8, basic@00014ff8
__udivdi3, basic@00014ff4, basic@00014ff8
__udivdi3, basic@00014fdc, basic@00014ff8
__libc_csu_init, basic@00015000, basic@00015034
__libc_csu_init, basic@00015034, basic@00015034
__libc_csu_init, basic@00015034, basic@00015054
