free_pattern_chain, basic@000113e0, basic@000113fa
free_pattern_chain, basic@00011424, basic@000113fa
free_pattern_chain, basic@000113fa, basic@00011434
free_pattern_chain, basic@000113fa, basic@000113fe
free_pattern_chain, basic@000113fe, basic@00011407
free_pattern_chain, basic@000113fe, basic@00011413
free_pattern_chain, basic@00011407, basic@00011413
free_pattern_chain, basic@00011413, basic@0001141a
free_pattern_chain, basic@00011413, basic@00011424
free_pattern_chain, basic@0001141a, basic@00011424
compile_pattern, basic@0001143c, basic@00011479
compile_pattern, basic@00011479, basic@00011479
compile_pattern, basic@00011479, basic@00011479
compile_pattern, basic@00011479, basic@0001147b
compile_pattern, basic@00011479, basic@0001147b
compile_pattern, basic@0001147b, basic@0001148e
compile_pattern, basic@0001148e, basic@0001149c
compile_pattern, basic@0001149c, basic@000114b6
compile_pattern, basic@000114b6, basic@000114c7
compile_pattern, basic@0001148e, basic@000114d1
compile_pattern, basic@0001149c, basic@000114d1
compile_pattern, basic@000114c7, basic@000114d1
compile_pattern, basic@000114d1, basic@0001152f
compile_pattern, basic@0001152f, basic@00011532
compile_pattern, basic@00011532, basic@00011532
compile_pattern, basic@00011532, basic@00011532
compile_pattern, basic@00011532, basic@00011534
compile_pattern, basic@00011532, basic@00011534
compile_pattern, basic@00011534, basic@00011542
compile_pattern, basic@00011534, basic@00011546
compile_pattern, basic@00011542, basic@00011546
compile_pattern, basic@00011546, basic@00011573
compile_pattern, basic@00011573, basic@00011596
compile_pattern, basic@00011596, basic@000115cc
compile_pattern, basic@000115d1, basic@000115cc
compile_pattern, basic@000115cc, basic@000115d4
compile_pattern, basic@000115d4, basic@000115ff
compile_pattern, basic@000115d4, basic@000115ec
compile_pattern, basic@000115ec, basic@0001160a
compile_pattern, basic@000115ec, basic@000115f1
compile_pattern, basic@000115f1, basic@00011615
compile_pattern, basic@000115f1, basic@000115f4
compile_pattern, basic@000115f4, basic@0001161e
compile_pattern, basic@00011615, basic@0001161e
compile_pattern, basic@0001160a, basic@0001161e
compile_pattern, basic@000115ff, basic@0001161e
compile_pattern, basic@000115cc, basic@000115d1
compile_pattern, basic@00011573, basic@0001157d
compile_pattern, basic@00011546, basic@00011554
compile_pattern, basic@00011554, basic@0001162f
compile_pattern, basic@0001157d, basic@0001162f
compile_pattern, basic@0001161e, basic@0001162f
compile_pattern, basic@0001147b, basic@00011484
compile_pattern, basic@000114d1, basic@00011484
compile_pattern, basic@00011484, basic@00011644
compile_pattern, basic@000114b6, basic@00011644
compile_pattern, basic@0001162f, basic@00011644
compile_pattern, basic@00011644, basic@00011654
compile_pattern, basic@00011644, basic@00011659
compile_pattern, basic@00011654, basic@00011659
read_pattern_file, basic@00011664, basic@000116a0
read_pattern_file, basic@00011664, basic@000116ca
read_pattern_file, basic@000116a0, basic@000116ca
read_pattern_file, basic@000116ca, basic@000116ea
read_pattern_file, basic@000116a0, basic@000116a6
read_pattern_file, basic@000116a6, basic@000116bc
read_pattern_file, basic@000116ca, basic@000116bc
read_pattern_file, basic@000116bc, basic@00011745
read_pattern_file, basic@00011737, basic@00011745
read_pattern_file, basic@000117d4, basic@00011745
read_pattern_file, basic@00011745, basic@000117f4
read_pattern_file, basic@000117f4, basic@00011804
read_pattern_file, basic@00011745, basic@00011760
read_pattern_file, basic@00011760, basic@00011767
read_pattern_file, basic@00011767, basic@00011767
read_pattern_file, basic@00011767, basic@00011767
read_pattern_file, basic@00011767, basic@00011769
read_pattern_file, basic@00011767, basic@00011769
read_pattern_file, basic@00011769, basic@00011733
read_pattern_file, basic@00011732, basic@00011733
read_pattern_file, basic@00011733, basic@00011720
read_pattern_file, basic@00011720, basic@00011732
read_pattern_file, basic@00011733, basic@00011737
read_pattern_file, basic@00011720, basic@00011737
read_pattern_file, basic@00011737, basic@00011771
read_pattern_file, basic@00011771, basic@00011789
read_pattern_file, basic@00011789, basic@00011792
read_pattern_file, basic@00011792, basic@000117b8
read_pattern_file, basic@000117e5, basic@000117b8
read_pattern_file, basic@00011789, basic@000117b8
read_pattern_file, basic@00011771, basic@00011782
read_pattern_file, basic@000117b8, basic@00011782
read_pattern_file, basic@00011782, basic@00011818
read_pattern_file, basic@000117f4, basic@00011818
read_pattern_file, basic@00011804, basic@00011818
read_pattern_file, basic@000116ea, basic@00011818
read_pattern_file, basic@00011818, basic@00011828
read_pattern_file, basic@00011818, basic@0001182d
read_pattern_file, basic@00011828, basic@0001182d
read_pattern_file, basic@000117b8, basic@000117d4
read_pattern_file, basic@000117d4, basic@000117e5
main, basic@00011840, basic@000122d8
main, basic@00011840, basic@0001189e
main, basic@0001189e, basic@000118c2
main, basic@000118c2, basic@000118cb
main, basic@0001189e, basic@000118a0
main, basic@000118a0, basic@000122c7
main, basic@000118a0, basic@000118a9
main, basic@000118a9, basic@00011bfd
main, basic@000118c2, basic@00011bfd
main, basic@000118a9, basic@000118b4
main, basic@000118b4, basic@000118d7
main, basic@00011bfd, basic@000118d7
main, basic@000122c7, basic@000118d7
main, basic@000118cb, basic@000118d7
main, basic@000122d8, basic@000118d7
main, basic@000118d7, basic@000118ee
main, basic@000118ee, basic@00011900
main, basic@00011900, basic@0001190c
main, basic@0001190c, basic@0001191d
main, basic@00011a81, basic@0001191d
main, basic@0001191d, basic@00011925
main, basic@00011ce5, basic@00011ce5
main, basic@00011925, basic@00011ce5
main, basic@000119b0, basic@00011950
main, basic@00011925, basic@00011950
main, basic@00011950, basic@00011965
main, basic@00011965, basic@0001197e
main, basic@00011970, basic@0001197e
main, basic@0001197e, basic@00011970
main, basic@00011950, basic@00011c10
main, basic@00011970, basic@00011c10
main, basic@0001197e, basic@00011982
main, basic@00011982, basic@00011ff0
main, basic@00011982, basic@0001199c
main, basic@0001199c, basic@00011c50
main, basic@00011c50, basic@00011c7b
main, basic@0001199c, basic@000119a8
main, basic@000119a8, basic@00011fb0
main, basic@000119a8, basic@000119b0
main, basic@00011c50, basic@000119b0
main, basic@000119b0, basic@000119d0
main, basic@000119d0, basic@000119da
main, basic@0001191d, basic@00011ce7
main, basic@00011ce7, basic@00011d0e
main, basic@00011d0e, basic@00011d1c
main, basic@00011d1c, basic@00011e06
main, basic@00011dee, basic@00011e06
main, basic@00011e06, basic@00011e80
main, basic@00011e80, basic@00011ff9
main, basic@00011ff9, basic@00012013
main, basic@00011e80, basic@00011e88
main, basic@00011e88, basic@00012030
main, basic@00011e88, basic@00011ea6
main, basic@00012030, basic@00011ea6
main, basic@00011ea6, basic@00011eae
main, basic@00011eae, basic@00011ec9
main, basic@00011ec9, basic@00012b4e
main, basic@00011ec9, basic@00011ede
main, basic@00011e06, basic@00011e33
main, basic@00011e33, basic@00011d40
main, basic@00011e33, basic@00011e64
main, basic@00011d40, basic@00011e64
main, basic@00011e64, basic@00011d5f
main, basic@00011d40, basic@00011d5f
main, basic@00011d5f, basic@00011dce
main, basic@00011d5f, basic@00011ef0
main, basic@00011dce, basic@00011ef0
main, basic@00011ef0, basic@00011f00
main, basic@00011ef0, basic@00012079
main, basic@00011f00, basic@00012079
main, basic@00011f00, basic@00011f0e
main, basic@00011f0e, basic@00011f19
main, basic@00011ede, basic@00011f28
main, basic@00012b4e, basic@00011f28
main, basic@00012013, basic@00011f28
main, basic@00011f0e, basic@00011f28
main, basic@00011f19, basic@00011f28
main, basic@00012079, basic@00011f28
main, basic@00011f28, basic@00011f39
main, basic@00011ff0, basic@00011f46
main, basic@00011f39, basic@00011f46
main, basic@00011c7b, basic@00011c7f
main, basic@00011f46, basic@00011c7f
main, basic@000119da, basic@000119de
main, basic@00011c7f, basic@000119de
main, basic@000119de, basic@000119ea
main, basic@000119de, basic@00011f6b
main, basic@000119ea, basic@00011f6b
main, basic@00011f6b, basic@0001208a
main, basic@00011f6b, basic@00011f77
main, basic@00011f77, basic@00011f80
main, basic@00011f80, basic@00011fa1
main, basic@000119ea, basic@000119f3
main, basic@000119f3, basic@00011a01
main, basic@000119f3, basic@000123d0
main, basic@00011a01, basic@000123d0
main, basic@00011a01, basic@00011a12
main, basic@00011c7f, basic@00011c8e
main, basic@00011c8e, basic@00011c97
main, basic@00011c97, basic@00011ccb
main, basic@00011fb0, basic@00011fb5
main, basic@00011a12, basic@00011fb5
main, basic@00011c8e, basic@00011fb5
main, basic@00011fb5, basic@00011fbb
main, basic@00011fbb, basic@00011fdd
main, basic@00011fdd, basic@00011fe9
main, basic@00011fb5, basic@00011a33
main, basic@00011a33, basic@000120be
main, basic@000120be, basic@000120d6
main, basic@000120d6, basic@000123a5
main, basic@000120d6, basic@000120f1
main, basic@00011a33, basic@00011a3c
main, basic@00011a3c, basic@00012054
main, basic@00012054, basic@00012062
main, basic@00012062, basic@00012062
main, basic@00012062, basic@00012062
main, basic@00012062, basic@00012064
main, basic@00012062, basic@00012064
main, basic@00012064, basic@000120ff
main, basic@000120ff, basic@00012110
main, basic@00012110, basic@00012110
main, basic@00012110, basic@00012110
main, basic@00012110, basic@00012112
main, basic@00012110, basic@00012112
main, basic@00012112, basic@00012220
main, basic@00012220, basic@00012469
main, basic@00012220, basic@0001223e
main, basic@00012112, basic@00012118
main, basic@00012064, basic@0001206a
main, basic@00011a3c, basic@00011a45
main, basic@00011a45, basic@0001209b
main, basic@00011a45, basic@00011a51
main, basic@000119d0, basic@00011f54
main, basic@00011f46, basic@00011f54
main, basic@00011a51, basic@00011a5c
main, basic@0001209b, basic@00011a5c
main, basic@0001206a, basic@00011a5c
main, basic@00012118, basic@00011a5c
main, basic@0001223e, basic@00011a5c
main, basic@000120f1, basic@00011a5c
main, basic@000123a5, basic@00011a5c
main, basic@00011fdd, basic@00011a5c
main, basic@00011fe9, basic@00011a5c
main, basic@00011f77, basic@00011a5c
main, basic@00011f80, basic@00011a5c
main, basic@00011fa1, basic@00011a5c
main, basic@0001208a, basic@00011a5c
main, basic@00011f54, basic@00011a5c
main, basic@00011c97, basic@00011a5c
main, basic@00011ccb, basic@00011a5c
main, basic@00011a5c, basic@00011a73
main, basic@00011a73, basic@00011a81
main, basic@00011dce, basic@00011dee
main, basic@00011ea6, basic@00011dee
main, basic@00011eae, basic@00011dee
main, basic@00011ff9, basic@00011dee
main, basic@00011d0e, basic@00012b34
main, basic@00011dee, basic@00012b34
main, basic@00011f28, basic@00012b34
main, basic@00012469, basic@000123df
main, basic@000123d0, basic@000123df
main, basic@00012b34, basic@000123df
main, basic@00011ce7, basic@00012b62
main, basic@00011900, basic@00011a8d
main, basic@00011a81, basic@00011a8d
main, basic@00011a8d, basic@00012bf2
main, basic@00011c10, basic@00011c3c
main, basic@00012bf2, basic@00011c3c
main, basic@000118d7, basic@00011a9a
main, basic@000118ee, basic@00011a9a
main, basic@00011a5c, basic@00011a9a
main, basic@00011a73, basic@00011a9a
main, basic@00011a8d, basic@00011a9a
main, basic@00012bf2, basic@00011a9a
main, basic@00012b62, basic@00011a9a
main, basic@00011a9a, basic@00011aa4
main, basic@00011aa4, basic@00011aae
main, basic@00011aa4, basic@00011ab4
main, basic@00011aae, basic@00011ab4
main, basic@00011ab4, basic@00011abe
main, basic@00011a9a, basic@00011ac4
main, basic@00011ab4, basic@00011ac4
main, basic@00011abe, basic@00011ac4
main, basic@00011ac4, basic@000123b1
main, basic@000123b1, basic@000123be
main, basic@00011ac4, basic@00011ad2
main, basic@00011ad2, basic@00011ae0
main, basic@000123b1, basic@00011ae0
main, basic@00011ad2, basic@00012bd0
main, basic@00011ae0, basic@00012bd0
main, basic@00011ae0, basic@00011aee
main, basic@000123be, basic@00011aee
main, basic@00011aee, basic@00011af8
main, basic@000123be, basic@00011af8
main, basic@00011af8, basic@00012b8f
main, basic@00012b8f, basic@00012c04
main, basic@00012b8f, basic@00012bab
main, basic@00011af8, basic@00011b0c
main, basic@00012c04, basic@00011b0c
main, basic@00012bab, basic@00011b0c
main, basic@00011b0c, basic@00011b22
main, basic@00011b22, basic@00011b2d
main, basic@00012bab, basic@00011b2d
main, basic@00011b2d, basic@00011b37
main, basic@00011b37, basic@00011b44
main, basic@00011b44, basic@00011b44
main, basic@00011b44, basic@00011b44
main, basic@00011b44, basic@00011b46
main, basic@00011b44, basic@00011b46
main, basic@00011b46, basic@00011b48
main, basic@00011b48, basic@00011b6e
main, basic@00011b48, basic@00012373
main, basic@00012373, basic@0001242f
main, basic@00011b6e, basic@00011b78
main, basic@0001242f, basic@00011b78
main, basic@00011b78, basic@00012b70
main, basic@00012b70, basic@00012b8a
main, basic@00012373, basic@00012399
main, basic@00011b2d, basic@00011b98
main, basic@00011b46, basic@00011b98
main, basic@00012b8a, basic@00011b98
main, basic@0001242f, basic@00011b98
main, basic@00011b78, basic@00011b98
main, basic@00012b70, basic@00011b98
main, basic@00011b98, basic@00012127
main, basic@00012127, basic@00012282
main, basic@00012282, basic@000123f9
main, basic@000123f9, basic@00012402
main, basic@00012282, basic@0001228b
main, basic@00012402, basic@0001240c
main, basic@0001228b, basic@0001240c
main, basic@0001240c, basic@00012416
main, basic@00012127, basic@00012130
main, basic@00011b98, basic@00011baa
main, basic@00011baa, basic@0001213a
main, basic@00012130, basic@0001213a
main, basic@00011baa, basic@00011bb4
main, basic@0001213a, basic@00011bb4
main, basic@00012130, basic@00011bb4
main, basic@0001228b, basic@00011bb4
main, basic@0001240c, basic@00011bb4
main, basic@000123f9, basic@00011bb4
main, basic@00012402, basic@00011bb4
main, basic@00011bb4, basic@00011bca
main, basic@00011bca, basic@000127c7
main, basic@000127c7, basic@00012a2a
main, basic@00012a2a, basic@00012a2f
main, basic@00012a2f, basic@00012a35
main, basic@000127c7, basic@000127d0
main, basic@000127d0, basic@000127da
main, basic@000127da, basic@000127e4
main, basic@00012a35, basic@000127e4
main, basic@000127e4, basic@000127ee
main, basic@000127d0, basic@00012a3f
main, basic@000127da, basic@00012a3f
main, basic@000127e4, basic@00012a3f
main, basic@00012a2a, basic@00012a3f
main, basic@00012a2f, basic@00012a3f
main, basic@00012a35, basic@00012a3f
main, basic@00012a3f, basic@00012a55
main, basic@00012a55, basic@00012a84
main, basic@00012a3f, basic@00012a6b
main, basic@00012a55, basic@00012a6b
main, basic@00011bb4, basic@00011be4
main, basic@00011bca, basic@00011be4
main, basic@0001213a, basic@00012144
main, basic@00011be4, basic@00012158
main, basic@000127ee, basic@00012158
main, basic@00012a6b, basic@00012158
main, basic@00012144, basic@00012158
main, basic@00012416, basic@00012158
main, basic@00012158, basic@00012162
main, basic@00012162, basic@0001216f
main, basic@0001216f, basic@0001216f
main, basic@0001216f, basic@0001216f
main, basic@0001216f, basic@00012171
main, basic@0001216f, basic@00012171
main, basic@00012171, basic@000122e9
main, basic@000122e9, basic@0001233e
main, basic@0001233e, basic@0001245d
main, basic@0001233e, basic@00012364
main, basic@000122e9, basic@0001230b
main, basic@00012171, basic@00012177
main, basic@00012158, basic@00012181
main, basic@00012177, basic@00012181
main, basic@0001230b, basic@00012181
main, basic@00012364, basic@00012181
main, basic@00012181, basic@0001218b
main, basic@0001218b, basic@00012198
main, basic@00012198, basic@00012198
main, basic@00012198, basic@00012198
main, basic@00012198, basic@0001219a
main, basic@00012198, basic@0001219a
main, basic@0001219a, basic@0001224d
main, basic@0001224d, basic@0001231a
main, basic@0001231a, basic@00012321
main, basic@0001245d, basic@00012321
main, basic@00012a84, basic@00012321
main, basic@00012399, basic@00012321
main, basic@0001224d, basic@00012273
main, basic@0001219a, basic@000121a0
main, basic@00012181, basic@000121aa
main, basic@000121a0, basic@000121aa
main, basic@00012273, basic@000121aa
main, basic@000121aa, basic@000125aa
main, basic@000120be, basic@000125aa
main, basic@000121aa, basic@000121d3
main, basic@000121d3, basic@000121e0
main, basic@000121e0, basic@000121ed
main, basic@000121ed, basic@000121ff
main, basic@00011b0c, basic@0001229a
main, basic@000121ff, basic@00012204
main, basic@00012321, basic@00012204
main, basic@0001229a, basic@00012204
main, basic@00012204, basic@00012214
main, basic@00012204, basic@0001247a
main, basic@000121ed, basic@0001247f
main, basic@0001247a, basic@0001247f
main, basic@000121d3, basic@000124ac
main, basic@000121e0, basic@000124ac
main, basic@0001247f, basic@000124ac
main, basic@000124ac, basic@000124bd
main, basic@000124ff, basic@000124bd
main, basic@000124bd, basic@000124c1
main, basic@000124c1, basic@000124c8
main, basic@000124c1, basic@000124d7
main, basic@000124c8, basic@000124d7
main, basic@000124d7, basic@000124ff
main, basic@0001253e, basic@00012518
main, basic@000124bd, basic@00012518
main, basic@00012518, basic@0001251c
main, basic@0001251c, basic@0001253e
main, basic@00012518, basic@00012542
main, basic@00012542, basic@0001254b
main, basic@00012542, basic@00012554
main, basic@0001254b, basic@00012554
main, basic@0001254b, basic@0001255b
main, basic@00012554, basic@0001255b
main, basic@0001255b, basic@0001256c
main, basic@000125a3, basic@0001256c
main, basic@0001256c, basic@00012574
main, basic@00012574, basic@00012658
main, basic@00012658, basic@0001277f
main, basic@00012658, basic@00012667
main, basic@00012667, basic@00012685
main, basic@0001277f, basic@00012685
main, basic@00012574, basic@000125a3
main, basic@000126e7, basic@000126c9
main, basic@0001256c, basic@000126c9
main, basic@000126c9, basic@000126cd
main, basic@000126cd, basic@000126d1
main, basic@000126cd, basic@000126da
main, basic@000126d1, basic@000126da
main, basic@000126da, basic@000126de
main, basic@000126da, basic@000126e7
main, basic@000126de, basic@000126e7
main, basic@000126c9, basic@000126eb
main, basic@000126eb, basic@000126ed
main, basic@00012745, basic@000126ed
main, basic@000126ed, basic@000126fb
main, basic@00012738, basic@000126fb
main, basic@000126fb, basic@000126ff
main, basic@000126ff, basic@00012706
main, basic@000126ff, basic@0001270e
main, basic@00012706, basic@0001270e
main, basic@0001270e, basic@00012738
main, basic@000126fb, basic@00012745
main, basic@0001277b, basic@00012759
main, basic@00012745, basic@00012759
main, basic@00012759, basic@0001275d
main, basic@0001275d, basic@0001277b
main, basic@000127c3, basic@0001279d
main, basic@00012759, basic@0001279d
main, basic@0001279d, basic@000127a5
main, basic@000127a5, basic@000127c3
main, basic@0001279d, basic@00012827
main, basic@00012827, basic@00012a90
main, basic@00012827, basic@00012835
main, basic@00012a90, basic@00012835
main, basic@00012835, basic@0001283f
main, basic@00012990, basic@0001283f
main, basic@0001283f, basic@00012847
main, basic@00012847, basic@00012853
main, basic@00012847, basic@00012997
main, basic@00012853, basic@00012997
main, basic@00012997, basic@00012ad2
main, basic@00012685, basic@00012695
main, basic@00012ad2, basic@00012695
main, basic@0001247f, basic@000126a8
main, basic@000124d7, basic@000126a8
main, basic@0001251c, basic@000126a8
main, basic@00012695, basic@000126a8
main, basic@0001270e, basic@000126a8
main, basic@0001275d, basic@000126a8
main, basic@000127a5, basic@000126a8
main, basic@00011fbb, basic@000126a8
main, basic@00012853, basic@0001285d
main, basic@0001285d, basic@00012871
main, basic@00012997, basic@00012871
main, basic@00012871, basic@0001287d
main, basic@000128f5, basic@0001287d
main, basic@00012905, basic@0001287d
main, basic@00012963, basic@0001287d
main, basic@0001296c, basic@0001287d
main, basic@0001287d, basic@0001289f
main, basic@0001289f, basic@000128aa
main, basic@000128aa, basic@000128aa
main, basic@000128aa, basic@000128aa
main, basic@000128aa, basic@000128ac
main, basic@000128aa, basic@000128ac
main, basic@000128ac, basic@000128ba
main, basic@000128d4, basic@000128ba
main, basic@000128ba, basic@000128c2
main, basic@000128c2, basic@000128d4
main, basic@000128ba, basic@000128f5
main, basic@000128c2, basic@000128f5
main, basic@000128f5, basic@00012905
main, basic@00012905, basic@0001295f
main, basic@0001295f, basic@00012963
main, basic@0001295f, basic@0001296c
main, basic@00012963, basic@0001296c
main, basic@0001287d, basic@00012974
main, basic@00012974, basic@00012984
main, basic@00012974, basic@00012990
main, basic@00012984, basic@00012990
main, basic@0001283f, basic@000129c8
main, basic@000129c8, basic@00012b1b
main, basic@00012a1f, basic@000129e3
main, basic@00012b1b, basic@000129e3
main, basic@000129c8, basic@000129e3
main, basic@000129e3, basic@000129f5
main, basic@000129f5, basic@00012afc
main, basic@00012afc, basic@00012b00
main, basic@00012afc, basic@00012b09
main, basic@00012b00, basic@00012b09
main, basic@000129f5, basic@00012a1f
main, basic@00012b00, basic@00012a1f
main, basic@00012b09, basic@00012a1f
main, basic@00012a90, basic@00012aa2
main, basic@00012aa2, basic@00012af2
main, basic@00012af2, basic@00012ab3
main, basic@00012aa2, basic@00012ab3
main, basic@000126a8, basic@000125cf
main, basic@00012ab3, basic@000125cf
main, basic@000125aa, basic@000125cf
main, basic@000129e3, basic@000125cf
main, basic@000125cf, basic@000125d9
main, basic@000125cf, basic@000125e5
main, basic@000125d9, basic@000125e5
main, basic@000125e5, basic@00012622
main, basic@00012626, basic@00012622
main, basic@00012622, basic@00012626
main, basic@00012646, basic@0001263e
main, basic@00012622, basic@0001263e
main, basic@0001263e, basic@00012646
main, basic@00012815, basic@0001280d
main, basic@0001263e, basic@0001280d
main, basic@0001280d, basic@00012815
main, basic@000128e3, basic@000128df
main, basic@0001280d, basic@000128df
main, basic@000128df, basic@000128e3
main, basic@000128df, basic@00012934
main, basic@0001293e, basic@00012934
main, basic@00012934, basic@0001293e
main, basic@00012934, basic@00012954
_start, basic@00012c0f, basic@00012c40
_start, basic@00012c40, basic@00012c40
__do_global_dtors_aux, basic@00012cf0, basic@00012d0b
__do_global_dtors_aux, basic@00012cf0, basic@00012d32
__do_global_dtors_aux, basic@00012d0b, basic@00012d32
frame_dummy, basic@00012d40, basic@00012d70
frame_dummy, basic@00012d40, basic@00012d5e
frame_dummy, basic@00012d70, basic@00012d5e
end_of_line, basic@00012d90, basic@00012fc0
end_of_line, basic@00012fc0, basic@00012fce
end_of_line, basic@00012fc8, basic@00012fce
end_of_line, basic@00012fce, basic@00012fd2
end_of_line, basic@00012fce, basic@00012fd7
end_of_line, basic@00012fd2, basic@00012fd7
end_of_line, basic@00012fd7, basic@00012fdf
end_of_line, basic@00012fdf, basic@00012f54
end_of_line, basic@00012fd2, basic@00012fc8
end_of_line, basic@00012fdf, basic@00012fc8
end_of_line, basic@00012d90, basic@00012db3
end_of_line, basic@00012db3, basic@00012f60
end_of_line, basic@00012f60, basic@00012f65
end_of_line, basic@00012f65, basic@00012f69
end_of_line, basic@00012f69, basic@00012f6c
end_of_line, basic@00012f77, basic@00012f6c
end_of_line, basic@00012f6c, basic@00012f70
end_of_line, basic@00012f70, basic@00012f77
end_of_line, basic@00012db3, basic@00012db9
end_of_line, basic@00012db9, basic@00012e80
end_of_line, basic@00012e80, basic@00012e88
end_of_line, basic@00012e88, basic@00012e99
end_of_line, basic@00012f34, basic@00012e99
end_of_line, basic@00012e99, basic@00012eaa
end_of_line, basic@00012e99, basic@00013038
end_of_line, basic@00012eaa, basic@00013038
end_of_line, basic@00012eaa, basic@00012eb5
end_of_line, basic@00012eb5, basic@000130a7
end_of_line, basic@00012eb5, basic@00012ed9
end_of_line, basic@00012ed9, basic@00012ee0
end_of_line, basic@00012ee0, basic@00012ee0
end_of_line, basic@00012ee0, basic@00012ef6
end_of_line, basic@00012ef6, basic@00012ef9
end_of_line, basic@000130a7, basic@00012ef9
end_of_line, basic@00013038, basic@00012ef9
end_of_line, basic@00012ef9, basic@00013075
end_of_line, basic@00013075, basic@00013081
end_of_line, basic@00013075, basic@00012f54
end_of_line, basic@00013081, basic@00012f54
end_of_line, basic@00013081, basic@00012f54
end_of_line, basic@00012ef9, basic@00012f04
end_of_line, basic@00012f04, basic@00012f2b
end_of_line, basic@00012f04, basic@00012f06
end_of_line, basic@00012f06, basic@00012f54
end_of_line, basic@00012f06, basic@00012f12
end_of_line, basic@00012f12, basic@00012f14
end_of_line, basic@00012f14, basic@00012f1f
end_of_line, basic@00012f12, basic@00012f34
end_of_line, basic@00012f14, basic@00012f34
end_of_line, basic@00012f2b, basic@00012f34
end_of_line, basic@00012db9, basic@00012dc2
end_of_line, basic@00012dc2, basic@00012f98
end_of_line, basic@00012f60, basic@00012f98
end_of_line, basic@00012f98, basic@00012f9c
end_of_line, basic@00012f9c, basic@00012f9f
end_of_line, basic@00012faf, basic@00012f9f
end_of_line, basic@00012f9f, basic@00012fa8
end_of_line, basic@00012fa8, basic@00012faf
end_of_line, basic@00012f9f, basic@00012f7c
end_of_line, basic@00012f6c, basic@00012f7c
end_of_line, basic@00012dc2, basic@00012dcb
end_of_line, basic@00012dcb, basic@00012dd3
end_of_line, basic@00012dd3, basic@00012de4
end_of_line, basic@00013048, basic@00012de4
end_of_line, basic@00012de4, basic@00012df5
end_of_line, basic@00012de4, basic@00013028
end_of_line, basic@00012df5, basic@00013028
end_of_line, basic@00012df5, basic@00012e00
end_of_line, basic@00012e00, basic@0001309f
end_of_line, basic@00012e00, basic@00012e24
end_of_line, basic@00012e24, basic@00012e28
end_of_line, basic@00012e28, basic@00012e28
end_of_line, basic@00012e28, basic@00012e3e
end_of_line, basic@00012e3e, basic@00012e41
end_of_line, basic@0001309f, basic@00012e41
end_of_line, basic@00013028, basic@00012e41
end_of_line, basic@00012e41, basic@00013010
end_of_line, basic@00012f2b, basic@00013010
end_of_line, basic@00012e41, basic@00012e4c
end_of_line, basic@00012e4c, basic@00012e55
end_of_line, basic@00012e55, basic@00012e65
end_of_line, basic@00012e55, basic@00012f54
end_of_line, basic@00012e65, basic@00012f54
end_of_line, basic@00012e65, basic@00012e6e
end_of_line, basic@00012e4c, basic@00013048
end_of_line, basic@00012dcb, basic@00012f48
end_of_line, basic@00012f98, basic@00012f48
end_of_line, basic@00012fa8, basic@00012f48
end_of_line, basic@00012e80, basic@00012f48
end_of_line, basic@00012f65, basic@00012f48
end_of_line, basic@00012f70, basic@00012f48
end_of_line, basic@00012fd7, basic@00012f48
end_of_line, basic@00012f34, basic@00012f48
end_of_line, basic@00013048, basic@00012f48
test_incexc, basic@000130b0, basic@000130e7
test_incexc, basic@000130e0, basic@000130e7
test_incexc, basic@000130e7, basic@00013105
test_incexc, basic@000130e7, basic@000130e0
test_incexc, basic@000130e0, basic@00013110
test_incexc, basic@000130b0, basic@00013110
test_incexc, basic@00013136, basic@00013118
test_incexc, basic@00013110, basic@00013118
test_incexc, basic@00013118, basic@00013136
test_incexc, basic@00013136, basic@00013105
test_incexc, basic@00013110, basic@00013140
test_incexc, basic@00013118, basic@00013140
read_one_line, basic@00013150, basic@00013182
read_one_line, basic@0001317d, basic@00013182
read_one_line, basic@00013182, basic@00013193
read_one_line, basic@00013182, basic@00013170
read_one_line, basic@00013170, basic@00013193
read_one_line, basic@00013170, basic@0001317d
read_one_line, basic@0001317d, basic@00013193
pcregrep_exit, basic@000131a0, basic@000131c3
pcregrep_exit, basic@000131a0, basic@000131ba
pcregrep_exit, basic@000131c3, basic@000131ba
match_patterns, basic@00013200, basic@00013358
match_patterns, basic@00013200, basic@00013226
match_patterns, basic@00013226, basic@00013238
match_patterns, basic@00013358, basic@00013238
match_patterns, basic@00013238, basic@00013241
match_patterns, basic@00013241, basic@0001324b
match_patterns, basic@0001327f, basic@0001324b
match_patterns, basic@0001324b, basic@00013339
match_patterns, basic@0001324b, basic@0001327a
match_patterns, basic@0001327a, basic@00013290
match_patterns, basic@00013290, basic@000132bc
match_patterns, basic@00013290, basic@000132d0
match_patterns, basic@000132bc, basic@000132d0
match_patterns, basic@000132d0, basic@0001331a
match_patterns, basic@000132d0, basic@00013348
match_patterns, basic@0001331a, basic@00013348
match_patterns, basic@0001331a, basic@0001331f
match_patterns, basic@00013348, basic@0001331f
match_patterns, basic@0001331f, basic@00013377
match_patterns, basic@0001331f, basic@00013339
match_patterns, basic@0001327a, basic@0001327f
match_patterns, basic@00013238, basic@00013288
match_patterns, basic@0001327f, basic@00013288
do_after_lines, basic@000133a0, basic@000133dd
do_after_lines, basic@000133dd, basic@000133eb
do_after_lines, basic@000133eb, basic@00013447
do_after_lines, basic@00013438, basic@00013447
do_after_lines, basic@00013447, basic@0001344f
do_after_lines, basic@00013447, basic@00013466
do_after_lines, basic@0001344f, basic@00013466
do_after_lines, basic@00013466, basic@00013470
do_after_lines, basic@00013466, basic@00013408
do_after_lines, basic@00013470, basic@00013408
do_after_lines, basic@00013408, basic@00013438
do_after_lines, basic@000133a0, basic@000134a0
do_after_lines, basic@000133dd, basic@000134a0
do_after_lines, basic@00013408, basic@000134a0
do_after_lines, basic@00013438, basic@000134a0
do_after_lines, basic@000134a0, basic@000134b7
do_after_lines, basic@000134a0, basic@000134bf
do_after_lines, basic@000134bf, basic@000134f3
do_after_lines, basic@000134f3, basic@00013500
do_after_lines, basic@000134f3, basic@00013506
do_after_lines, basic@00013500, basic@00013506
do_after_lines, basic@000134bf, basic@0001350a
add_number, basic@000134d0, basic@0001350a
add_number, basic@000134d0, basic@000134f3
add_number, basic@000134f3, basic@00013500
add_number, basic@000134f3, basic@00013506
add_number, basic@00013500, basic@00013506
add_pattern, basic@00013530, basic@000135ca
add_pattern, basic@00013530, basic@00013556
add_pattern, basic@00013556, basic@000135a8
add_pattern, basic@00013556, basic@00013569
add_pattern, basic@00013569, basic@00013598
add_pattern, basic@00013569, basic@00013584
add_pattern, basic@00013584, basic@0001358c
add_pattern, basic@000135a8, basic@0001358c
pcregrep, basic@000135f0, basic@00013ac3
pcregrep, basic@000135f0, basic@00013659
pcregrep, basic@00013659, basic@00013acd
pcregrep, basic@00013ac3, basic@00013acd
pcregrep, basic@00013659, basic@00013667
pcregrep, basic@00013667, basic@00013689
pcregrep, basic@00013acd, basic@00013689
pcregrep, basic@00013689, basic@000136a9
pcregrep, basic@000136a9, basic@00013b09
pcregrep, basic@000136a9, basic@000136ba
pcregrep, basic@00013b09, basic@00013b1c
pcregrep, basic@000136ba, basic@00013b1c
pcregrep, basic@00013689, basic@000136ce
pcregrep, basic@00013b1c, basic@000136ce
pcregrep, basic@00013b1c, basic@00013af5
pcregrep, basic@00013af5, basic@00013afa
pcregrep, basic@000136ce, basic@000136d8
pcregrep, basic@00013afa, basic@000136d8
pcregrep, basic@000136d8, basic@000136ea
pcregrep, basic@000136ea, basic@0001373d
pcregrep, basic@00013d9b, basic@0001373d
pcregrep, basic@00013eb4, basic@0001373d
pcregrep, basic@0001373d, basic@00013788
pcregrep, basic@0001373d, basic@0001379a
pcregrep, basic@00013788, basic@0001379a
pcregrep, basic@0001379a, basic@0001379e
pcregrep, basic@0001379e, basic@00013b23
pcregrep, basic@00013b23, basic@00014a6d
pcregrep, basic@00013b23, basic@00013b31
pcregrep, basic@00013b31, basic@00013b37
pcregrep, basic@00014a6d, basic@00013b37
pcregrep, basic@0001379a, basic@000137b2
pcregrep, basic@0001379e, basic@000137b2
pcregrep, basic@000137b2, basic@000137d8
pcregrep, basic@00013a17, basic@000137d8
pcregrep, basic@000137d8, basic@00013808
pcregrep, basic@00013808, basic@00013ed0
pcregrep, basic@00013808, basic@00013817
pcregrep, basic@00013817, basic@00013825
pcregrep, basic@00013825, basic@00013f0f
pcregrep, basic@00013825, basic@00013833
pcregrep, basic@00013833, basic@00013f6d
pcregrep, basic@00013833, basic@00013841
pcregrep, basic@00013841, basic@00013f91
pcregrep, basic@00013f91, basic@00013f79
pcregrep, basic@00013f6d, basic@00013f79
pcregrep, basic@00013841, basic@0001384a
pcregrep, basic@0001384a, basic@00013f9f
pcregrep, basic@00013f9f, basic@00013fb9
pcregrep, basic@00013f9f, basic@00014144
pcregrep, basic@00013fb9, basic@00014144
pcregrep, basic@00013fb9, basic@00013fc7
pcregrep, basic@00013fc7, basic@00014a12
pcregrep, basic@00013fc7, basic@00013fdb
pcregrep, basic@00013fdb, basic@00014008
pcregrep, basic@00014000, basic@00014008
pcregrep, basic@00014008, basic@00014000
pcregrep, basic@00014008, basic@00014022
pcregrep, basic@00014000, basic@00014022
pcregrep, basic@00014022, basic@00014a7a
pcregrep, basic@00014022, basic@000140a4
pcregrep, basic@00014060, basic@000140a4
pcregrep, basic@000140a4, basic@000140ae
pcregrep, basic@000140a4, basic@000140c1
pcregrep, basic@000140ae, basic@000140c1
pcregrep, basic@000140c1, basic@000140cb
pcregrep, basic@000140c1, basic@00014060
pcregrep, basic@000140cb, basic@00014060
pcregrep, basic@00014a12, basic@00014503
pcregrep, basic@00014060, basic@00014503
pcregrep, basic@00014503, basic@00014515
pcregrep, basic@00014a7a, basic@00014515
pcregrep, basic@00014503, basic@000149c9
pcregrep, basic@000149c9, basic@00014162
pcregrep, basic@00014144, basic@00014162
pcregrep, basic@00014515, basic@0001451f
pcregrep, basic@00014162, basic@0001451f
pcregrep, basic@0001451f, basic@00014174
pcregrep, basic@00014162, basic@00014174
pcregrep, basic@00014174, basic@00014188
pcregrep, basic@00014188, basic@000141d0
pcregrep, basic@000143bb, basic@000141d0
pcregrep, basic@000143c5, basic@000141d0
pcregrep, basic@00014410, basic@000141d0
pcregrep, basic@000143ed, basic@000141d0
pcregrep, basic@000143f2, basic@000141d0
pcregrep, basic@00014305, basic@000141d0
pcregrep, basic@00014239, basic@000141d0
pcregrep, basic@00014256, basic@000141d0
pcregrep, basic@0001443a, basic@000141d0
pcregrep, basic@00014457, basic@000141d0
pcregrep, basic@0001426a, basic@000141d0
pcregrep, basic@0001446e, basic@000141d0
pcregrep, basic@000144bb, basic@000141d0
pcregrep, basic@000144bf, basic@000141d0
pcregrep, basic@000141d0, basic@000141e2
pcregrep, basic@000141e2, basic@00014204
pcregrep, basic@000141e2, basic@000146ac
pcregrep, basic@00014204, basic@000146ac
pcregrep, basic@000141d0, basic@000146ac
pcregrep, basic@000146ac, basic@000146c4
pcregrep, basic@000146c4, basic@000149a9
pcregrep, basic@000146ac, basic@000146cc
pcregrep, basic@000146c4, basic@000146cc
pcregrep, basic@000149a9, basic@000146cc
pcregrep, basic@000146cc, basic@000146ea
pcregrep, basic@00014700, basic@000146ea
pcregrep, basic@000146ea, basic@00014740
pcregrep, basic@00014740, basic@0001474a
pcregrep, basic@00014740, basic@0001475d
pcregrep, basic@0001474a, basic@0001475d
pcregrep, basic@0001475d, basic@00014767
pcregrep, basic@0001475d, basic@00014700
pcregrep, basic@00014767, basic@00014700
pcregrep, basic@000146ea, basic@000147a5
pcregrep, basic@00014204, basic@00014216
pcregrep, basic@00014216, basic@0001422a
pcregrep, basic@0001422a, basic@0001422c
pcregrep, basic@0001422c, basic@00014239
pcregrep, basic@00014239, basic@00014252
pcregrep, basic@00014252, basic@00014256
pcregrep, basic@00014260, basic@00014256
pcregrep, basic@00014256, basic@0001426a
pcregrep, basic@0001426a, basic@00014260
pcregrep, basic@0001422a, basic@00014288
pcregrep, basic@00014288, basic@00014295
pcregrep, basic@00014295, basic@000142a6
pcregrep, basic@000142a6, basic@000142ae
pcregrep, basic@000142ae, basic@000147e5
pcregrep, basic@00014295, basic@000142b8
pcregrep, basic@000142a6, basic@000142b8
pcregrep, basic@000142ae, basic@000142b8
pcregrep, basic@000147e5, basic@000142b8
pcregrep, basic@000142b8, basic@000142c2
pcregrep, basic@000142c2, basic@000142ce
pcregrep, basic@000142e0, basic@000142ce
pcregrep, basic@000142ce, basic@000142e0
pcregrep, basic@000142b8, basic@00014305
pcregrep, basic@000142ce, basic@00014305
pcregrep, basic@00014410, basic@00014305
pcregrep, basic@000143c5, basic@00014305
pcregrep, basic@000143f2, basic@00014305
pcregrep, basic@00014305, basic@00014320
pcregrep, basic@00014320, basic@000143e0
pcregrep, basic@00014320, basic@0001433d
pcregrep, basic@0001433d, basic@0001434c
pcregrep, basic@00014350, basic@0001434c
pcregrep, basic@0001434c, basic@00014350
pcregrep, basic@0001434c, basic@00014363
pcregrep, basic@00014363, basic@0001436b
pcregrep, basic@0001436b, basic@0001438a
pcregrep, basic@0001438a, basic@00014398
pcregrep, basic@00014398, basic@00014398
pcregrep, basic@00014363, basic@000143b2
pcregrep, basic@0001436b, basic@000143b2
pcregrep, basic@00014398, basic@000143b2
pcregrep, basic@000143b2, basic@000143ed
pcregrep, basic@000143e0, basic@000143ed
pcregrep, basic@000143ed, basic@000143f2
pcregrep, basic@000143b2, basic@000143bb
pcregrep, basic@000143e0, basic@000143bb
pcregrep, basic@000143bb, basic@000143c3
pcregrep, basic@000143c3, basic@000143c5
pcregrep, basic@000143c3, basic@00014410
pcregrep, basic@0001422c, basic@0001443a
pcregrep, basic@00014288, basic@0001443a
pcregrep, basic@0001443a, basic@00014453
pcregrep, basic@00014453, basic@00014457
pcregrep, basic@00014468, basic@00014457
pcregrep, basic@00014457, basic@0001446e
pcregrep, basic@0001446e, basic@00014468
pcregrep, basic@000144bf, basic@00014490
pcregrep, basic@00014216, basic@00014490
pcregrep, basic@00014490, basic@00014497
pcregrep, basic@00014497, basic@0001449b
pcregrep, basic@000144a8, basic@0001449b
pcregrep, basic@0001449b, basic@000144ae
pcregrep, basic@000144ae, basic@000144a8
pcregrep, basic@00014490, basic@000144bb
pcregrep, basic@0001449b, basic@000144bb
pcregrep, basic@000144ae, basic@000144bb
pcregrep, basic@000144bb, basic@000144bf
pcregrep, basic@000147a5, basic@000147bb
pcregrep, basic@00014174, basic@000147bb
pcregrep, basic@000147a5, basic@0001456a
pcregrep, basic@000147bb, basic@0001456a
pcregrep, basic@0001456a, basic@00014574
pcregrep, basic@000147bb, basic@00014574
pcregrep, basic@00014574, basic@0001457e
pcregrep, basic@00014574, basic@00014598
pcregrep, basic@0001457e, basic@00014598
pcregrep, basic@00014598, basic@00014677
pcregrep, basic@00014598, basic@000145a6
pcregrep, basic@00014677, basic@000145a6
pcregrep, basic@000145a6, basic@000145be
pcregrep, basic@000145f0, basic@000145f3
pcregrep, basic@000145be, basic@000145f3
pcregrep, basic@000145f3, basic@000145f0
pcregrep, basic@000145f3, basic@0001460e
pcregrep, basic@000145be, basic@00014627
pcregrep, basic@0001460e, basic@00014627
pcregrep, basic@000145a6, basic@00014639
pcregrep, basic@00014627, basic@00014639
pcregrep, basic@00014639, basic@00014643
pcregrep, basic@00014639, basic@0001464d
pcregrep, basic@00014643, basic@0001464d
pcregrep, basic@00014643, basic@000147fe
pcregrep, basic@000148b4, basic@00014937
pcregrep, basic@000147fe, basic@00014937
pcregrep, basic@00014937, basic@00014966
pcregrep, basic@00014937, basic@000148b4
pcregrep, basic@000147fe, basic@0001497a
pcregrep, basic@00014966, basic@0001497a
pcregrep, basic@000148b4, basic@0001497a
pcregrep, basic@0001497a, basic@00014986
pcregrep, basic@0001384a, basic@00013858
pcregrep, basic@0001464d, basic@00013f24
pcregrep, basic@0001497a, basic@00013f24
pcregrep, basic@00014986, basic@00013f24
pcregrep, basic@00013f0f, basic@00013f24
pcregrep, basic@00013858, basic@00013f24
pcregrep, basic@00013f24, basic@00014113
pcregrep, basic@00013f24, basic@00013f2a
pcregrep, basic@00014113, basic@00013f2a
pcregrep, basic@00013858, basic@00013860
pcregrep, basic@00013860, basic@0001386a
pcregrep, basic@00013860, basic@00013884
pcregrep, basic@0001386a, basic@00013884
pcregrep, basic@00013884, basic@00013a80
pcregrep, basic@00013884, basic@00013892
pcregrep, basic@00013a80, basic@00013892
pcregrep, basic@00013892, basic@000138a0
pcregrep, basic@000138a0, basic@00013aa8
pcregrep, basic@00013aa8, basic@00013a43
pcregrep, basic@00013892, basic@00013a43
pcregrep, basic@000138a0, basic@000138ae
pcregrep, basic@000138ae, basic@00013b7a
pcregrep, basic@000138ae, basic@000138bc
pcregrep, basic@000138bc, basic@00013917
pcregrep, basic@0001390d, basic@00013917
pcregrep, basic@000139b0, basic@00013917
pcregrep, basic@00013917, basic@00013922
pcregrep, basic@00013922, basic@0001393c
pcregrep, basic@0001393c, basic@0001394a
pcregrep, basic@0001394a, basic@000138c8
pcregrep, basic@0001393c, basic@000138c8
pcregrep, basic@000138c8, basic@00013977
pcregrep, basic@000138c8, basic@000138ce
pcregrep, basic@00013977, basic@000138ce
pcregrep, basic@000138ce, basic@000139b0
pcregrep, basic@00013917, basic@0001390d
pcregrep, basic@00013922, basic@0001390d
pcregrep, basic@000138ce, basic@0001390d
pcregrep, basic@0001390d, basic@000139e0
pcregrep, basic@00013b7a, basic@000139e0
pcregrep, basic@000139b0, basic@000139e0
pcregrep, basic@000139e0, basic@000139ea
pcregrep, basic@000139ea, basic@000139ee
pcregrep, basic@000139e0, basic@000139f8
pcregrep, basic@000139ea, basic@000139f8
pcregrep, basic@000139ee, basic@000139f8
pcregrep, basic@00013a43, basic@00013a64
pcregrep, basic@000139ee, basic@00013a64
pcregrep, basic@000139f8, basic@00013a64
pcregrep, basic@00013a64, basic@00013a66
pcregrep, basic@00013a64, basic@00013a17
pcregrep, basic@00013a66, basic@00013a17
pcregrep, basic@000137d8, basic@00013b81
pcregrep, basic@00013f2a, basic@00013b98
pcregrep, basic@00013b81, basic@00013b98
pcregrep, basic@00013b98, basic@00013bac
pcregrep, basic@00013bac, basic@00013bba
pcregrep, basic@00013bba, basic@00013bc8
pcregrep, basic@00013bc8, basic@00013bde
pcregrep, basic@00013bde, basic@00013c11
pcregrep, basic@00013c0e, basic@00013c11
pcregrep, basic@00013c11, basic@00013c08
pcregrep, basic@00013c08, basic@000147c6
pcregrep, basic@00013c08, basic@00013c0e
pcregrep, basic@000147c6, basic@00013c3a
pcregrep, basic@00013bc8, basic@00013c3a
pcregrep, basic@00013c11, basic@00013c3a
pcregrep, basic@00013b98, basic@00013c80
pcregrep, basic@00013c3a, basic@00013c80
pcregrep, basic@00013bac, basic@00013c80
pcregrep, basic@00013bba, basic@00013c80
pcregrep, basic@00013c80, basic@00013ca6
pcregrep, basic@00013ca6, basic@00013e73
pcregrep, basic@00013c80, basic@00013ea2
pcregrep, basic@00013e73, basic@00013ea2
pcregrep, basic@00013ea2, basic@00013eb4
pcregrep, basic@00013ca6, basic@00013cb8
pcregrep, basic@00013ea2, basic@00013cb8
pcregrep, basic@00013cb8, basic@00013cd6
pcregrep, basic@00013cd6, basic@00013ce2
pcregrep, basic@00013ce2, basic@00013cec
pcregrep, basic@00013cec, basic@00013cf4
pcregrep, basic@00013cd6, basic@00013d32
pcregrep, basic@00013ce2, basic@00013d32
pcregrep, basic@00013cec, basic@00013d32
pcregrep, basic@00013cf4, basic@00013d32
pcregrep, basic@00013d32, basic@0001412b
pcregrep, basic@00013d32, basic@00013d5d
pcregrep, basic@00013d5d, basic@00013d71
pcregrep, basic@0001412b, basic@00013d71
pcregrep, basic@00013d71, basic@00013d8f
pcregrep, basic@00013cb8, basic@00013d9b
pcregrep, basic@00013d71, basic@00013d9b
pcregrep, basic@00013d8f, basic@00013d9b
pcregrep, basic@000136d8, basic@000149e0
pcregrep, basic@000149e0, basic@00013db5
pcregrep, basic@00013d9b, basic@00013db5
pcregrep, basic@00013eb4, basic@00013db5
pcregrep, basic@00013db5, basic@00013dbf
pcregrep, basic@00013dbf, basic@00013eda
pcregrep, basic@00013dbf, basic@00013dcd
pcregrep, basic@00013dcd, basic@00013dd7
pcregrep, basic@00013dd7, basic@00013de1
pcregrep, basic@00013dcd, basic@00013dfe
pcregrep, basic@00013dd7, basic@00013dfe
pcregrep, basic@00013de1, basic@00013dfe
pcregrep, basic@00013db5, basic@00013e0a
pcregrep, basic@00013dfe, basic@00013e0a
pcregrep, basic@00013e0a, basic@00013ee9
pcregrep, basic@00013eda, basic@00013ee9
pcregrep, basic@00013817, basic@00013f08
pcregrep, basic@00013ee9, basic@00013f08
pcregrep, basic@00013e0a, basic@00013e19
pcregrep, basic@00013e19, basic@00013e23
pcregrep, basic@00013eda, basic@00013e23
pcregrep, basic@00013e23, basic@00013e2d
pcregrep, basic@00013e2d, basic@00014a58
pcregrep, basic@00013e2d, basic@00013e3b
pcregrep, basic@00014a58, basic@00013e3b
pcregrep, basic@00013e3b, basic@00013e3f
pcregrep, basic@00014a34, basic@00013e53
pcregrep, basic@00013e3b, basic@00013e53
pcregrep, basic@00013e3f, basic@00013e53
pcregrep, basic@00013f08, basic@00013b60
pcregrep, basic@00013f79, basic@00013b60
pcregrep, basic@00013ed0, basic@00013b60
pcregrep, basic@00013b37, basic@00013b60
pcregrep, basic@00013af5, basic@00013b60
pcregrep, basic@00014a58, basic@00013b60
pcregrep, basic@00013e19, basic@00013b60
pcregrep, basic@00013e23, basic@00013b60
pcregrep, basic@00013e53, basic@00013b60
pcregrep, basic@00013b60, basic@00013b72
pcregrep, basic@00013b60, basic@00014a2f
pcregrep, basic@00013e3f, basic@00014a34
pcregrep, basic@00014a2f, basic@00014a34
grep_or_recurse, basic@00014aa0, basic@00014add
grep_or_recurse, basic@00014add, basic@00014ae0
grep_or_recurse, basic@00014aa0, basic@00014ae0
grep_or_recurse, basic@00014ae0, basic@00014afb
grep_or_recurse, basic@00014ae0, basic@00014bc0
grep_or_recurse, basic@00014afb, basic@00014bc0
grep_or_recurse, basic@00014bc0, basic@00014bd3
grep_or_recurse, basic@00014bd3, basic@00014be3
grep_or_recurse, basic@00014bc0, basic@00014bec
grep_or_recurse, basic@00014bd3, basic@00014bec
grep_or_recurse, basic@00014be3, basic@00014bec
grep_or_recurse, basic@00014afb, basic@00014b0f
grep_or_recurse, basic@00014b0f, basic@00014b1c
grep_or_recurse, basic@00014b1c, basic@00014b3d
grep_or_recurse, basic@00014b3d, basic@00014b4c
grep_or_recurse, basic@00014bec, basic@00014b4c
grep_or_recurse, basic@00014b4c, basic@00014b69
grep_or_recurse, basic@00014b69, basic@00014d58
grep_or_recurse, basic@00014d58, basic@00014d63
grep_or_recurse, basic@00014d58, basic@00014d6c
grep_or_recurse, basic@00014d63, basic@00014d6c
grep_or_recurse, basic@00014b69, basic@00014b7a
grep_or_recurse, basic@00014d63, basic@00014b7a
grep_or_recurse, basic@00014d6c, basic@00014b7a
grep_or_recurse, basic@00014b4c, basic@00014c20
grep_or_recurse, basic@00014c20, basic@00014c33
grep_or_recurse, basic@00014b3d, basic@00014c6a
grep_or_recurse, basic@00014d20, basic@00014ca0
grep_or_recurse, basic@00014d31, basic@00014ca0
grep_or_recurse, basic@00014c6a, basic@00014ca0
grep_or_recurse, basic@00014ca0, basic@00014cb0
grep_or_recurse, basic@00014cf0, basic@00014cb0
grep_or_recurse, basic@00014cb0, basic@00014d20
grep_or_recurse, basic@00014d20, basic@00014d2c
grep_or_recurse, basic@00014d2c, basic@00014d31
grep_or_recurse, basic@00014cb0, basic@00014cb6
grep_or_recurse, basic@00014d2c, basic@00014cb6
grep_or_recurse, basic@00014d31, basic@00014cb6
grep_or_recurse, basic@00014cb6, basic@00014d40
grep_or_recurse, basic@00014d40, basic@00014d44
grep_or_recurse, basic@00014d40, basic@00014d4b
grep_or_recurse, basic@00014d44, basic@00014d4b
grep_or_recurse, basic@00014cb6, basic@00014cf0
grep_or_recurse, basic@00014d44, basic@00014cf0
grep_or_recurse, basic@00014d4b, basic@00014cf0
grep_or_recurse, basic@00014ca0, basic@00014d08
grep_or_recurse, basic@00014cf0, basic@00014d08
grep_or_recurse, basic@00014c6a, basic@00014d73
grep_or_recurse, basic@00014d73, basic@00014d81
grep_or_recurse, basic@00014c33, basic@00014c4f
grep_or_recurse, basic@00014d81, basic@00014c4f
grep_or_recurse, basic@00014b0f, basic@00014c0d
grep_or_recurse, basic@00014b1c, basic@00014c0d
grep_or_recurse, basic@00014be3, basic@00014c0d
grep_or_recurse, basic@00014bec, basic@00014c0d
grep_or_recurse, basic@00014b7a, basic@00014b96
grep_or_recurse, basic@00014c20, basic@00014b96
grep_or_recurse, basic@00014c4f, basic@00014b96
grep_or_recurse, basic@00014d08, basic@00014b96
grep_or_recurse, basic@00014d73, basic@00014b96
grep_or_recurse, basic@00014c0d, basic@00014b96
grep_or_recurse, basic@00014b96, basic@00014bac
grep_or_recurse, basic@00014b96, basic@00014da2
grep_or_recurse, basic@00014da2, basic@00014dc5
grep_or_recurse, basic@00014dc5, basic@00014dcb
grep_or_recurse, basic@00014dcb, basic@00014e00
grep_or_recurse, basic@00014e00, basic@00014e04
grep_or_recurse, basic@00014e00, basic@00014e09
grep_or_recurse, basic@00014e04, basic@00014e09
grep_or_recurse, basic@00014e09, basic@00014dde
grep_or_recurse, basic@00014dcb, basic@00014dde
grep_or_recurse, basic@00014e04, basic@00014dde
grep_or_recurse, basic@00014da2, basic@00014df0
grep_or_recurse, basic@00014dc5, basic@00014df0
grep_or_recurse, basic@00014db0, basic@00014dc5
grep_or_recurse, basic@00014dc5, basic@00014dcb
grep_or_recurse, basic@00014dcb, basic@00014e00
grep_or_recurse, basic@00014e00, basic@00014e04
grep_or_recurse, basic@00014e00, basic@00014e09
grep_or_recurse, basic@00014e04, basic@00014e09
grep_or_recurse, basic@00014e09, basic@00014dde
grep_or_recurse, basic@00014dcb, basic@00014dde
grep_or_recurse, basic@00014e04, basic@00014dde
grep_or_recurse, basic@00014db0, basic@00014df0
grep_or_recurse, basic@00014dc5, basic@00014df0
usage, basic@00014e20, basic@00014e57
usage, basic@00014e72, basic@00014e57
usage, basic@00014e57, basic@00014e60
usage, basic@00014e60, basic@00014e64
usage, basic@00014e60, basic@00014e72
usage, basic@00014e64, basic@00014e72
usage, basic@00014e57, basic@00014e7c
decode_number, basic@00014eb0, basic@00014f79
decode_number, basic@00014eb0, basic@00014ed7
decode_number, basic@00014ed7, basic@00014efa
decode_number, basic@00014ef0, basic@00014efa
decode_number, basic@00014efa, basic@00014ef0
decode_number, basic@00014efa, basic@00014f01
decode_number, basic@00014f01, basic@00014f04
decode_number, basic@00014ef0, basic@00014f04
decode_number, basic@00014f79, basic@00014f04
decode_number, basic@00014f04, basic@00014f20
decode_number, basic@00014f10, basic@00014f20
decode_number, basic@00014f20, basic@00014f10
decode_number, basic@00014f20, basic@00014f2a
decode_number, basic@00014f2a, basic@00014f60
decode_number, basic@00014f2a, basic@00014f46
decode_number, basic@00014f46, basic@00014f70
decode_number, basic@00014f46, basic@00014f4b
decode_number, basic@00014f70, basic@00014f4b
decode_number, basic@00014f60, basic@00014f4b
decode_number, basic@00014f4b, basic@00014f8c
decode_number, basic@00014f8c, basic@00014fe7
decode_number, basic@00014f8c, basic@00014f94
decode_number, basic@00014f94, basic@00014fb0
decode_number, basic@00014f94, basic@00014fbe
decode_number, basic@00014fb0, basic@00014fbe
decode_number, basic@00014fbe, basic@00014fca
decode_number, basic@00014fe7, basic@00014fca
decode_number, basic@00014f4b, basic@00014f4f
handle_option, basic@00015000, basic@00015380
handle_option, basic@00015000, basic@0001502e
__libc_csu_init, basic@00015470, basic@000154a8
__libc_csu_init, basic@000154a8, basic@000154a8
__libc_csu_init, basic@000154a8, basic@000154c9
